2026-03-16T00:22:45.834+05:30  INFO 12944 --- [E_Commerce_Backend_System] [main] c.i.E.ECommerceBackendSystemApplication  : Starting ECommerceBackendSystemApplication using Java 21.0.9 with PID 12944 (D:\JAVA-PROGRAMMING\ProductionJava\E_Commerce_Backend_System\target\classes started by rkjra in D:\JAVA-PROGRAMMING\ProductionJava\E_Commerce_Backend_System)
2026-03-16T00:22:45.844+05:30  INFO 12944 --- [E_Commerce_Backend_System] [main] c.i.E.ECommerceBackendSystemApplication  : No active profile set, falling back to 1 default profile: "default"
2026-03-16T00:22:47.133+05:30  INFO 12944 --- [E_Commerce_Backend_System] [main] .s.d.r.c.RepositoryConfigurationDelegate : Bootstrapping Spring Data JPA repositories in DEFAULT mode.
2026-03-16T00:22:47.291+05:30  INFO 12944 --- [E_Commerce_Backend_System] [main] .s.d.r.c.RepositoryConfigurationDelegate : Finished Spring Data repository scanning in 135 ms. Found 6 JPA repository interfaces.
2026-03-16T00:22:48.543+05:30  INFO 12944 --- [E_Commerce_Backend_System] [main] o.s.boot.tomcat.TomcatWebServer          : Tomcat initialized with port 8080 (http)
2026-03-16T00:22:48.569+05:30  INFO 12944 --- [E_Commerce_Backend_System] [main] o.apache.catalina.core.StandardService   : Starting service [Tomcat]
2026-03-16T00:22:48.570+05:30  INFO 12944 --- [E_Commerce_Backend_System] [main] o.apache.catalina.core.StandardEngine    : Starting Servlet engine: [Apache Tomcat/11.0.18]
2026-03-16T00:22:48.698+05:30  INFO 12944 --- [E_Commerce_Backend_System] [main] b.w.c.s.WebApplicationContextInitializer : Root WebApplicationContext: initialization completed in 2758 ms
2026-03-16T00:22:49.036+05:30  INFO 12944 --- [E_Commerce_Backend_System] [main] org.hibernate.orm.jpa                    : HHH008540: Processing PersistenceUnitInfo [name: default]
2026-03-16T00:22:49.146+05:30  INFO 12944 --- [E_Commerce_Backend_System] [main] org.hibernate.orm.core                   : HHH000001: Hibernate ORM core version 7.2.4.Final
2026-03-16T00:22:50.240+05:30  INFO 12944 --- [E_Commerce_Backend_System] [main] o.s.o.j.p.SpringPersistenceUnitInfo      : No LoadTimeWeaver setup: ignoring JPA class transformer
2026-03-16T00:22:50.332+05:30  INFO 12944 --- [E_Commerce_Backend_System] [main] com.zaxxer.hikari.HikariDataSource       : ECommerceBackendSystemApplication - Starting...
2026-03-16T00:22:51.554+05:30  INFO 12944 --- [E_Commerce_Backend_System] [main] com.zaxxer.hikari.pool.HikariPool        : ECommerceBackendSystemApplication - Added connection com.mysql.cj.jdbc.ConnectionImpl@7d70ba18
2026-03-16T00:22:51.557+05:30  INFO 12944 --- [E_Commerce_Backend_System] [main] com.zaxxer.hikari.HikariDataSource       : ECommerceBackendSystemApplication - Start completed.
2026-03-16T00:22:51.761+05:30  WARN 12944 --- [E_Commerce_Backend_System] [main] org.hibernate.orm.deprecation            : HHH90000025: MySQLDialect does not need to be specified explicitly using 'hibernate.dialect' (remove the property setting and it will be selected by default)
2026-03-16T00:22:51.805+05:30  INFO 12944 --- [E_Commerce_Backend_System] [main] org.hibernate.orm.connections.pooling    : HHH10001005: Database info:
	Database JDBC URL [jdbc:mysql://localhost:3306/inctureECommerceDatabase]
	Database driver: MySQL Connector/J
	Database dialect: MySQLDialect
	Database version: 8.0.34
	Default catalog/schema: inctureECommerceDatabase/undefined
	Autocommit mode: undefined/unknown
	Isolation level: REPEATABLE_READ [default REPEATABLE_READ]
	JDBC fetch size: none
	Pool: DataSourceConnectionProvider
	Minimum pool size: undefined/unknown
	Maximum pool size: undefined/unknown
2026-03-16T00:22:53.825+05:30  INFO 12944 --- [E_Commerce_Backend_System] [main] org.hibernate.orm.core                   : HHH000489: No JTA platform available (set 'hibernate.transaction.jta.platform' to enable JTA platform integration)
2026-03-16T00:22:54.172+05:30  INFO 12944 --- [E_Commerce_Backend_System] [main] j.LocalContainerEntityManagerFactoryBean : Initialized JPA EntityManagerFactory for persistence unit 'default'
2026-03-16T00:22:54.301+05:30  INFO 12944 --- [E_Commerce_Backend_System] [main] o.s.d.j.r.query.QueryEnhancerFactories   : Hibernate is in classpath; If applicable, HQL parser will be used.
2026-03-16T00:22:55.980+05:30  INFO 12944 --- [E_Commerce_Backend_System] [main] eAuthenticationProviderManagerConfigurer : Global AuthenticationManager configured with AuthenticationProvider bean with name authenticationProvider
2026-03-16T00:22:55.980+05:30  WARN 12944 --- [E_Commerce_Backend_System] [main] r$InitializeUserDetailsManagerConfigurer : Global AuthenticationManager configured with an AuthenticationProvider bean. UserDetailsService beans will not be used by Spring Security for automatically configuring username/password login. Consider removing the AuthenticationProvider bean. Alternatively, consider using the UserDetailsService in a manually instantiated DaoAuthenticationProvider. If the current configuration is intentional, to turn off this warning, increase the logging level of 'org.springframework.security.config.annotation.authentication.configuration.InitializeUserDetailsBeanManagerConfigurer' to ERROR
2026-03-16T00:22:56.084+05:30  WARN 12944 --- [E_Commerce_Backend_System] [main] JpaBaseConfiguration$JpaWebConfiguration : spring.jpa.open-in-view is enabled by default. Therefore, database queries may be performed during view rendering. Explicitly configure spring.jpa.open-in-view to disable this warning
2026-03-16T00:22:57.178+05:30  INFO 12944 --- [E_Commerce_Backend_System] [main] o.s.boot.tomcat.TomcatWebServer          : Tomcat started on port 8080 (http) with context path '/'
2026-03-16T00:22:57.187+05:30  INFO 12944 --- [E_Commerce_Backend_System] [main] c.i.E.ECommerceBackendSystemApplication  : Started ECommerceBackendSystemApplication in 12.277 seconds (process running for 13.746)
2026-03-16T00:23:49.750+05:30  INFO 12944 --- [E_Commerce_Backend_System] [http-nio-8080-exec-3] o.a.c.c.C.[Tomcat].[localhost].[/]       : Initializing Spring DispatcherServlet 'dispatcherServlet'
2026-03-16T00:23:49.752+05:30  INFO 12944 --- [E_Commerce_Backend_System] [http-nio-8080-exec-3] o.s.web.servlet.DispatcherServlet        : Initializing Servlet 'dispatcherServlet'
2026-03-16T00:23:49.761+05:30  INFO 12944 --- [E_Commerce_Backend_System] [http-nio-8080-exec-3] o.s.web.servlet.DispatcherServlet        : Completed initialization in 8 ms
2026-03-16T00:23:49.851+05:30  WARN 12944 --- [E_Commerce_Backend_System] [http-nio-8080-exec-3] o.s.web.servlet.PageNotFound             : No mapping for GET /v3/api-docs
2026-03-16T00:23:49.878+05:30  WARN 12944 --- [E_Commerce_Backend_System] [http-nio-8080-exec-3] o.s.web.servlet.PageNotFound             : No endpoint GET /v3/api-docs.
2026-03-16T00:32:29.496+05:30  INFO 12944 --- [E_Commerce_Backend_System] [RMI TCP Connection(14)-127.0.0.1] inMXBeanRegistrar$SpringApplicationAdmin : Application shutdown requested.
2026-03-16T00:32:29.512+05:30  INFO 12944 --- [E_Commerce_Backend_System] [RMI TCP Connection(14)-127.0.0.1] o.s.boot.tomcat.GracefulShutdown         : Commencing graceful shutdown. Waiting for active requests to complete
2026-03-16T00:32:29.530+05:30  INFO 12944 --- [E_Commerce_Backend_System] [tomcat-shutdown] o.s.boot.tomcat.GracefulShutdown         : Graceful shutdown complete
2026-03-16T00:32:29.548+05:30  INFO 12944 --- [E_Commerce_Backend_System] [RMI TCP Connection(14)-127.0.0.1] j.LocalContainerEntityManagerFactoryBean : Closing JPA EntityManagerFactory for persistence unit 'default'
2026-03-16T00:32:29.566+05:30  INFO 12944 --- [E_Commerce_Backend_System] [RMI TCP Connection(14)-127.0.0.1] com.zaxxer.hikari.HikariDataSource       : ECommerceBackendSystemApplication - Shutdown initiated...
2026-03-16T00:32:29.593+05:30  INFO 12944 --- [E_Commerce_Backend_System] [RMI TCP Connection(14)-127.0.0.1] com.zaxxer.hikari.HikariDataSource       : ECommerceBackendSystemApplication - Shutdown completed.
2026-03-16T00:32:37.246+05:30  INFO 20644 --- [E_Commerce_Backend_System] [main] c.i.E.ECommerceBackendSystemApplication  : Starting ECommerceBackendSystemApplication using Java 21.0.9 with PID 20644 (D:\JAVA-PROGRAMMING\ProductionJava\E_Commerce_Backend_System\target\classes started by rkjra in D:\JAVA-PROGRAMMING\ProductionJava\E_Commerce_Backend_System)
2026-03-16T00:32:37.250+05:30  INFO 20644 --- [E_Commerce_Backend_System] [main] c.i.E.ECommerceBackendSystemApplication  : No active profile set, falling back to 1 default profile: "default"
2026-03-16T00:32:38.505+05:30  INFO 20644 --- [E_Commerce_Backend_System] [main] .s.d.r.c.RepositoryConfigurationDelegate : Bootstrapping Spring Data JPA repositories in DEFAULT mode.
2026-03-16T00:32:38.663+05:30  INFO 20644 --- [E_Commerce_Backend_System] [main] .s.d.r.c.RepositoryConfigurationDelegate : Finished Spring Data repository scanning in 137 ms. Found 6 JPA repository interfaces.
2026-03-16T00:32:39.667+05:30  INFO 20644 --- [E_Commerce_Backend_System] [main] o.s.boot.tomcat.TomcatWebServer          : Tomcat initialized with port 8080 (http)
2026-03-16T00:32:39.690+05:30  INFO 20644 --- [E_Commerce_Backend_System] [main] o.apache.catalina.core.StandardService   : Starting service [Tomcat]
2026-03-16T00:32:39.691+05:30  INFO 20644 --- [E_Commerce_Backend_System] [main] o.apache.catalina.core.StandardEngine    : Starting Servlet engine: [Apache Tomcat/11.0.18]
2026-03-16T00:32:39.793+05:30  INFO 20644 --- [E_Commerce_Backend_System] [main] b.w.c.s.WebApplicationContextInitializer : Root WebApplicationContext: initialization completed in 2461 ms
2026-03-16T00:32:40.080+05:30  INFO 20644 --- [E_Commerce_Backend_System] [main] org.hibernate.orm.jpa                    : HHH008540: Processing PersistenceUnitInfo [name: default]
2026-03-16T00:32:40.200+05:30  INFO 20644 --- [E_Commerce_Backend_System] [main] org.hibernate.orm.core                   : HHH000001: Hibernate ORM core version 7.2.4.Final
2026-03-16T00:32:40.970+05:30  INFO 20644 --- [E_Commerce_Backend_System] [main] o.s.o.j.p.SpringPersistenceUnitInfo      : No LoadTimeWeaver setup: ignoring JPA class transformer
2026-03-16T00:32:41.050+05:30  INFO 20644 --- [E_Commerce_Backend_System] [main] com.zaxxer.hikari.HikariDataSource       : ECommerceBackendSystemApplication - Starting...
2026-03-16T00:32:41.516+05:30  INFO 20644 --- [E_Commerce_Backend_System] [main] com.zaxxer.hikari.pool.HikariPool        : ECommerceBackendSystemApplication - Added connection com.mysql.cj.jdbc.ConnectionImpl@21ffc00e
2026-03-16T00:32:41.519+05:30  INFO 20644 --- [E_Commerce_Backend_System] [main] com.zaxxer.hikari.HikariDataSource       : ECommerceBackendSystemApplication - Start completed.
2026-03-16T00:32:41.624+05:30  WARN 20644 --- [E_Commerce_Backend_System] [main] org.hibernate.orm.deprecation            : HHH90000025: MySQLDialect does not need to be specified explicitly using 'hibernate.dialect' (remove the property setting and it will be selected by default)
2026-03-16T00:32:41.661+05:30  INFO 20644 --- [E_Commerce_Backend_System] [main] org.hibernate.orm.connections.pooling    : HHH10001005: Database info:
	Database JDBC URL [jdbc:mysql://localhost:3306/inctureECommerceDatabase]
	Database driver: MySQL Connector/J
	Database dialect: MySQLDialect
	Database version: 8.0.34
	Default catalog/schema: inctureECommerceDatabase/undefined
	Autocommit mode: undefined/unknown
	Isolation level: REPEATABLE_READ [default REPEATABLE_READ]
	JDBC fetch size: none
	Pool: DataSourceConnectionProvider
	Minimum pool size: undefined/unknown
	Maximum pool size: undefined/unknown
2026-03-16T00:32:43.595+05:30  INFO 20644 --- [E_Commerce_Backend_System] [main] org.hibernate.orm.core                   : HHH000489: No JTA platform available (set 'hibernate.transaction.jta.platform' to enable JTA platform integration)
2026-03-16T00:32:43.714+05:30  INFO 20644 --- [E_Commerce_Backend_System] [main] j.LocalContainerEntityManagerFactoryBean : Initialized JPA EntityManagerFactory for persistence unit 'default'
2026-03-16T00:32:43.829+05:30  INFO 20644 --- [E_Commerce_Backend_System] [main] o.s.d.j.r.query.QueryEnhancerFactories   : Hibernate is in classpath; If applicable, HQL parser will be used.
2026-03-16T00:32:45.468+05:30  INFO 20644 --- [E_Commerce_Backend_System] [main] eAuthenticationProviderManagerConfigurer : Global AuthenticationManager configured with AuthenticationProvider bean with name authenticationProvider
2026-03-16T00:32:45.468+05:30  WARN 20644 --- [E_Commerce_Backend_System] [main] r$InitializeUserDetailsManagerConfigurer : Global AuthenticationManager configured with an AuthenticationProvider bean. UserDetailsService beans will not be used by Spring Security for automatically configuring username/password login. Consider removing the AuthenticationProvider bean. Alternatively, consider using the UserDetailsService in a manually instantiated DaoAuthenticationProvider. If the current configuration is intentional, to turn off this warning, increase the logging level of 'org.springframework.security.config.annotation.authentication.configuration.InitializeUserDetailsBeanManagerConfigurer' to ERROR
2026-03-16T00:32:45.603+05:30  WARN 20644 --- [E_Commerce_Backend_System] [main] JpaBaseConfiguration$JpaWebConfiguration : spring.jpa.open-in-view is enabled by default. Therefore, database queries may be performed during view rendering. Explicitly configure spring.jpa.open-in-view to disable this warning
2026-03-16T00:32:46.427+05:30  INFO 20644 --- [E_Commerce_Backend_System] [main] o.s.boot.tomcat.TomcatWebServer          : Tomcat started on port 8080 (http) with context path '/'
2026-03-16T00:32:46.436+05:30  INFO 20644 --- [E_Commerce_Backend_System] [main] c.i.E.ECommerceBackendSystemApplication  : Started ECommerceBackendSystemApplication in 10.04 seconds (process running for 11.316)
2026-03-16T00:32:51.548+05:30  INFO 20644 --- [E_Commerce_Backend_System] [http-nio-8080-exec-1] o.a.c.c.C.[Tomcat].[localhost].[/]       : Initializing Spring DispatcherServlet 'dispatcherServlet'
2026-03-16T00:32:51.550+05:30  INFO 20644 --- [E_Commerce_Backend_System] [http-nio-8080-exec-1] o.s.web.servlet.DispatcherServlet        : Initializing Servlet 'dispatcherServlet'
2026-03-16T00:32:51.555+05:30  INFO 20644 --- [E_Commerce_Backend_System] [http-nio-8080-exec-1] o.s.web.servlet.DispatcherServlet        : Completed initialization in 4 ms
2026-03-16T00:32:51.619+05:30  WARN 20644 --- [E_Commerce_Backend_System] [http-nio-8080-exec-1] o.s.web.servlet.PageNotFound             : No mapping for GET /v3/api-docs
2026-03-16T00:32:51.638+05:30  WARN 20644 --- [E_Commerce_Backend_System] [http-nio-8080-exec-1] o.s.web.servlet.PageNotFound             : No endpoint GET /v3/api-docs.
2026-03-16T00:40:23.342+05:30  INFO 20644 --- [E_Commerce_Backend_System] [RMI TCP Connection(12)-127.0.0.1] inMXBeanRegistrar$SpringApplicationAdmin : Application shutdown requested.
2026-03-16T00:40:23.596+05:30  INFO 20644 --- [E_Commerce_Backend_System] [RMI TCP Connection(12)-127.0.0.1] o.s.boot.tomcat.GracefulShutdown         : Commencing graceful shutdown. Waiting for active requests to complete
2026-03-16T00:40:23.649+05:30  INFO 20644 --- [E_Commerce_Backend_System] [tomcat-shutdown] o.s.boot.tomcat.GracefulShutdown         : Graceful shutdown complete
2026-03-16T00:40:23.714+05:30  INFO 20644 --- [E_Commerce_Backend_System] [RMI TCP Connection(12)-127.0.0.1] j.LocalContainerEntityManagerFactoryBean : Closing JPA EntityManagerFactory for persistence unit 'default'
2026-03-16T00:40:23.797+05:30  INFO 20644 --- [E_Commerce_Backend_System] [RMI TCP Connection(12)-127.0.0.1] com.zaxxer.hikari.HikariDataSource       : ECommerceBackendSystemApplication - Shutdown initiated...
2026-03-16T00:40:23.927+05:30  INFO 20644 --- [E_Commerce_Backend_System] [RMI TCP Connection(12)-127.0.0.1] com.zaxxer.hikari.HikariDataSource       : ECommerceBackendSystemApplication - Shutdown completed.
2026-03-16T00:41:42.044+05:30  INFO 20844 --- [E_Commerce_Backend_System] [main] c.i.E.ECommerceBackendSystemApplication  : Starting ECommerceBackendSystemApplication using Java 21.0.9 with PID 20844 (D:\JAVA-PROGRAMMING\ProductionJava\E_Commerce_Backend_System\target\classes started by rkjra in D:\JAVA-PROGRAMMING\ProductionJava\E_Commerce_Backend_System)
2026-03-16T00:41:42.052+05:30  INFO 20844 --- [E_Commerce_Backend_System] [main] c.i.E.ECommerceBackendSystemApplication  : No active profile set, falling back to 1 default profile: "default"
2026-03-16T00:41:43.270+05:30  INFO 20844 --- [E_Commerce_Backend_System] [main] .s.d.r.c.RepositoryConfigurationDelegate : Bootstrapping Spring Data JPA repositories in DEFAULT mode.
2026-03-16T00:41:43.368+05:30  INFO 20844 --- [E_Commerce_Backend_System] [main] .s.d.r.c.RepositoryConfigurationDelegate : Finished Spring Data repository scanning in 82 ms. Found 6 JPA repository interfaces.
2026-03-16T00:41:44.201+05:30  INFO 20844 --- [E_Commerce_Backend_System] [main] o.s.boot.tomcat.TomcatWebServer          : Tomcat initialized with port 8080 (http)
2026-03-16T00:41:44.232+05:30  INFO 20844 --- [E_Commerce_Backend_System] [main] o.apache.catalina.core.StandardService   : Starting service [Tomcat]
2026-03-16T00:41:44.232+05:30  INFO 20844 --- [E_Commerce_Backend_System] [main] o.apache.catalina.core.StandardEngine    : Starting Servlet engine: [Apache Tomcat/11.0.18]
2026-03-16T00:41:44.345+05:30  INFO 20844 --- [E_Commerce_Backend_System] [main] b.w.c.s.WebApplicationContextInitializer : Root WebApplicationContext: initialization completed in 2206 ms
2026-03-16T00:41:44.612+05:30  INFO 20844 --- [E_Commerce_Backend_System] [main] org.hibernate.orm.jpa                    : HHH008540: Processing PersistenceUnitInfo [name: default]
2026-03-16T00:41:44.753+05:30  INFO 20844 --- [E_Commerce_Backend_System] [main] org.hibernate.orm.core                   : HHH000001: Hibernate ORM core version 7.2.4.Final
2026-03-16T00:41:45.449+05:30  INFO 20844 --- [E_Commerce_Backend_System] [main] o.s.o.j.p.SpringPersistenceUnitInfo      : No LoadTimeWeaver setup: ignoring JPA class transformer
2026-03-16T00:41:45.509+05:30  INFO 20844 --- [E_Commerce_Backend_System] [main] com.zaxxer.hikari.HikariDataSource       : ECommerceBackendSystemApplication - Starting...
2026-03-16T00:41:46.233+05:30  INFO 20844 --- [E_Commerce_Backend_System] [main] com.zaxxer.hikari.pool.HikariPool        : ECommerceBackendSystemApplication - Added connection com.mysql.cj.jdbc.ConnectionImpl@4713b631
2026-03-16T00:41:46.237+05:30  INFO 20844 --- [E_Commerce_Backend_System] [main] com.zaxxer.hikari.HikariDataSource       : ECommerceBackendSystemApplication - Start completed.
2026-03-16T00:41:46.394+05:30  WARN 20844 --- [E_Commerce_Backend_System] [main] org.hibernate.orm.deprecation            : HHH90000025: MySQLDialect does not need to be specified explicitly using 'hibernate.dialect' (remove the property setting and it will be selected by default)
2026-03-16T00:41:46.441+05:30  INFO 20844 --- [E_Commerce_Backend_System] [main] org.hibernate.orm.connections.pooling    : HHH10001005: Database info:
	Database JDBC URL [jdbc:mysql://localhost:3306/inctureECommerceDatabase]
	Database driver: MySQL Connector/J
	Database dialect: MySQLDialect
	Database version: 8.0.34
	Default catalog/schema: inctureECommerceDatabase/undefined
	Autocommit mode: undefined/unknown
	Isolation level: REPEATABLE_READ [default REPEATABLE_READ]
	JDBC fetch size: none
	Pool: DataSourceConnectionProvider
	Minimum pool size: undefined/unknown
	Maximum pool size: undefined/unknown
2026-03-16T00:41:48.054+05:30  INFO 20844 --- [E_Commerce_Backend_System] [main] org.hibernate.orm.core                   : HHH000489: No JTA platform available (set 'hibernate.transaction.jta.platform' to enable JTA platform integration)
2026-03-16T00:41:48.234+05:30  INFO 20844 --- [E_Commerce_Backend_System] [main] j.LocalContainerEntityManagerFactoryBean : Initialized JPA EntityManagerFactory for persistence unit 'default'
2026-03-16T00:41:48.359+05:30  INFO 20844 --- [E_Commerce_Backend_System] [main] o.s.d.j.r.query.QueryEnhancerFactories   : Hibernate is in classpath; If applicable, HQL parser will be used.
2026-03-16T00:41:49.884+05:30  INFO 20844 --- [E_Commerce_Backend_System] [main] eAuthenticationProviderManagerConfigurer : Global AuthenticationManager configured with AuthenticationProvider bean with name authenticationProvider
2026-03-16T00:41:49.884+05:30  WARN 20844 --- [E_Commerce_Backend_System] [main] r$InitializeUserDetailsManagerConfigurer : Global AuthenticationManager configured with an AuthenticationProvider bean. UserDetailsService beans will not be used by Spring Security for automatically configuring username/password login. Consider removing the AuthenticationProvider bean. Alternatively, consider using the UserDetailsService in a manually instantiated DaoAuthenticationProvider. If the current configuration is intentional, to turn off this warning, increase the logging level of 'org.springframework.security.config.annotation.authentication.configuration.InitializeUserDetailsBeanManagerConfigurer' to ERROR
2026-03-16T00:41:50.108+05:30  WARN 20844 --- [E_Commerce_Backend_System] [main] JpaBaseConfiguration$JpaWebConfiguration : spring.jpa.open-in-view is enabled by default. Therefore, database queries may be performed during view rendering. Explicitly configure spring.jpa.open-in-view to disable this warning
2026-03-16T00:41:50.597+05:30  INFO 20844 --- [E_Commerce_Backend_System] [main] o.s.v.b.OptionalValidatorFactoryBean     : Failed to set up a Bean Validation provider: jakarta.validation.NoProviderFoundException: Unable to create a Configuration, because no Jakarta Validation provider could be found. Add a provider like Hibernate Validator (RI) to your classpath.
2026-03-16T00:41:51.360+05:30  INFO 20844 --- [E_Commerce_Backend_System] [main] o.s.boot.tomcat.TomcatWebServer          : Tomcat started on port 8080 (http) with context path '/'
2026-03-16T00:41:51.372+05:30  INFO 20844 --- [E_Commerce_Backend_System] [main] c.i.E.ECommerceBackendSystemApplication  : Started ECommerceBackendSystemApplication in 9.98 seconds (process running for 11.422)
2026-03-16T00:41:56.957+05:30  INFO 20844 --- [E_Commerce_Backend_System] [http-nio-8080-exec-1] o.a.c.c.C.[Tomcat].[localhost].[/]       : Initializing Spring DispatcherServlet 'dispatcherServlet'
2026-03-16T00:41:56.958+05:30  INFO 20844 --- [E_Commerce_Backend_System] [http-nio-8080-exec-1] o.s.web.servlet.DispatcherServlet        : Initializing Servlet 'dispatcherServlet'
2026-03-16T00:41:56.967+05:30  INFO 20844 --- [E_Commerce_Backend_System] [http-nio-8080-exec-1] o.s.web.servlet.DispatcherServlet        : Completed initialization in 6 ms
2026-03-16T00:42:24.279+05:30  INFO 20844 --- [E_Commerce_Backend_System] [RMI TCP Connection(3)-127.0.0.1] inMXBeanRegistrar$SpringApplicationAdmin : Application shutdown requested.
2026-03-16T00:42:24.284+05:30  INFO 20844 --- [E_Commerce_Backend_System] [RMI TCP Connection(3)-127.0.0.1] o.s.boot.tomcat.GracefulShutdown         : Commencing graceful shutdown. Waiting for active requests to complete
2026-03-16T00:42:24.292+05:30  INFO 20844 --- [E_Commerce_Backend_System] [tomcat-shutdown] o.s.boot.tomcat.GracefulShutdown         : Graceful shutdown complete
2026-03-16T00:42:24.302+05:30  INFO 20844 --- [E_Commerce_Backend_System] [RMI TCP Connection(3)-127.0.0.1] j.LocalContainerEntityManagerFactoryBean : Closing JPA EntityManagerFactory for persistence unit 'default'
2026-03-16T00:42:24.306+05:30  INFO 20844 --- [E_Commerce_Backend_System] [RMI TCP Connection(3)-127.0.0.1] com.zaxxer.hikari.HikariDataSource       : ECommerceBackendSystemApplication - Shutdown initiated...
2026-03-16T00:42:24.319+05:30  INFO 20844 --- [E_Commerce_Backend_System] [RMI TCP Connection(3)-127.0.0.1] com.zaxxer.hikari.HikariDataSource       : ECommerceBackendSystemApplication - Shutdown completed.
2026-03-16T00:42:27.758+05:30  INFO 19148 --- [E_Commerce_Backend_System] [main] c.i.E.ECommerceBackendSystemApplication  : Starting ECommerceBackendSystemApplication using Java 21.0.9 with PID 19148 (D:\JAVA-PROGRAMMING\ProductionJava\E_Commerce_Backend_System\target\classes started by rkjra in D:\JAVA-PROGRAMMING\ProductionJava\E_Commerce_Backend_System)
2026-03-16T00:42:27.762+05:30  INFO 19148 --- [E_Commerce_Backend_System] [main] c.i.E.ECommerceBackendSystemApplication  : No active profile set, falling back to 1 default profile: "default"
2026-03-16T00:42:28.986+05:30  INFO 19148 --- [E_Commerce_Backend_System] [main] .s.d.r.c.RepositoryConfigurationDelegate : Bootstrapping Spring Data JPA repositories in DEFAULT mode.
2026-03-16T00:42:29.097+05:30  INFO 19148 --- [E_Commerce_Backend_System] [main] .s.d.r.c.RepositoryConfigurationDelegate : Finished Spring Data repository scanning in 97 ms. Found 6 JPA repository interfaces.
2026-03-16T00:42:30.006+05:30  INFO 19148 --- [E_Commerce_Backend_System] [main] o.s.boot.tomcat.TomcatWebServer          : Tomcat initialized with port 8080 (http)
2026-03-16T00:42:30.039+05:30  INFO 19148 --- [E_Commerce_Backend_System] [main] o.apache.catalina.core.StandardService   : Starting service [Tomcat]
2026-03-16T00:42:30.040+05:30  INFO 19148 --- [E_Commerce_Backend_System] [main] o.apache.catalina.core.StandardEngine    : Starting Servlet engine: [Apache Tomcat/11.0.18]
2026-03-16T00:42:30.129+05:30  INFO 19148 --- [E_Commerce_Backend_System] [main] b.w.c.s.WebApplicationContextInitializer : Root WebApplicationContext: initialization completed in 2290 ms
2026-03-16T00:42:30.329+05:30  INFO 19148 --- [E_Commerce_Backend_System] [main] org.hibernate.orm.jpa                    : HHH008540: Processing PersistenceUnitInfo [name: default]
2026-03-16T00:42:30.404+05:30  INFO 19148 --- [E_Commerce_Backend_System] [main] org.hibernate.orm.core                   : HHH000001: Hibernate ORM core version 7.2.4.Final
2026-03-16T00:42:30.986+05:30  INFO 19148 --- [E_Commerce_Backend_System] [main] o.s.o.j.p.SpringPersistenceUnitInfo      : No LoadTimeWeaver setup: ignoring JPA class transformer
2026-03-16T00:42:31.035+05:30  INFO 19148 --- [E_Commerce_Backend_System] [main] com.zaxxer.hikari.HikariDataSource       : ECommerceBackendSystemApplication - Starting...
2026-03-16T00:42:31.503+05:30  INFO 19148 --- [E_Commerce_Backend_System] [main] com.zaxxer.hikari.pool.HikariPool        : ECommerceBackendSystemApplication - Added connection com.mysql.cj.jdbc.ConnectionImpl@38093ffe
2026-03-16T00:42:31.507+05:30  INFO 19148 --- [E_Commerce_Backend_System] [main] com.zaxxer.hikari.HikariDataSource       : ECommerceBackendSystemApplication - Start completed.
2026-03-16T00:42:31.613+05:30  WARN 19148 --- [E_Commerce_Backend_System] [main] org.hibernate.orm.deprecation            : HHH90000025: MySQLDialect does not need to be specified explicitly using 'hibernate.dialect' (remove the property setting and it will be selected by default)
2026-03-16T00:42:31.652+05:30  INFO 19148 --- [E_Commerce_Backend_System] [main] org.hibernate.orm.connections.pooling    : HHH10001005: Database info:
	Database JDBC URL [jdbc:mysql://localhost:3306/inctureECommerceDatabase]
	Database driver: MySQL Connector/J
	Database dialect: MySQLDialect
	Database version: 8.0.34
	Default catalog/schema: inctureECommerceDatabase/undefined
	Autocommit mode: undefined/unknown
	Isolation level: REPEATABLE_READ [default REPEATABLE_READ]
	JDBC fetch size: none
	Pool: DataSourceConnectionProvider
	Minimum pool size: undefined/unknown
	Maximum pool size: undefined/unknown
2026-03-16T00:42:33.218+05:30  INFO 19148 --- [E_Commerce_Backend_System] [main] org.hibernate.orm.core                   : HHH000489: No JTA platform available (set 'hibernate.transaction.jta.platform' to enable JTA platform integration)
2026-03-16T00:42:33.341+05:30  INFO 19148 --- [E_Commerce_Backend_System] [main] j.LocalContainerEntityManagerFactoryBean : Initialized JPA EntityManagerFactory for persistence unit 'default'
2026-03-16T00:42:33.446+05:30  INFO 19148 --- [E_Commerce_Backend_System] [main] o.s.d.j.r.query.QueryEnhancerFactories   : Hibernate is in classpath; If applicable, HQL parser will be used.
2026-03-16T00:42:34.967+05:30  INFO 19148 --- [E_Commerce_Backend_System] [main] eAuthenticationProviderManagerConfigurer : Global AuthenticationManager configured with AuthenticationProvider bean with name authenticationProvider
2026-03-16T00:42:34.968+05:30  WARN 19148 --- [E_Commerce_Backend_System] [main] r$InitializeUserDetailsManagerConfigurer : Global AuthenticationManager configured with an AuthenticationProvider bean. UserDetailsService beans will not be used by Spring Security for automatically configuring username/password login. Consider removing the AuthenticationProvider bean. Alternatively, consider using the UserDetailsService in a manually instantiated DaoAuthenticationProvider. If the current configuration is intentional, to turn off this warning, increase the logging level of 'org.springframework.security.config.annotation.authentication.configuration.InitializeUserDetailsBeanManagerConfigurer' to ERROR
2026-03-16T00:42:35.174+05:30  WARN 19148 --- [E_Commerce_Backend_System] [main] JpaBaseConfiguration$JpaWebConfiguration : spring.jpa.open-in-view is enabled by default. Therefore, database queries may be performed during view rendering. Explicitly configure spring.jpa.open-in-view to disable this warning
2026-03-16T00:42:35.586+05:30  INFO 19148 --- [E_Commerce_Backend_System] [main] o.s.v.b.OptionalValidatorFactoryBean     : Failed to set up a Bean Validation provider: jakarta.validation.NoProviderFoundException: Unable to create a Configuration, because no Jakarta Validation provider could be found. Add a provider like Hibernate Validator (RI) to your classpath.
2026-03-16T00:42:36.264+05:30  INFO 19148 --- [E_Commerce_Backend_System] [main] o.s.boot.tomcat.TomcatWebServer          : Tomcat started on port 8080 (http) with context path '/'
2026-03-16T00:42:36.274+05:30  INFO 19148 --- [E_Commerce_Backend_System] [main] c.i.E.ECommerceBackendSystemApplication  : Started ECommerceBackendSystemApplication in 9.175 seconds (process running for 10.429)
2026-03-16T00:42:53.158+05:30  INFO 19148 --- [E_Commerce_Backend_System] [http-nio-8080-exec-2] o.a.c.c.C.[Tomcat].[localhost].[/]       : Initializing Spring DispatcherServlet 'dispatcherServlet'
2026-03-16T00:42:53.159+05:30  INFO 19148 --- [E_Commerce_Backend_System] [http-nio-8080-exec-2] o.s.web.servlet.DispatcherServlet        : Initializing Servlet 'dispatcherServlet'
2026-03-16T00:42:53.165+05:30  INFO 19148 --- [E_Commerce_Backend_System] [http-nio-8080-exec-2] o.s.web.servlet.DispatcherServlet        : Completed initialization in 5 ms
2026-03-16T00:42:54.299+05:30 ERROR 19148 --- [E_Commerce_Backend_System] [http-nio-8080-exec-2] o.a.c.c.C.[.[.[/].[dispatcherServlet]    : Servlet.service() for servlet [dispatcherServlet] in context with path [] threw exception [Handler dispatch failed: java.lang.NoSuchMethodError: 'void org.springframework.web.method.ControllerAdviceBean.<init>(java.lang.Object)'] with root cause

java.lang.NoSuchMethodError: 'void org.springframework.web.method.ControllerAdviceBean.<init>(java.lang.Object)'
	at org.springdoc.core.service.GenericResponseService.lambda$getGenericMapResponse$8(GenericResponseService.java:706) ~[springdoc-openapi-starter-common-2.6.0.jar:2.6.0]
	at java.base/java.util.stream.ReferencePipeline$2$1.accept(ReferencePipeline.java:178) ~[na:na]
	at java.base/java.util.Spliterators$ArraySpliterator.forEachRemaining(Spliterators.java:1024) ~[na:na]
	at java.base/java.util.stream.AbstractPipeline.copyInto(AbstractPipeline.java:509) ~[na:na]
	at java.base/java.util.stream.AbstractPipeline.wrapAndCopyInto(AbstractPipeline.java:499) ~[na:na]
	at java.base/java.util.stream.AbstractPipeline.evaluate(AbstractPipeline.java:575) ~[na:na]
	at java.base/java.util.stream.AbstractPipeline.evaluateToArrayNode(AbstractPipeline.java:260) ~[na:na]
	at java.base/java.util.stream.ReferencePipeline.toArray(ReferencePipeline.java:616) ~[na:na]
	at java.base/java.util.stream.ReferencePipeline.toArray(ReferencePipeline.java:622) ~[na:na]
	at java.base/java.util.stream.ReferencePipeline.toList(ReferencePipeline.java:627) ~[na:na]
	at org.springdoc.core.service.GenericResponseService.getGenericMapResponse(GenericResponseService.java:708) ~[springdoc-openapi-starter-common-2.6.0.jar:2.6.0]
	at org.springdoc.core.service.GenericResponseService.build(GenericResponseService.java:247) ~[springdoc-openapi-starter-common-2.6.0.jar:2.6.0]
	at org.springdoc.api.AbstractOpenApiResource.calculatePath(AbstractOpenApiResource.java:499) ~[springdoc-openapi-starter-common-2.6.0.jar:2.6.0]
	at org.springdoc.api.AbstractOpenApiResource.calculatePath(AbstractOpenApiResource.java:676) ~[springdoc-openapi-starter-common-2.6.0.jar:2.6.0]
	at org.springdoc.webmvc.api.OpenApiResource.lambda$calculatePath$11(OpenApiResource.java:220) ~[springdoc-openapi-starter-webmvc-api-2.6.0.jar:2.6.0]
	at java.base/java.util.Optional.ifPresent(Optional.java:178) ~[na:na]
	at org.springdoc.webmvc.api.OpenApiResource.calculatePath(OpenApiResource.java:201) ~[springdoc-openapi-starter-webmvc-api-2.6.0.jar:2.6.0]
	at org.springdoc.webmvc.api.OpenApiResource.lambda$getPaths$2(OpenApiResource.java:171) ~[springdoc-openapi-starter-webmvc-api-2.6.0.jar:2.6.0]
	at java.base/java.util.Optional.ifPresent(Optional.java:178) ~[na:na]
	at org.springdoc.webmvc.api.OpenApiResource.getPaths(OpenApiResource.java:150) ~[springdoc-openapi-starter-webmvc-api-2.6.0.jar:2.6.0]
	at org.springdoc.api.AbstractOpenApiResource.getOpenApi(AbstractOpenApiResource.java:353) ~[springdoc-openapi-starter-common-2.6.0.jar:2.6.0]
	at org.springdoc.webmvc.api.OpenApiResource.openapiJson(OpenApiResource.java:125) ~[springdoc-openapi-starter-webmvc-api-2.6.0.jar:2.6.0]
	at org.springdoc.webmvc.api.OpenApiWebMvcResource.openapiJson(OpenApiWebMvcResource.java:114) ~[springdoc-openapi-starter-webmvc-api-2.6.0.jar:2.6.0]
	at java.base/jdk.internal.reflect.DirectMethodHandleAccessor.invoke(DirectMethodHandleAccessor.java:103) ~[na:na]
	at java.base/java.lang.reflect.Method.invoke(Method.java:580) ~[na:na]
	at org.springframework.web.method.support.InvocableHandlerMethod.doInvoke(InvocableHandlerMethod.java:252) ~[spring-web-7.0.5.jar:7.0.5]
	at org.springframework.web.method.support.InvocableHandlerMethod.invokeForRequest(InvocableHandlerMethod.java:184) ~[spring-web-7.0.5.jar:7.0.5]
	at org.springframework.web.servlet.mvc.method.annotation.ServletInvocableHandlerMethod.invokeAndHandle(ServletInvocableHandlerMethod.java:117) ~[spring-webmvc-7.0.5.jar:7.0.5]
	at org.springframework.web.servlet.mvc.method.annotation.RequestMappingHandlerAdapter.invokeHandlerMethod(RequestMappingHandlerAdapter.java:934) ~[spring-webmvc-7.0.5.jar:7.0.5]
	at org.springframework.web.servlet.mvc.method.annotation.RequestMappingHandlerAdapter.handleInternal(RequestMappingHandlerAdapter.java:853) ~[spring-webmvc-7.0.5.jar:7.0.5]
	at org.springframework.web.servlet.mvc.method.AbstractHandlerMethodAdapter.handle(AbstractHandlerMethodAdapter.java:86) ~[spring-webmvc-7.0.5.jar:7.0.5]
	at org.springframework.web.servlet.DispatcherServlet.doDispatch(DispatcherServlet.java:963) ~[spring-webmvc-7.0.5.jar:7.0.5]
	at org.springframework.web.servlet.DispatcherServlet.doService(DispatcherServlet.java:866) ~[spring-webmvc-7.0.5.jar:7.0.5]
	at org.springframework.web.servlet.FrameworkServlet.processRequest(FrameworkServlet.java:1000) ~[spring-webmvc-7.0.5.jar:7.0.5]
	at org.springframework.web.servlet.FrameworkServlet.doGet(FrameworkServlet.java:892) ~[spring-webmvc-7.0.5.jar:7.0.5]
	at jakarta.servlet.http.HttpServlet.service(HttpServlet.java:622) ~[tomcat-embed-core-11.0.18.jar:6.1]
	at org.springframework.web.servlet.FrameworkServlet.service(FrameworkServlet.java:874) ~[spring-webmvc-7.0.5.jar:7.0.5]
	at jakarta.servlet.http.HttpServlet.service(HttpServlet.java:710) ~[tomcat-embed-core-11.0.18.jar:6.1]
	at org.apache.catalina.core.ApplicationFilterChain.doFilter(ApplicationFilterChain.java:128) ~[tomcat-embed-core-11.0.18.jar:11.0.18]
	at org.apache.tomcat.websocket.server.WsFilter.doFilter(WsFilter.java:53) ~[tomcat-embed-websocket-11.0.18.jar:11.0.18]
	at org.apache.catalina.core.ApplicationFilterChain.doFilter(ApplicationFilterChain.java:107) ~[tomcat-embed-core-11.0.18.jar:11.0.18]
	at org.springframework.web.filter.OncePerRequestFilter.doFilter(OncePerRequestFilter.java:110) ~[spring-web-7.0.5.jar:7.0.5]
	at org.apache.catalina.core.ApplicationFilterChain.doFilter(ApplicationFilterChain.java:107) ~[tomcat-embed-core-11.0.18.jar:11.0.18]
	at org.springframework.web.filter.CompositeFilter$VirtualFilterChain.doFilter(CompositeFilter.java:108) ~[spring-web-7.0.5.jar:7.0.5]
	at org.springframework.security.web.FilterChainProxy.lambda$doFilterInternal$3(FilterChainProxy.java:235) ~[spring-security-web-7.0.3.jar:7.0.3]
	at org.springframework.security.web.FilterChainProxy$VirtualFilterChain.doFilter(FilterChainProxy.java:371) ~[spring-security-web-7.0.3.jar:7.0.3]
	at org.springframework.security.web.access.intercept.AuthorizationFilter.doFilter(AuthorizationFilter.java:101) ~[spring-security-web-7.0.3.jar:7.0.3]
	at org.springframework.security.web.FilterChainProxy$VirtualFilterChain.doFilter(FilterChainProxy.java:380) ~[spring-security-web-7.0.3.jar:7.0.3]
	at org.springframework.security.web.access.ExceptionTranslationFilter.doFilter(ExceptionTranslationFilter.java:126) ~[spring-security-web-7.0.3.jar:7.0.3]
	at org.springframework.security.web.access.ExceptionTranslationFilter.doFilter(ExceptionTranslationFilter.java:120) ~[spring-security-web-7.0.3.jar:7.0.3]
	at org.springframework.security.web.FilterChainProxy$VirtualFilterChain.doFilter(FilterChainProxy.java:380) ~[spring-security-web-7.0.3.jar:7.0.3]
	at org.springframework.security.web.session.SessionManagementFilter.doFilter(SessionManagementFilter.java:132) ~[spring-security-web-7.0.3.jar:7.0.3]
	at org.springframework.security.web.session.SessionManagementFilter.doFilter(SessionManagementFilter.java:86) ~[spring-security-web-7.0.3.jar:7.0.3]
	at org.springframework.security.web.FilterChainProxy$VirtualFilterChain.doFilter(FilterChainProxy.java:380) ~[spring-security-web-7.0.3.jar:7.0.3]
	at org.springframework.security.web.authentication.AnonymousAuthenticationFilter.doFilter(AnonymousAuthenticationFilter.java:100) ~[spring-security-web-7.0.3.jar:7.0.3]
	at org.springframework.security.web.FilterChainProxy$VirtualFilterChain.doFilter(FilterChainProxy.java:380) ~[spring-security-web-7.0.3.jar:7.0.3]
	at org.springframework.security.web.servletapi.SecurityContextHolderAwareRequestFilter.doFilter(SecurityContextHolderAwareRequestFilter.java:181) ~[spring-security-web-7.0.3.jar:7.0.3]
	at org.springframework.security.web.FilterChainProxy$VirtualFilterChain.doFilter(FilterChainProxy.java:380) ~[spring-security-web-7.0.3.jar:7.0.3]
	at org.springframework.security.web.savedrequest.RequestCacheAwareFilter.doFilter(RequestCacheAwareFilter.java:63) ~[spring-security-web-7.0.3.jar:7.0.3]
	at org.springframework.security.web.FilterChainProxy$VirtualFilterChain.doFilter(FilterChainProxy.java:380) ~[spring-security-web-7.0.3.jar:7.0.3]
	at org.springframework.security.web.authentication.www.BasicAuthenticationFilter.doFilterInternal(BasicAuthenticationFilter.java:198) ~[spring-security-web-7.0.3.jar:7.0.3]
	at org.springframework.web.filter.OncePerRequestFilter.doFilter(OncePerRequestFilter.java:116) ~[spring-web-7.0.5.jar:7.0.5]
	at org.springframework.security.web.FilterChainProxy$VirtualFilterChain.doFilter(FilterChainProxy.java:380) ~[spring-security-web-7.0.3.jar:7.0.3]
	at com.incture.E_Commerce_Backend_System.filter.JWTFilter.doFilterInternal(JWTFilter.java:64) ~[classes/:na]
	at org.springframework.web.filter.OncePerRequestFilter.doFilter(OncePerRequestFilter.java:116) ~[spring-web-7.0.5.jar:7.0.5]
	at org.springframework.security.web.FilterChainProxy$VirtualFilterChain.doFilter(FilterChainProxy.java:380) ~[spring-security-web-7.0.3.jar:7.0.3]
	at org.springframework.security.web.authentication.logout.LogoutFilter.doFilter(LogoutFilter.java:110) ~[spring-security-web-7.0.3.jar:7.0.3]
	at org.springframework.security.web.authentication.logout.LogoutFilter.doFilter(LogoutFilter.java:96) ~[spring-security-web-7.0.3.jar:7.0.3]
	at org.springframework.security.web.FilterChainProxy$VirtualFilterChain.doFilter(FilterChainProxy.java:380) ~[spring-security-web-7.0.3.jar:7.0.3]
	at org.springframework.security.web.header.HeaderWriterFilter.doHeadersAfter(HeaderWriterFilter.java:90) ~[spring-security-web-7.0.3.jar:7.0.3]
	at org.springframework.security.web.header.HeaderWriterFilter.doFilterInternal(HeaderWriterFilter.java:75) ~[spring-security-web-7.0.3.jar:7.0.3]
	at org.springframework.web.filter.OncePerRequestFilter.doFilter(OncePerRequestFilter.java:116) ~[spring-web-7.0.5.jar:7.0.5]
	at org.springframework.security.web.FilterChainProxy$VirtualFilterChain.doFilter(FilterChainProxy.java:380) ~[spring-security-web-7.0.3.jar:7.0.3]
	at org.springframework.security.web.context.SecurityContextHolderFilter.doFilter(SecurityContextHolderFilter.java:82) ~[spring-security-web-7.0.3.jar:7.0.3]
	at org.springframework.security.web.context.SecurityContextHolderFilter.doFilter(SecurityContextHolderFilter.java:69) ~[spring-security-web-7.0.3.jar:7.0.3]
	at org.springframework.security.web.FilterChainProxy$VirtualFilterChain.doFilter(FilterChainProxy.java:380) ~[spring-security-web-7.0.3.jar:7.0.3]
	at org.springframework.security.web.context.request.async.WebAsyncManagerIntegrationFilter.doFilterInternal(WebAsyncManagerIntegrationFilter.java:62) ~[spring-security-web-7.0.3.jar:7.0.3]
	at org.springframework.web.filter.OncePerRequestFilter.doFilter(OncePerRequestFilter.java:116) ~[spring-web-7.0.5.jar:7.0.5]
	at org.springframework.security.web.FilterChainProxy$VirtualFilterChain.doFilter(FilterChainProxy.java:380) ~[spring-security-web-7.0.3.jar:7.0.3]
	at org.springframework.security.web.session.DisableEncodeUrlFilter.doFilterInternal(DisableEncodeUrlFilter.java:42) ~[spring-security-web-7.0.3.jar:7.0.3]
	at org.springframework.web.filter.OncePerRequestFilter.doFilter(OncePerRequestFilter.java:116) ~[spring-web-7.0.5.jar:7.0.5]
	at org.springframework.security.web.FilterChainProxy$VirtualFilterChain.doFilter(FilterChainProxy.java:380) ~[spring-security-web-7.0.3.jar:7.0.3]
	at org.springframework.security.web.FilterChainProxy.doFilterInternal(FilterChainProxy.java:237) ~[spring-security-web-7.0.3.jar:7.0.3]
	at org.springframework.security.web.FilterChainProxy.doFilter(FilterChainProxy.java:195) ~[spring-security-web-7.0.3.jar:7.0.3]
	at org.springframework.web.filter.CompositeFilter$VirtualFilterChain.doFilter(CompositeFilter.java:113) ~[spring-web-7.0.5.jar:7.0.5]
	at org.springframework.web.filter.ServletRequestPathFilter.doFilter(ServletRequestPathFilter.java:52) ~[spring-web-7.0.5.jar:7.0.5]
	at org.springframework.web.filter.CompositeFilter$VirtualFilterChain.doFilter(CompositeFilter.java:113) ~[spring-web-7.0.5.jar:7.0.5]
	at org.springframework.web.filter.CompositeFilter.doFilter(CompositeFilter.java:74) ~[spring-web-7.0.5.jar:7.0.5]
	at org.springframework.security.config.annotation.web.configuration.WebSecurityConfiguration$CompositeFilterChainProxy.doFilter(WebSecurityConfiguration.java:317) ~[spring-security-config-7.0.3.jar:7.0.3]
	at org.springframework.web.filter.DelegatingFilterProxy.invokeDelegate(DelegatingFilterProxy.java:355) ~[spring-web-7.0.5.jar:7.0.5]
	at org.springframework.web.filter.DelegatingFilterProxy.doFilter(DelegatingFilterProxy.java:272) ~[spring-web-7.0.5.jar:7.0.5]
	at org.apache.catalina.core.ApplicationFilterChain.doFilter(ApplicationFilterChain.java:107) ~[tomcat-embed-core-11.0.18.jar:11.0.18]
	at org.springframework.web.filter.RequestContextFilter.doFilterInternal(RequestContextFilter.java:100) ~[spring-web-7.0.5.jar:7.0.5]
	at org.springframework.web.filter.OncePerRequestFilter.doFilter(OncePerRequestFilter.java:116) ~[spring-web-7.0.5.jar:7.0.5]
	at org.apache.catalina.core.ApplicationFilterChain.doFilter(ApplicationFilterChain.java:107) ~[tomcat-embed-core-11.0.18.jar:11.0.18]
	at org.springframework.web.filter.FormContentFilter.doFilterInternal(FormContentFilter.java:93) ~[spring-web-7.0.5.jar:7.0.5]
	at org.springframework.web.filter.OncePerRequestFilter.doFilter(OncePerRequestFilter.java:116) ~[spring-web-7.0.5.jar:7.0.5]
	at org.apache.catalina.core.ApplicationFilterChain.doFilter(ApplicationFilterChain.java:107) ~[tomcat-embed-core-11.0.18.jar:11.0.18]
	at org.springframework.web.filter.CharacterEncodingFilter.doFilterInternal(CharacterEncodingFilter.java:199) ~[spring-web-7.0.5.jar:7.0.5]
	at org.springframework.web.filter.OncePerRequestFilter.doFilter(OncePerRequestFilter.java:116) ~[spring-web-7.0.5.jar:7.0.5]
	at org.apache.catalina.core.ApplicationFilterChain.doFilter(ApplicationFilterChain.java:107) ~[tomcat-embed-core-11.0.18.jar:11.0.18]
	at org.apache.catalina.core.StandardWrapperValve.invoke(StandardWrapperValve.java:165) ~[tomcat-embed-core-11.0.18.jar:11.0.18]
	at org.apache.catalina.core.StandardContextValve.invoke(StandardContextValve.java:77) ~[tomcat-embed-core-11.0.18.jar:11.0.18]
	at org.apache.catalina.authenticator.AuthenticatorBase.invoke(AuthenticatorBase.java:492) ~[tomcat-embed-core-11.0.18.jar:11.0.18]
	at org.apache.catalina.core.StandardHostValve.invoke(StandardHostValve.java:113) ~[tomcat-embed-core-11.0.18.jar:11.0.18]
	at org.apache.catalina.valves.ErrorReportValve.invoke(ErrorReportValve.java:83) ~[tomcat-embed-core-11.0.18.jar:11.0.18]
	at org.apache.catalina.core.StandardEngineValve.invoke(StandardEngineValve.java:72) ~[tomcat-embed-core-11.0.18.jar:11.0.18]
	at org.apache.catalina.connector.CoyoteAdapter.service(CoyoteAdapter.java:341) ~[tomcat-embed-core-11.0.18.jar:11.0.18]
	at org.apache.coyote.http11.Http11Processor.service(Http11Processor.java:397) ~[tomcat-embed-core-11.0.18.jar:11.0.18]
	at org.apache.coyote.AbstractProcessorLight.process(AbstractProcessorLight.java:63) ~[tomcat-embed-core-11.0.18.jar:11.0.18]
	at org.apache.coyote.AbstractProtocol$ConnectionHandler.process(AbstractProtocol.java:903) ~[tomcat-embed-core-11.0.18.jar:11.0.18]
	at org.apache.tomcat.util.net.NioEndpoint$SocketProcessor.doRun(NioEndpoint.java:1779) ~[tomcat-embed-core-11.0.18.jar:11.0.18]
	at org.apache.tomcat.util.net.SocketProcessorBase.run(SocketProcessorBase.java:52) ~[tomcat-embed-core-11.0.18.jar:11.0.18]
	at org.apache.tomcat.util.threads.ThreadPoolExecutor.runWorker(ThreadPoolExecutor.java:946) ~[tomcat-embed-core-11.0.18.jar:11.0.18]
	at org.apache.tomcat.util.threads.ThreadPoolExecutor$Worker.run(ThreadPoolExecutor.java:480) ~[tomcat-embed-core-11.0.18.jar:11.0.18]
	at org.apache.tomcat.util.threads.TaskThread$WrappingRunnable.run(TaskThread.java:57) ~[tomcat-embed-core-11.0.18.jar:11.0.18]
	at java.base/java.lang.Thread.run(Thread.java:1583) ~[na:na]

2026-03-16T00:47:17.630+05:30  INFO 19148 --- [E_Commerce_Backend_System] [RMI TCP Connection(8)-127.0.0.1] inMXBeanRegistrar$SpringApplicationAdmin : Application shutdown requested.
2026-03-16T00:47:17.762+05:30  INFO 19148 --- [E_Commerce_Backend_System] [RMI TCP Connection(8)-127.0.0.1] o.s.boot.tomcat.GracefulShutdown         : Commencing graceful shutdown. Waiting for active requests to complete
2026-03-16T00:47:17.796+05:30  INFO 19148 --- [E_Commerce_Backend_System] [tomcat-shutdown] o.s.boot.tomcat.GracefulShutdown         : Graceful shutdown complete
2026-03-16T00:47:17.834+05:30  INFO 19148 --- [E_Commerce_Backend_System] [RMI TCP Connection(8)-127.0.0.1] j.LocalContainerEntityManagerFactoryBean : Closing JPA EntityManagerFactory for persistence unit 'default'
2026-03-16T00:47:17.891+05:30  INFO 19148 --- [E_Commerce_Backend_System] [RMI TCP Connection(8)-127.0.0.1] com.zaxxer.hikari.HikariDataSource       : ECommerceBackendSystemApplication - Shutdown initiated...
2026-03-16T00:47:17.938+05:30  INFO 19148 --- [E_Commerce_Backend_System] [RMI TCP Connection(8)-127.0.0.1] com.zaxxer.hikari.HikariDataSource       : ECommerceBackendSystemApplication - Shutdown completed.
2026-03-16T00:49:59.261+05:30  INFO 2948 --- [E_Commerce_Backend_System] [main] c.i.E.ECommerceBackendSystemApplication  : Starting ECommerceBackendSystemApplication using Java 21.0.9 with PID 2948 (D:\JAVA-PROGRAMMING\ProductionJava\E_Commerce_Backend_System\target\classes started by rkjra in D:\JAVA-PROGRAMMING\ProductionJava\E_Commerce_Backend_System)
2026-03-16T00:49:59.266+05:30  INFO 2948 --- [E_Commerce_Backend_System] [main] c.i.E.ECommerceBackendSystemApplication  : No active profile set, falling back to 1 default profile: "default"
2026-03-16T00:50:00.730+05:30  INFO 2948 --- [E_Commerce_Backend_System] [main] .s.d.r.c.RepositoryConfigurationDelegate : Bootstrapping Spring Data JPA repositories in DEFAULT mode.
2026-03-16T00:50:00.862+05:30  INFO 2948 --- [E_Commerce_Backend_System] [main] .s.d.r.c.RepositoryConfigurationDelegate : Finished Spring Data repository scanning in 111 ms. Found 6 JPA repository interfaces.
2026-03-16T00:50:01.773+05:30  INFO 2948 --- [E_Commerce_Backend_System] [main] o.s.boot.tomcat.TomcatWebServer          : Tomcat initialized with port 8080 (http)
2026-03-16T00:50:01.804+05:30  INFO 2948 --- [E_Commerce_Backend_System] [main] o.apache.catalina.core.StandardService   : Starting service [Tomcat]
2026-03-16T00:50:01.805+05:30  INFO 2948 --- [E_Commerce_Backend_System] [main] o.apache.catalina.core.StandardEngine    : Starting Servlet engine: [Apache Tomcat/11.0.18]
2026-03-16T00:50:01.923+05:30  INFO 2948 --- [E_Commerce_Backend_System] [main] b.w.c.s.WebApplicationContextInitializer : Root WebApplicationContext: initialization completed in 2553 ms
2026-03-16T00:50:02.213+05:30  INFO 2948 --- [E_Commerce_Backend_System] [main] org.hibernate.orm.jpa                    : HHH008540: Processing PersistenceUnitInfo [name: default]
2026-03-16T00:50:02.358+05:30  INFO 2948 --- [E_Commerce_Backend_System] [main] org.hibernate.orm.core                   : HHH000001: Hibernate ORM core version 7.2.4.Final
2026-03-16T00:50:03.174+05:30  INFO 2948 --- [E_Commerce_Backend_System] [main] o.s.o.j.p.SpringPersistenceUnitInfo      : No LoadTimeWeaver setup: ignoring JPA class transformer
2026-03-16T00:50:03.235+05:30  INFO 2948 --- [E_Commerce_Backend_System] [main] com.zaxxer.hikari.HikariDataSource       : ECommerceBackendSystemApplication - Starting...
2026-03-16T00:50:04.015+05:30  INFO 2948 --- [E_Commerce_Backend_System] [main] com.zaxxer.hikari.pool.HikariPool        : ECommerceBackendSystemApplication - Added connection com.mysql.cj.jdbc.ConnectionImpl@18f8e2e0
2026-03-16T00:50:04.018+05:30  INFO 2948 --- [E_Commerce_Backend_System] [main] com.zaxxer.hikari.HikariDataSource       : ECommerceBackendSystemApplication - Start completed.
2026-03-16T00:50:04.191+05:30  WARN 2948 --- [E_Commerce_Backend_System] [main] org.hibernate.orm.deprecation            : HHH90000025: MySQLDialect does not need to be specified explicitly using 'hibernate.dialect' (remove the property setting and it will be selected by default)
2026-03-16T00:50:04.241+05:30  INFO 2948 --- [E_Commerce_Backend_System] [main] org.hibernate.orm.connections.pooling    : HHH10001005: Database info:
	Database JDBC URL [jdbc:mysql://localhost:3306/inctureECommerceDatabase]
	Database driver: MySQL Connector/J
	Database dialect: MySQLDialect
	Database version: 8.0.34
	Default catalog/schema: inctureECommerceDatabase/undefined
	Autocommit mode: undefined/unknown
	Isolation level: REPEATABLE_READ [default REPEATABLE_READ]
	JDBC fetch size: none
	Pool: DataSourceConnectionProvider
	Minimum pool size: undefined/unknown
	Maximum pool size: undefined/unknown
2026-03-16T00:50:05.880+05:30  INFO 2948 --- [E_Commerce_Backend_System] [main] org.hibernate.orm.core                   : HHH000489: No JTA platform available (set 'hibernate.transaction.jta.platform' to enable JTA platform integration)
2026-03-16T00:50:06.170+05:30  INFO 2948 --- [E_Commerce_Backend_System] [main] j.LocalContainerEntityManagerFactoryBean : Initialized JPA EntityManagerFactory for persistence unit 'default'
2026-03-16T00:50:06.357+05:30  INFO 2948 --- [E_Commerce_Backend_System] [main] o.s.d.j.r.query.QueryEnhancerFactories   : Hibernate is in classpath; If applicable, HQL parser will be used.
2026-03-16T00:50:08.334+05:30  INFO 2948 --- [E_Commerce_Backend_System] [main] eAuthenticationProviderManagerConfigurer : Global AuthenticationManager configured with AuthenticationProvider bean with name authenticationProvider
2026-03-16T00:50:08.335+05:30  WARN 2948 --- [E_Commerce_Backend_System] [main] r$InitializeUserDetailsManagerConfigurer : Global AuthenticationManager configured with an AuthenticationProvider bean. UserDetailsService beans will not be used by Spring Security for automatically configuring username/password login. Consider removing the AuthenticationProvider bean. Alternatively, consider using the UserDetailsService in a manually instantiated DaoAuthenticationProvider. If the current configuration is intentional, to turn off this warning, increase the logging level of 'org.springframework.security.config.annotation.authentication.configuration.InitializeUserDetailsBeanManagerConfigurer' to ERROR
2026-03-16T00:50:08.450+05:30  WARN 2948 --- [E_Commerce_Backend_System] [main] JpaBaseConfiguration$JpaWebConfiguration : spring.jpa.open-in-view is enabled by default. Therefore, database queries may be performed during view rendering. Explicitly configure spring.jpa.open-in-view to disable this warning
2026-03-16T00:50:08.943+05:30  INFO 2948 --- [E_Commerce_Backend_System] [main] o.s.v.b.OptionalValidatorFactoryBean     : Failed to set up a Bean Validation provider: jakarta.validation.NoProviderFoundException: Unable to create a Configuration, because no Jakarta Validation provider could be found. Add a provider like Hibernate Validator (RI) to your classpath.
2026-03-16T00:50:09.518+05:30  INFO 2948 --- [E_Commerce_Backend_System] [main] o.s.boot.tomcat.TomcatWebServer          : Tomcat started on port 8080 (http) with context path '/'
2026-03-16T00:50:09.528+05:30  INFO 2948 --- [E_Commerce_Backend_System] [main] c.i.E.ECommerceBackendSystemApplication  : Started ECommerceBackendSystemApplication in 11.202 seconds (process running for 12.903)
2026-03-16T00:50:19.262+05:30  INFO 2948 --- [E_Commerce_Backend_System] [http-nio-8080-exec-1] o.a.c.c.C.[Tomcat].[localhost].[/]       : Initializing Spring DispatcherServlet 'dispatcherServlet'
2026-03-16T00:50:19.265+05:30  INFO 2948 --- [E_Commerce_Backend_System] [http-nio-8080-exec-1] o.s.web.servlet.DispatcherServlet        : Initializing Servlet 'dispatcherServlet'
2026-03-16T00:50:19.270+05:30  INFO 2948 --- [E_Commerce_Backend_System] [http-nio-8080-exec-1] o.s.web.servlet.DispatcherServlet        : Completed initialization in 5 ms
2026-03-16T00:50:33.382+05:30 DEBUG 2948 --- [E_Commerce_Backend_System] [http-nio-8080-exec-2] c.i.E.service.DemoUserService            : Attempting to load user details for username: 'Rajesh'
2026-03-16T00:50:34.068+05:30 DEBUG 2948 --- [E_Commerce_Backend_System] [http-nio-8080-exec-2] c.i.E.service.DemoUserService            : Successfully loaded user details for username: 'Rajesh'
2026-03-16T00:50:37.192+05:30 DEBUG 2948 --- [E_Commerce_Backend_System] [http-nio-8080-exec-4] c.i.E.service.DemoUserService            : Attempting to load user details for username: 'Rajesh'
2026-03-16T00:50:37.207+05:30 DEBUG 2948 --- [E_Commerce_Backend_System] [http-nio-8080-exec-4] c.i.E.service.DemoUserService            : Successfully loaded user details for username: 'Rajesh'
2026-03-16T00:51:35.709+05:30  INFO 2948 --- [E_Commerce_Backend_System] [RMI TCP Connection(4)-127.0.0.1] inMXBeanRegistrar$SpringApplicationAdmin : Application shutdown requested.
2026-03-16T00:51:35.720+05:30  INFO 2948 --- [E_Commerce_Backend_System] [RMI TCP Connection(4)-127.0.0.1] o.s.boot.tomcat.GracefulShutdown         : Commencing graceful shutdown. Waiting for active requests to complete
2026-03-16T00:51:35.739+05:30  INFO 2948 --- [E_Commerce_Backend_System] [tomcat-shutdown] o.s.boot.tomcat.GracefulShutdown         : Graceful shutdown complete
2026-03-16T00:51:35.750+05:30  INFO 2948 --- [E_Commerce_Backend_System] [RMI TCP Connection(4)-127.0.0.1] j.LocalContainerEntityManagerFactoryBean : Closing JPA EntityManagerFactory for persistence unit 'default'
2026-03-16T00:51:35.757+05:30  INFO 2948 --- [E_Commerce_Backend_System] [RMI TCP Connection(4)-127.0.0.1] com.zaxxer.hikari.HikariDataSource       : ECommerceBackendSystemApplication - Shutdown initiated...
2026-03-16T00:51:35.776+05:30  INFO 2948 --- [E_Commerce_Backend_System] [RMI TCP Connection(4)-127.0.0.1] com.zaxxer.hikari.HikariDataSource       : ECommerceBackendSystemApplication - Shutdown completed.
2026-03-16T00:51:56.343+05:30  INFO 16936 --- [E_Commerce_Backend_System] [main] c.i.E.ECommerceBackendSystemApplication  : Starting ECommerceBackendSystemApplication using Java 21.0.9 with PID 16936 (D:\JAVA-PROGRAMMING\ProductionJava\E_Commerce_Backend_System\target\classes started by rkjra in D:\JAVA-PROGRAMMING\ProductionJava\E_Commerce_Backend_System)
2026-03-16T00:51:56.348+05:30  INFO 16936 --- [E_Commerce_Backend_System] [main] c.i.E.ECommerceBackendSystemApplication  : No active profile set, falling back to 1 default profile: "default"
2026-03-16T00:51:57.608+05:30  INFO 16936 --- [E_Commerce_Backend_System] [main] .s.d.r.c.RepositoryConfigurationDelegate : Bootstrapping Spring Data JPA repositories in DEFAULT mode.
2026-03-16T00:51:57.742+05:30  INFO 16936 --- [E_Commerce_Backend_System] [main] .s.d.r.c.RepositoryConfigurationDelegate : Finished Spring Data repository scanning in 110 ms. Found 6 JPA repository interfaces.
2026-03-16T00:51:58.967+05:30  INFO 16936 --- [E_Commerce_Backend_System] [main] o.s.boot.tomcat.TomcatWebServer          : Tomcat initialized with port 8080 (http)
2026-03-16T00:51:58.996+05:30  INFO 16936 --- [E_Commerce_Backend_System] [main] o.apache.catalina.core.StandardService   : Starting service [Tomcat]
2026-03-16T00:51:58.997+05:30  INFO 16936 --- [E_Commerce_Backend_System] [main] o.apache.catalina.core.StandardEngine    : Starting Servlet engine: [Apache Tomcat/11.0.18]
2026-03-16T00:51:59.146+05:30  INFO 16936 --- [E_Commerce_Backend_System] [main] b.w.c.s.WebApplicationContextInitializer : Root WebApplicationContext: initialization completed in 2710 ms
2026-03-16T00:51:59.478+05:30  INFO 16936 --- [E_Commerce_Backend_System] [main] org.hibernate.orm.jpa                    : HHH008540: Processing PersistenceUnitInfo [name: default]
2026-03-16T00:51:59.627+05:30  INFO 16936 --- [E_Commerce_Backend_System] [main] org.hibernate.orm.core                   : HHH000001: Hibernate ORM core version 7.2.4.Final
2026-03-16T00:52:00.491+05:30  INFO 16936 --- [E_Commerce_Backend_System] [main] o.s.o.j.p.SpringPersistenceUnitInfo      : No LoadTimeWeaver setup: ignoring JPA class transformer
2026-03-16T00:52:00.553+05:30  INFO 16936 --- [E_Commerce_Backend_System] [main] com.zaxxer.hikari.HikariDataSource       : ECommerceBackendSystemApplication - Starting...
2026-03-16T00:52:01.130+05:30  INFO 16936 --- [E_Commerce_Backend_System] [main] com.zaxxer.hikari.pool.HikariPool        : ECommerceBackendSystemApplication - Added connection com.mysql.cj.jdbc.ConnectionImpl@1136122a
2026-03-16T00:52:01.133+05:30  INFO 16936 --- [E_Commerce_Backend_System] [main] com.zaxxer.hikari.HikariDataSource       : ECommerceBackendSystemApplication - Start completed.
2026-03-16T00:52:01.229+05:30  WARN 16936 --- [E_Commerce_Backend_System] [main] org.hibernate.orm.deprecation            : HHH90000025: MySQLDialect does not need to be specified explicitly using 'hibernate.dialect' (remove the property setting and it will be selected by default)
2026-03-16T00:52:01.271+05:30  INFO 16936 --- [E_Commerce_Backend_System] [main] org.hibernate.orm.connections.pooling    : HHH10001005: Database info:
	Database JDBC URL [jdbc:mysql://localhost:3306/inctureECommerceDatabase]
	Database driver: MySQL Connector/J
	Database dialect: MySQLDialect
	Database version: 8.0.34
	Default catalog/schema: inctureECommerceDatabase/undefined
	Autocommit mode: undefined/unknown
	Isolation level: REPEATABLE_READ [default REPEATABLE_READ]
	JDBC fetch size: none
	Pool: DataSourceConnectionProvider
	Minimum pool size: undefined/unknown
	Maximum pool size: undefined/unknown
2026-03-16T00:52:03.281+05:30  INFO 16936 --- [E_Commerce_Backend_System] [main] org.hibernate.orm.core                   : HHH000489: No JTA platform available (set 'hibernate.transaction.jta.platform' to enable JTA platform integration)
2026-03-16T00:52:03.408+05:30  INFO 16936 --- [E_Commerce_Backend_System] [main] j.LocalContainerEntityManagerFactoryBean : Initialized JPA EntityManagerFactory for persistence unit 'default'
2026-03-16T00:52:03.578+05:30  INFO 16936 --- [E_Commerce_Backend_System] [main] o.s.d.j.r.query.QueryEnhancerFactories   : Hibernate is in classpath; If applicable, HQL parser will be used.
2026-03-16T00:52:05.368+05:30  INFO 16936 --- [E_Commerce_Backend_System] [main] eAuthenticationProviderManagerConfigurer : Global AuthenticationManager configured with AuthenticationProvider bean with name authenticationProvider
2026-03-16T00:52:05.369+05:30  WARN 16936 --- [E_Commerce_Backend_System] [main] r$InitializeUserDetailsManagerConfigurer : Global AuthenticationManager configured with an AuthenticationProvider bean. UserDetailsService beans will not be used by Spring Security for automatically configuring username/password login. Consider removing the AuthenticationProvider bean. Alternatively, consider using the UserDetailsService in a manually instantiated DaoAuthenticationProvider. If the current configuration is intentional, to turn off this warning, increase the logging level of 'org.springframework.security.config.annotation.authentication.configuration.InitializeUserDetailsBeanManagerConfigurer' to ERROR
2026-03-16T00:52:05.509+05:30  WARN 16936 --- [E_Commerce_Backend_System] [main] JpaBaseConfiguration$JpaWebConfiguration : spring.jpa.open-in-view is enabled by default. Therefore, database queries may be performed during view rendering. Explicitly configure spring.jpa.open-in-view to disable this warning
2026-03-16T00:52:06.020+05:30  INFO 16936 --- [E_Commerce_Backend_System] [main] o.s.v.b.OptionalValidatorFactoryBean     : Failed to set up a Bean Validation provider: jakarta.validation.NoProviderFoundException: Unable to create a Configuration, because no Jakarta Validation provider could be found. Add a provider like Hibernate Validator (RI) to your classpath.
2026-03-16T00:52:06.652+05:30  INFO 16936 --- [E_Commerce_Backend_System] [main] o.s.boot.tomcat.TomcatWebServer          : Tomcat started on port 8080 (http) with context path '/'
2026-03-16T00:52:06.661+05:30  INFO 16936 --- [E_Commerce_Backend_System] [main] c.i.E.ECommerceBackendSystemApplication  : Started ECommerceBackendSystemApplication in 11.006 seconds (process running for 12.34)
2026-03-16T00:52:11.124+05:30  INFO 16936 --- [E_Commerce_Backend_System] [http-nio-8080-exec-1] o.a.c.c.C.[Tomcat].[localhost].[/]       : Initializing Spring DispatcherServlet 'dispatcherServlet'
2026-03-16T00:52:11.125+05:30  INFO 16936 --- [E_Commerce_Backend_System] [http-nio-8080-exec-1] o.s.web.servlet.DispatcherServlet        : Initializing Servlet 'dispatcherServlet'
2026-03-16T00:52:11.130+05:30  INFO 16936 --- [E_Commerce_Backend_System] [http-nio-8080-exec-1] o.s.web.servlet.DispatcherServlet        : Completed initialization in 4 ms
2026-03-16T00:52:12.641+05:30 DEBUG 16936 --- [E_Commerce_Backend_System] [http-nio-8080-exec-1] c.i.E.service.DemoUserService            : Attempting to load user details for username: 'Rajesh'
2026-03-16T00:52:13.093+05:30 DEBUG 16936 --- [E_Commerce_Backend_System] [http-nio-8080-exec-1] c.i.E.service.DemoUserService            : Successfully loaded user details for username: 'Rajesh'
2026-03-16T00:54:35.962+05:30  INFO 16936 --- [E_Commerce_Backend_System] [RMI TCP Connection(7)-127.0.0.1] inMXBeanRegistrar$SpringApplicationAdmin : Application shutdown requested.
2026-03-16T00:54:35.970+05:30  INFO 16936 --- [E_Commerce_Backend_System] [RMI TCP Connection(7)-127.0.0.1] o.s.boot.tomcat.GracefulShutdown         : Commencing graceful shutdown. Waiting for active requests to complete
2026-03-16T00:54:35.988+05:30  INFO 16936 --- [E_Commerce_Backend_System] [tomcat-shutdown] o.s.boot.tomcat.GracefulShutdown         : Graceful shutdown complete
2026-03-16T00:54:35.996+05:30  INFO 16936 --- [E_Commerce_Backend_System] [RMI TCP Connection(7)-127.0.0.1] j.LocalContainerEntityManagerFactoryBean : Closing JPA EntityManagerFactory for persistence unit 'default'
2026-03-16T00:54:36.000+05:30  INFO 16936 --- [E_Commerce_Backend_System] [RMI TCP Connection(7)-127.0.0.1] com.zaxxer.hikari.HikariDataSource       : ECommerceBackendSystemApplication - Shutdown initiated...
2026-03-16T00:54:36.015+05:30  INFO 16936 --- [E_Commerce_Backend_System] [RMI TCP Connection(7)-127.0.0.1] com.zaxxer.hikari.HikariDataSource       : ECommerceBackendSystemApplication - Shutdown completed.
2026-03-16T00:55:09.085+05:30  INFO 19768 --- [E_Commerce_Backend_System] [main] c.i.E.ECommerceBackendSystemApplication  : Starting ECommerceBackendSystemApplication using Java 21.0.9 with PID 19768 (D:\JAVA-PROGRAMMING\ProductionJava\E_Commerce_Backend_System\target\classes started by rkjra in D:\JAVA-PROGRAMMING\ProductionJava\E_Commerce_Backend_System)
2026-03-16T00:55:09.091+05:30  INFO 19768 --- [E_Commerce_Backend_System] [main] c.i.E.ECommerceBackendSystemApplication  : No active profile set, falling back to 1 default profile: "default"
2026-03-16T00:55:10.723+05:30  INFO 19768 --- [E_Commerce_Backend_System] [main] .s.d.r.c.RepositoryConfigurationDelegate : Bootstrapping Spring Data JPA repositories in DEFAULT mode.
2026-03-16T00:55:10.878+05:30  INFO 19768 --- [E_Commerce_Backend_System] [main] .s.d.r.c.RepositoryConfigurationDelegate : Finished Spring Data repository scanning in 136 ms. Found 6 JPA repository interfaces.
2026-03-16T00:55:11.788+05:30  INFO 19768 --- [E_Commerce_Backend_System] [main] o.s.boot.tomcat.TomcatWebServer          : Tomcat initialized with port 8080 (http)
2026-03-16T00:55:11.806+05:30  INFO 19768 --- [E_Commerce_Backend_System] [main] o.apache.catalina.core.StandardService   : Starting service [Tomcat]
2026-03-16T00:55:11.807+05:30  INFO 19768 --- [E_Commerce_Backend_System] [main] o.apache.catalina.core.StandardEngine    : Starting Servlet engine: [Apache Tomcat/11.0.18]
2026-03-16T00:55:11.884+05:30  INFO 19768 --- [E_Commerce_Backend_System] [main] b.w.c.s.WebApplicationContextInitializer : Root WebApplicationContext: initialization completed in 2707 ms
2026-03-16T00:55:12.103+05:30  INFO 19768 --- [E_Commerce_Backend_System] [main] org.hibernate.orm.jpa                    : HHH008540: Processing PersistenceUnitInfo [name: default]
2026-03-16T00:55:12.180+05:30  INFO 19768 --- [E_Commerce_Backend_System] [main] org.hibernate.orm.core                   : HHH000001: Hibernate ORM core version 7.2.4.Final
2026-03-16T00:55:12.743+05:30  INFO 19768 --- [E_Commerce_Backend_System] [main] o.s.o.j.p.SpringPersistenceUnitInfo      : No LoadTimeWeaver setup: ignoring JPA class transformer
2026-03-16T00:55:12.785+05:30  INFO 19768 --- [E_Commerce_Backend_System] [main] com.zaxxer.hikari.HikariDataSource       : ECommerceBackendSystemApplication - Starting...
2026-03-16T00:55:13.281+05:30  INFO 19768 --- [E_Commerce_Backend_System] [main] com.zaxxer.hikari.pool.HikariPool        : ECommerceBackendSystemApplication - Added connection com.mysql.cj.jdbc.ConnectionImpl@4713b631
2026-03-16T00:55:13.284+05:30  INFO 19768 --- [E_Commerce_Backend_System] [main] com.zaxxer.hikari.HikariDataSource       : ECommerceBackendSystemApplication - Start completed.
2026-03-16T00:55:13.383+05:30  WARN 19768 --- [E_Commerce_Backend_System] [main] org.hibernate.orm.deprecation            : HHH90000025: MySQLDialect does not need to be specified explicitly using 'hibernate.dialect' (remove the property setting and it will be selected by default)
2026-03-16T00:55:13.429+05:30  INFO 19768 --- [E_Commerce_Backend_System] [main] org.hibernate.orm.connections.pooling    : HHH10001005: Database info:
	Database JDBC URL [jdbc:mysql://localhost:3306/inctureECommerceDatabase]
	Database driver: MySQL Connector/J
	Database dialect: MySQLDialect
	Database version: 8.0.34
	Default catalog/schema: inctureECommerceDatabase/undefined
	Autocommit mode: undefined/unknown
	Isolation level: REPEATABLE_READ [default REPEATABLE_READ]
	JDBC fetch size: none
	Pool: DataSourceConnectionProvider
	Minimum pool size: undefined/unknown
	Maximum pool size: undefined/unknown
2026-03-16T00:55:14.958+05:30  INFO 19768 --- [E_Commerce_Backend_System] [main] org.hibernate.orm.core                   : HHH000489: No JTA platform available (set 'hibernate.transaction.jta.platform' to enable JTA platform integration)
2026-03-16T00:55:15.096+05:30  INFO 19768 --- [E_Commerce_Backend_System] [main] j.LocalContainerEntityManagerFactoryBean : Initialized JPA EntityManagerFactory for persistence unit 'default'
2026-03-16T00:55:15.192+05:30  INFO 19768 --- [E_Commerce_Backend_System] [main] o.s.d.j.r.query.QueryEnhancerFactories   : Hibernate is in classpath; If applicable, HQL parser will be used.
2026-03-16T00:55:16.540+05:30  INFO 19768 --- [E_Commerce_Backend_System] [main] eAuthenticationProviderManagerConfigurer : Global AuthenticationManager configured with AuthenticationProvider bean with name authenticationProvider
2026-03-16T00:55:16.541+05:30  WARN 19768 --- [E_Commerce_Backend_System] [main] r$InitializeUserDetailsManagerConfigurer : Global AuthenticationManager configured with an AuthenticationProvider bean. UserDetailsService beans will not be used by Spring Security for automatically configuring username/password login. Consider removing the AuthenticationProvider bean. Alternatively, consider using the UserDetailsService in a manually instantiated DaoAuthenticationProvider. If the current configuration is intentional, to turn off this warning, increase the logging level of 'org.springframework.security.config.annotation.authentication.configuration.InitializeUserDetailsBeanManagerConfigurer' to ERROR
2026-03-16T00:55:16.724+05:30  WARN 19768 --- [E_Commerce_Backend_System] [main] JpaBaseConfiguration$JpaWebConfiguration : spring.jpa.open-in-view is enabled by default. Therefore, database queries may be performed during view rendering. Explicitly configure spring.jpa.open-in-view to disable this warning
2026-03-16T00:55:17.240+05:30  INFO 19768 --- [E_Commerce_Backend_System] [main] o.s.v.b.OptionalValidatorFactoryBean     : Failed to set up a Bean Validation provider: jakarta.validation.NoProviderFoundException: Unable to create a Configuration, because no Jakarta Validation provider could be found. Add a provider like Hibernate Validator (RI) to your classpath.
2026-03-16T00:55:17.988+05:30  INFO 19768 --- [E_Commerce_Backend_System] [main] o.s.boot.tomcat.TomcatWebServer          : Tomcat started on port 8080 (http) with context path '/'
2026-03-16T00:55:17.997+05:30  INFO 19768 --- [E_Commerce_Backend_System] [main] c.i.E.ECommerceBackendSystemApplication  : Started ECommerceBackendSystemApplication in 9.586 seconds (process running for 10.803)
2026-03-16T00:55:28.681+05:30  INFO 19768 --- [E_Commerce_Backend_System] [http-nio-8080-exec-4] o.a.c.c.C.[Tomcat].[localhost].[/]       : Initializing Spring DispatcherServlet 'dispatcherServlet'
2026-03-16T00:55:28.682+05:30  INFO 19768 --- [E_Commerce_Backend_System] [http-nio-8080-exec-4] o.s.web.servlet.DispatcherServlet        : Initializing Servlet 'dispatcherServlet'
2026-03-16T00:55:28.688+05:30  INFO 19768 --- [E_Commerce_Backend_System] [http-nio-8080-exec-4] o.s.web.servlet.DispatcherServlet        : Completed initialization in 5 ms
2026-03-16T00:55:30.174+05:30 DEBUG 19768 --- [E_Commerce_Backend_System] [http-nio-8080-exec-4] c.i.E.service.DemoUserService            : Attempting to load user details for username: 'Rajesh'
2026-03-16T00:55:30.562+05:30 DEBUG 19768 --- [E_Commerce_Backend_System] [http-nio-8080-exec-4] c.i.E.service.DemoUserService            : Successfully loaded user details for username: 'Rajesh'
2026-03-16T00:55:32.354+05:30 DEBUG 19768 --- [E_Commerce_Backend_System] [http-nio-8080-exec-3] c.i.E.service.DemoUserService            : Attempting to load user details for username: 'Rajesh'
2026-03-16T00:55:32.374+05:30 DEBUG 19768 --- [E_Commerce_Backend_System] [http-nio-8080-exec-5] c.i.E.service.DemoUserService            : Attempting to load user details for username: 'Rajesh'
2026-03-16T00:55:32.378+05:30 DEBUG 19768 --- [E_Commerce_Backend_System] [http-nio-8080-exec-6] c.i.E.service.DemoUserService            : Attempting to load user details for username: 'Rajesh'
2026-03-16T00:55:32.380+05:30 DEBUG 19768 --- [E_Commerce_Backend_System] [http-nio-8080-exec-7] c.i.E.service.DemoUserService            : Attempting to load user details for username: 'Rajesh'
2026-03-16T00:55:32.376+05:30 DEBUG 19768 --- [E_Commerce_Backend_System] [http-nio-8080-exec-3] c.i.E.service.DemoUserService            : Successfully loaded user details for username: 'Rajesh'
2026-03-16T00:55:32.386+05:30 DEBUG 19768 --- [E_Commerce_Backend_System] [http-nio-8080-exec-5] c.i.E.service.DemoUserService            : Successfully loaded user details for username: 'Rajesh'
2026-03-16T00:55:32.386+05:30 DEBUG 19768 --- [E_Commerce_Backend_System] [http-nio-8080-exec-2] c.i.E.service.DemoUserService            : Attempting to load user details for username: 'Rajesh'
2026-03-16T00:55:32.404+05:30 DEBUG 19768 --- [E_Commerce_Backend_System] [http-nio-8080-exec-7] c.i.E.service.DemoUserService            : Successfully loaded user details for username: 'Rajesh'
2026-03-16T00:55:32.407+05:30 DEBUG 19768 --- [E_Commerce_Backend_System] [http-nio-8080-exec-2] c.i.E.service.DemoUserService            : Successfully loaded user details for username: 'Rajesh'
2026-03-16T00:55:32.407+05:30 DEBUG 19768 --- [E_Commerce_Backend_System] [http-nio-8080-exec-6] c.i.E.service.DemoUserService            : Successfully loaded user details for username: 'Rajesh'
2026-03-16T00:55:34.450+05:30 DEBUG 19768 --- [E_Commerce_Backend_System] [http-nio-8080-exec-1] c.i.E.service.DemoUserService            : Attempting to load user details for username: 'Rajesh'
2026-03-16T00:55:34.450+05:30 DEBUG 19768 --- [E_Commerce_Backend_System] [http-nio-8080-exec-9] c.i.E.service.DemoUserService            : Attempting to load user details for username: 'Rajesh'
2026-03-16T00:55:34.465+05:30 DEBUG 19768 --- [E_Commerce_Backend_System] [http-nio-8080-exec-1] c.i.E.service.DemoUserService            : Successfully loaded user details for username: 'Rajesh'
2026-03-16T00:55:34.465+05:30 DEBUG 19768 --- [E_Commerce_Backend_System] [http-nio-8080-exec-9] c.i.E.service.DemoUserService            : Successfully loaded user details for username: 'Rajesh'
2026-03-16T00:55:36.112+05:30 DEBUG 19768 --- [E_Commerce_Backend_System] [http-nio-8080-exec-10] c.i.E.service.DemoUserService            : Attempting to load user details for username: 'Rajesh'
2026-03-16T00:55:36.122+05:30 DEBUG 19768 --- [E_Commerce_Backend_System] [http-nio-8080-exec-10] c.i.E.service.DemoUserService            : Successfully loaded user details for username: 'Rajesh'
2026-03-16T00:55:38.458+05:30 ERROR 19768 --- [E_Commerce_Backend_System] [http-nio-8080-exec-10] o.a.c.c.C.[.[.[/].[dispatcherServlet]    : Servlet.service() for servlet [dispatcherServlet] in context with path [] threw exception [Handler dispatch failed: java.lang.NoSuchMethodError: 'void org.springframework.web.method.ControllerAdviceBean.<init>(java.lang.Object)'] with root cause

java.lang.NoSuchMethodError: 'void org.springframework.web.method.ControllerAdviceBean.<init>(java.lang.Object)'
	at org.springdoc.core.service.GenericResponseService.lambda$getGenericMapResponse$8(GenericResponseService.java:706) ~[springdoc-openapi-starter-common-2.6.0.jar:2.6.0]
	at java.base/java.util.stream.ReferencePipeline$2$1.accept(ReferencePipeline.java:178) ~[na:na]
	at java.base/java.util.Spliterators$ArraySpliterator.forEachRemaining(Spliterators.java:1024) ~[na:na]
	at java.base/java.util.stream.AbstractPipeline.copyInto(AbstractPipeline.java:509) ~[na:na]
	at java.base/java.util.stream.AbstractPipeline.wrapAndCopyInto(AbstractPipeline.java:499) ~[na:na]
	at java.base/java.util.stream.AbstractPipeline.evaluate(AbstractPipeline.java:575) ~[na:na]
	at java.base/java.util.stream.AbstractPipeline.evaluateToArrayNode(AbstractPipeline.java:260) ~[na:na]
	at java.base/java.util.stream.ReferencePipeline.toArray(ReferencePipeline.java:616) ~[na:na]
	at java.base/java.util.stream.ReferencePipeline.toArray(ReferencePipeline.java:622) ~[na:na]
	at java.base/java.util.stream.ReferencePipeline.toList(ReferencePipeline.java:627) ~[na:na]
	at org.springdoc.core.service.GenericResponseService.getGenericMapResponse(GenericResponseService.java:708) ~[springdoc-openapi-starter-common-2.6.0.jar:2.6.0]
	at org.springdoc.core.service.GenericResponseService.build(GenericResponseService.java:247) ~[springdoc-openapi-starter-common-2.6.0.jar:2.6.0]
	at org.springdoc.api.AbstractOpenApiResource.calculatePath(AbstractOpenApiResource.java:499) ~[springdoc-openapi-starter-common-2.6.0.jar:2.6.0]
	at org.springdoc.api.AbstractOpenApiResource.calculatePath(AbstractOpenApiResource.java:676) ~[springdoc-openapi-starter-common-2.6.0.jar:2.6.0]
	at org.springdoc.webmvc.api.OpenApiResource.lambda$calculatePath$11(OpenApiResource.java:220) ~[springdoc-openapi-starter-webmvc-api-2.6.0.jar:2.6.0]
	at java.base/java.util.Optional.ifPresent(Optional.java:178) ~[na:na]
	at org.springdoc.webmvc.api.OpenApiResource.calculatePath(OpenApiResource.java:201) ~[springdoc-openapi-starter-webmvc-api-2.6.0.jar:2.6.0]
	at org.springdoc.webmvc.api.OpenApiResource.lambda$getPaths$2(OpenApiResource.java:171) ~[springdoc-openapi-starter-webmvc-api-2.6.0.jar:2.6.0]
	at java.base/java.util.Optional.ifPresent(Optional.java:178) ~[na:na]
	at org.springdoc.webmvc.api.OpenApiResource.getPaths(OpenApiResource.java:150) ~[springdoc-openapi-starter-webmvc-api-2.6.0.jar:2.6.0]
	at org.springdoc.api.AbstractOpenApiResource.getOpenApi(AbstractOpenApiResource.java:353) ~[springdoc-openapi-starter-common-2.6.0.jar:2.6.0]
	at org.springdoc.webmvc.api.OpenApiResource.openapiJson(OpenApiResource.java:125) ~[springdoc-openapi-starter-webmvc-api-2.6.0.jar:2.6.0]
	at org.springdoc.webmvc.api.OpenApiWebMvcResource.openapiJson(OpenApiWebMvcResource.java:114) ~[springdoc-openapi-starter-webmvc-api-2.6.0.jar:2.6.0]
	at java.base/jdk.internal.reflect.DirectMethodHandleAccessor.invoke(DirectMethodHandleAccessor.java:103) ~[na:na]
	at java.base/java.lang.reflect.Method.invoke(Method.java:580) ~[na:na]
	at org.springframework.web.method.support.InvocableHandlerMethod.doInvoke(InvocableHandlerMethod.java:252) ~[spring-web-7.0.5.jar:7.0.5]
	at org.springframework.web.method.support.InvocableHandlerMethod.invokeForRequest(InvocableHandlerMethod.java:184) ~[spring-web-7.0.5.jar:7.0.5]
	at org.springframework.web.servlet.mvc.method.annotation.ServletInvocableHandlerMethod.invokeAndHandle(ServletInvocableHandlerMethod.java:117) ~[spring-webmvc-7.0.5.jar:7.0.5]
	at org.springframework.web.servlet.mvc.method.annotation.RequestMappingHandlerAdapter.invokeHandlerMethod(RequestMappingHandlerAdapter.java:934) ~[spring-webmvc-7.0.5.jar:7.0.5]
	at org.springframework.web.servlet.mvc.method.annotation.RequestMappingHandlerAdapter.handleInternal(RequestMappingHandlerAdapter.java:853) ~[spring-webmvc-7.0.5.jar:7.0.5]
	at org.springframework.web.servlet.mvc.method.AbstractHandlerMethodAdapter.handle(AbstractHandlerMethodAdapter.java:86) ~[spring-webmvc-7.0.5.jar:7.0.5]
	at org.springframework.web.servlet.DispatcherServlet.doDispatch(DispatcherServlet.java:963) ~[spring-webmvc-7.0.5.jar:7.0.5]
	at org.springframework.web.servlet.DispatcherServlet.doService(DispatcherServlet.java:866) ~[spring-webmvc-7.0.5.jar:7.0.5]
	at org.springframework.web.servlet.FrameworkServlet.processRequest(FrameworkServlet.java:1000) ~[spring-webmvc-7.0.5.jar:7.0.5]
	at org.springframework.web.servlet.FrameworkServlet.doGet(FrameworkServlet.java:892) ~[spring-webmvc-7.0.5.jar:7.0.5]
	at jakarta.servlet.http.HttpServlet.service(HttpServlet.java:622) ~[tomcat-embed-core-11.0.18.jar:6.1]
	at org.springframework.web.servlet.FrameworkServlet.service(FrameworkServlet.java:874) ~[spring-webmvc-7.0.5.jar:7.0.5]
	at jakarta.servlet.http.HttpServlet.service(HttpServlet.java:710) ~[tomcat-embed-core-11.0.18.jar:6.1]
	at org.apache.catalina.core.ApplicationFilterChain.doFilter(ApplicationFilterChain.java:128) ~[tomcat-embed-core-11.0.18.jar:11.0.18]
	at org.apache.tomcat.websocket.server.WsFilter.doFilter(WsFilter.java:53) ~[tomcat-embed-websocket-11.0.18.jar:11.0.18]
	at org.apache.catalina.core.ApplicationFilterChain.doFilter(ApplicationFilterChain.java:107) ~[tomcat-embed-core-11.0.18.jar:11.0.18]
	at org.springframework.web.filter.OncePerRequestFilter.doFilter(OncePerRequestFilter.java:110) ~[spring-web-7.0.5.jar:7.0.5]
	at org.apache.catalina.core.ApplicationFilterChain.doFilter(ApplicationFilterChain.java:107) ~[tomcat-embed-core-11.0.18.jar:11.0.18]
	at org.springframework.web.filter.CompositeFilter$VirtualFilterChain.doFilter(CompositeFilter.java:108) ~[spring-web-7.0.5.jar:7.0.5]
	at org.springframework.security.web.FilterChainProxy.lambda$doFilterInternal$3(FilterChainProxy.java:235) ~[spring-security-web-7.0.3.jar:7.0.3]
	at org.springframework.security.web.FilterChainProxy$VirtualFilterChain.doFilter(FilterChainProxy.java:371) ~[spring-security-web-7.0.3.jar:7.0.3]
	at org.springframework.security.web.access.intercept.AuthorizationFilter.doFilter(AuthorizationFilter.java:101) ~[spring-security-web-7.0.3.jar:7.0.3]
	at org.springframework.security.web.FilterChainProxy$VirtualFilterChain.doFilter(FilterChainProxy.java:380) ~[spring-security-web-7.0.3.jar:7.0.3]
	at org.springframework.security.web.access.ExceptionTranslationFilter.doFilter(ExceptionTranslationFilter.java:126) ~[spring-security-web-7.0.3.jar:7.0.3]
	at org.springframework.security.web.access.ExceptionTranslationFilter.doFilter(ExceptionTranslationFilter.java:120) ~[spring-security-web-7.0.3.jar:7.0.3]
	at org.springframework.security.web.FilterChainProxy$VirtualFilterChain.doFilter(FilterChainProxy.java:380) ~[spring-security-web-7.0.3.jar:7.0.3]
	at org.springframework.security.web.session.SessionManagementFilter.doFilter(SessionManagementFilter.java:132) ~[spring-security-web-7.0.3.jar:7.0.3]
	at org.springframework.security.web.session.SessionManagementFilter.doFilter(SessionManagementFilter.java:86) ~[spring-security-web-7.0.3.jar:7.0.3]
	at org.springframework.security.web.FilterChainProxy$VirtualFilterChain.doFilter(FilterChainProxy.java:380) ~[spring-security-web-7.0.3.jar:7.0.3]
	at org.springframework.security.web.authentication.AnonymousAuthenticationFilter.doFilter(AnonymousAuthenticationFilter.java:100) ~[spring-security-web-7.0.3.jar:7.0.3]
	at org.springframework.security.web.FilterChainProxy$VirtualFilterChain.doFilter(FilterChainProxy.java:380) ~[spring-security-web-7.0.3.jar:7.0.3]
	at org.springframework.security.web.servletapi.SecurityContextHolderAwareRequestFilter.doFilter(SecurityContextHolderAwareRequestFilter.java:181) ~[spring-security-web-7.0.3.jar:7.0.3]
	at org.springframework.security.web.FilterChainProxy$VirtualFilterChain.doFilter(FilterChainProxy.java:380) ~[spring-security-web-7.0.3.jar:7.0.3]
	at org.springframework.security.web.savedrequest.RequestCacheAwareFilter.doFilter(RequestCacheAwareFilter.java:63) ~[spring-security-web-7.0.3.jar:7.0.3]
	at org.springframework.security.web.FilterChainProxy$VirtualFilterChain.doFilter(FilterChainProxy.java:380) ~[spring-security-web-7.0.3.jar:7.0.3]
	at org.springframework.security.web.authentication.www.BasicAuthenticationFilter.doFilterInternal(BasicAuthenticationFilter.java:247) ~[spring-security-web-7.0.3.jar:7.0.3]
	at org.springframework.web.filter.OncePerRequestFilter.doFilter(OncePerRequestFilter.java:116) ~[spring-web-7.0.5.jar:7.0.5]
	at org.springframework.security.web.FilterChainProxy$VirtualFilterChain.doFilter(FilterChainProxy.java:380) ~[spring-security-web-7.0.3.jar:7.0.3]
	at com.incture.E_Commerce_Backend_System.filter.JWTFilter.doFilterInternal(JWTFilter.java:64) ~[classes/:na]
	at org.springframework.web.filter.OncePerRequestFilter.doFilter(OncePerRequestFilter.java:116) ~[spring-web-7.0.5.jar:7.0.5]
	at org.springframework.security.web.FilterChainProxy$VirtualFilterChain.doFilter(FilterChainProxy.java:380) ~[spring-security-web-7.0.3.jar:7.0.3]
	at org.springframework.security.web.authentication.logout.LogoutFilter.doFilter(LogoutFilter.java:110) ~[spring-security-web-7.0.3.jar:7.0.3]
	at org.springframework.security.web.authentication.logout.LogoutFilter.doFilter(LogoutFilter.java:96) ~[spring-security-web-7.0.3.jar:7.0.3]
	at org.springframework.security.web.FilterChainProxy$VirtualFilterChain.doFilter(FilterChainProxy.java:380) ~[spring-security-web-7.0.3.jar:7.0.3]
	at org.springframework.security.web.header.HeaderWriterFilter.doHeadersAfter(HeaderWriterFilter.java:90) ~[spring-security-web-7.0.3.jar:7.0.3]
	at org.springframework.security.web.header.HeaderWriterFilter.doFilterInternal(HeaderWriterFilter.java:75) ~[spring-security-web-7.0.3.jar:7.0.3]
	at org.springframework.web.filter.OncePerRequestFilter.doFilter(OncePerRequestFilter.java:116) ~[spring-web-7.0.5.jar:7.0.5]
	at org.springframework.security.web.FilterChainProxy$VirtualFilterChain.doFilter(FilterChainProxy.java:380) ~[spring-security-web-7.0.3.jar:7.0.3]
	at org.springframework.security.web.context.SecurityContextHolderFilter.doFilter(SecurityContextHolderFilter.java:82) ~[spring-security-web-7.0.3.jar:7.0.3]
	at org.springframework.security.web.context.SecurityContextHolderFilter.doFilter(SecurityContextHolderFilter.java:69) ~[spring-security-web-7.0.3.jar:7.0.3]
	at org.springframework.security.web.FilterChainProxy$VirtualFilterChain.doFilter(FilterChainProxy.java:380) ~[spring-security-web-7.0.3.jar:7.0.3]
	at org.springframework.security.web.context.request.async.WebAsyncManagerIntegrationFilter.doFilterInternal(WebAsyncManagerIntegrationFilter.java:62) ~[spring-security-web-7.0.3.jar:7.0.3]
	at org.springframework.web.filter.OncePerRequestFilter.doFilter(OncePerRequestFilter.java:116) ~[spring-web-7.0.5.jar:7.0.5]
	at org.springframework.security.web.FilterChainProxy$VirtualFilterChain.doFilter(FilterChainProxy.java:380) ~[spring-security-web-7.0.3.jar:7.0.3]
	at org.springframework.security.web.session.DisableEncodeUrlFilter.doFilterInternal(DisableEncodeUrlFilter.java:42) ~[spring-security-web-7.0.3.jar:7.0.3]
	at org.springframework.web.filter.OncePerRequestFilter.doFilter(OncePerRequestFilter.java:116) ~[spring-web-7.0.5.jar:7.0.5]
	at org.springframework.security.web.FilterChainProxy$VirtualFilterChain.doFilter(FilterChainProxy.java:380) ~[spring-security-web-7.0.3.jar:7.0.3]
	at org.springframework.security.web.FilterChainProxy.doFilterInternal(FilterChainProxy.java:237) ~[spring-security-web-7.0.3.jar:7.0.3]
	at org.springframework.security.web.FilterChainProxy.doFilter(FilterChainProxy.java:195) ~[spring-security-web-7.0.3.jar:7.0.3]
	at org.springframework.web.filter.CompositeFilter$VirtualFilterChain.doFilter(CompositeFilter.java:113) ~[spring-web-7.0.5.jar:7.0.5]
	at org.springframework.web.filter.ServletRequestPathFilter.doFilter(ServletRequestPathFilter.java:52) ~[spring-web-7.0.5.jar:7.0.5]
	at org.springframework.web.filter.CompositeFilter$VirtualFilterChain.doFilter(CompositeFilter.java:113) ~[spring-web-7.0.5.jar:7.0.5]
	at org.springframework.web.filter.CompositeFilter.doFilter(CompositeFilter.java:74) ~[spring-web-7.0.5.jar:7.0.5]
	at org.springframework.security.config.annotation.web.configuration.WebSecurityConfiguration$CompositeFilterChainProxy.doFilter(WebSecurityConfiguration.java:317) ~[spring-security-config-7.0.3.jar:7.0.3]
	at org.springframework.web.filter.DelegatingFilterProxy.invokeDelegate(DelegatingFilterProxy.java:355) ~[spring-web-7.0.5.jar:7.0.5]
	at org.springframework.web.filter.DelegatingFilterProxy.doFilter(DelegatingFilterProxy.java:272) ~[spring-web-7.0.5.jar:7.0.5]
	at org.apache.catalina.core.ApplicationFilterChain.doFilter(ApplicationFilterChain.java:107) ~[tomcat-embed-core-11.0.18.jar:11.0.18]
	at org.springframework.web.filter.RequestContextFilter.doFilterInternal(RequestContextFilter.java:100) ~[spring-web-7.0.5.jar:7.0.5]
	at org.springframework.web.filter.OncePerRequestFilter.doFilter(OncePerRequestFilter.java:116) ~[spring-web-7.0.5.jar:7.0.5]
	at org.apache.catalina.core.ApplicationFilterChain.doFilter(ApplicationFilterChain.java:107) ~[tomcat-embed-core-11.0.18.jar:11.0.18]
	at org.springframework.web.filter.FormContentFilter.doFilterInternal(FormContentFilter.java:93) ~[spring-web-7.0.5.jar:7.0.5]
	at org.springframework.web.filter.OncePerRequestFilter.doFilter(OncePerRequestFilter.java:116) ~[spring-web-7.0.5.jar:7.0.5]
	at org.apache.catalina.core.ApplicationFilterChain.doFilter(ApplicationFilterChain.java:107) ~[tomcat-embed-core-11.0.18.jar:11.0.18]
	at org.springframework.web.filter.CharacterEncodingFilter.doFilterInternal(CharacterEncodingFilter.java:199) ~[spring-web-7.0.5.jar:7.0.5]
	at org.springframework.web.filter.OncePerRequestFilter.doFilter(OncePerRequestFilter.java:116) ~[spring-web-7.0.5.jar:7.0.5]
	at org.apache.catalina.core.ApplicationFilterChain.doFilter(ApplicationFilterChain.java:107) ~[tomcat-embed-core-11.0.18.jar:11.0.18]
	at org.apache.catalina.core.StandardWrapperValve.invoke(StandardWrapperValve.java:165) ~[tomcat-embed-core-11.0.18.jar:11.0.18]
	at org.apache.catalina.core.StandardContextValve.invoke(StandardContextValve.java:77) ~[tomcat-embed-core-11.0.18.jar:11.0.18]
	at org.apache.catalina.authenticator.AuthenticatorBase.invoke(AuthenticatorBase.java:492) ~[tomcat-embed-core-11.0.18.jar:11.0.18]
	at org.apache.catalina.core.StandardHostValve.invoke(StandardHostValve.java:113) ~[tomcat-embed-core-11.0.18.jar:11.0.18]
	at org.apache.catalina.valves.ErrorReportValve.invoke(ErrorReportValve.java:83) ~[tomcat-embed-core-11.0.18.jar:11.0.18]
	at org.apache.catalina.core.StandardEngineValve.invoke(StandardEngineValve.java:72) ~[tomcat-embed-core-11.0.18.jar:11.0.18]
	at org.apache.catalina.connector.CoyoteAdapter.service(CoyoteAdapter.java:341) ~[tomcat-embed-core-11.0.18.jar:11.0.18]
	at org.apache.coyote.http11.Http11Processor.service(Http11Processor.java:397) ~[tomcat-embed-core-11.0.18.jar:11.0.18]
	at org.apache.coyote.AbstractProcessorLight.process(AbstractProcessorLight.java:63) ~[tomcat-embed-core-11.0.18.jar:11.0.18]
	at org.apache.coyote.AbstractProtocol$ConnectionHandler.process(AbstractProtocol.java:903) ~[tomcat-embed-core-11.0.18.jar:11.0.18]
	at org.apache.tomcat.util.net.NioEndpoint$SocketProcessor.doRun(NioEndpoint.java:1779) ~[tomcat-embed-core-11.0.18.jar:11.0.18]
	at org.apache.tomcat.util.net.SocketProcessorBase.run(SocketProcessorBase.java:52) ~[tomcat-embed-core-11.0.18.jar:11.0.18]
	at org.apache.tomcat.util.threads.ThreadPoolExecutor.runWorker(ThreadPoolExecutor.java:946) ~[tomcat-embed-core-11.0.18.jar:11.0.18]
	at org.apache.tomcat.util.threads.ThreadPoolExecutor$Worker.run(ThreadPoolExecutor.java:480) ~[tomcat-embed-core-11.0.18.jar:11.0.18]
	at org.apache.tomcat.util.threads.TaskThread$WrappingRunnable.run(TaskThread.java:57) ~[tomcat-embed-core-11.0.18.jar:11.0.18]
	at java.base/java.lang.Thread.run(Thread.java:1583) ~[na:na]

2026-03-16T00:55:55.839+05:30  INFO 19768 --- [E_Commerce_Backend_System] [RMI TCP Connection(4)-127.0.0.1] inMXBeanRegistrar$SpringApplicationAdmin : Application shutdown requested.
2026-03-16T00:55:55.846+05:30  INFO 19768 --- [E_Commerce_Backend_System] [RMI TCP Connection(4)-127.0.0.1] o.s.boot.tomcat.GracefulShutdown         : Commencing graceful shutdown. Waiting for active requests to complete
2026-03-16T00:55:55.859+05:30  INFO 19768 --- [E_Commerce_Backend_System] [tomcat-shutdown] o.s.boot.tomcat.GracefulShutdown         : Graceful shutdown complete
2026-03-16T00:55:55.868+05:30  INFO 19768 --- [E_Commerce_Backend_System] [RMI TCP Connection(4)-127.0.0.1] j.LocalContainerEntityManagerFactoryBean : Closing JPA EntityManagerFactory for persistence unit 'default'
2026-03-16T00:55:55.871+05:30  INFO 19768 --- [E_Commerce_Backend_System] [RMI TCP Connection(4)-127.0.0.1] com.zaxxer.hikari.HikariDataSource       : ECommerceBackendSystemApplication - Shutdown initiated...
2026-03-16T00:55:55.886+05:30  INFO 19768 --- [E_Commerce_Backend_System] [RMI TCP Connection(4)-127.0.0.1] com.zaxxer.hikari.HikariDataSource       : ECommerceBackendSystemApplication - Shutdown completed.
2026-03-16T00:55:59.402+05:30  INFO 17260 --- [E_Commerce_Backend_System] [main] c.i.E.ECommerceBackendSystemApplication  : Starting ECommerceBackendSystemApplication using Java 21.0.9 with PID 17260 (D:\JAVA-PROGRAMMING\ProductionJava\E_Commerce_Backend_System\target\classes started by rkjra in D:\JAVA-PROGRAMMING\ProductionJava\E_Commerce_Backend_System)
2026-03-16T00:55:59.407+05:30  INFO 17260 --- [E_Commerce_Backend_System] [main] c.i.E.ECommerceBackendSystemApplication  : No active profile set, falling back to 1 default profile: "default"
2026-03-16T00:56:00.764+05:30  INFO 17260 --- [E_Commerce_Backend_System] [main] .s.d.r.c.RepositoryConfigurationDelegate : Bootstrapping Spring Data JPA repositories in DEFAULT mode.
2026-03-16T00:56:00.862+05:30  INFO 17260 --- [E_Commerce_Backend_System] [main] .s.d.r.c.RepositoryConfigurationDelegate : Finished Spring Data repository scanning in 81 ms. Found 6 JPA repository interfaces.
2026-03-16T00:56:01.643+05:30  INFO 17260 --- [E_Commerce_Backend_System] [main] o.s.boot.tomcat.TomcatWebServer          : Tomcat initialized with port 8080 (http)
2026-03-16T00:56:01.666+05:30  INFO 17260 --- [E_Commerce_Backend_System] [main] o.apache.catalina.core.StandardService   : Starting service [Tomcat]
2026-03-16T00:56:01.667+05:30  INFO 17260 --- [E_Commerce_Backend_System] [main] o.apache.catalina.core.StandardEngine    : Starting Servlet engine: [Apache Tomcat/11.0.18]
2026-03-16T00:56:01.748+05:30  INFO 17260 --- [E_Commerce_Backend_System] [main] b.w.c.s.WebApplicationContextInitializer : Root WebApplicationContext: initialization completed in 2244 ms
2026-03-16T00:56:01.948+05:30  INFO 17260 --- [E_Commerce_Backend_System] [main] org.hibernate.orm.jpa                    : HHH008540: Processing PersistenceUnitInfo [name: default]
2026-03-16T00:56:02.016+05:30  INFO 17260 --- [E_Commerce_Backend_System] [main] org.hibernate.orm.core                   : HHH000001: Hibernate ORM core version 7.2.4.Final
2026-03-16T00:56:02.665+05:30  INFO 17260 --- [E_Commerce_Backend_System] [main] o.s.o.j.p.SpringPersistenceUnitInfo      : No LoadTimeWeaver setup: ignoring JPA class transformer
2026-03-16T00:56:02.711+05:30  INFO 17260 --- [E_Commerce_Backend_System] [main] com.zaxxer.hikari.HikariDataSource       : ECommerceBackendSystemApplication - Starting...
2026-03-16T00:56:03.306+05:30  INFO 17260 --- [E_Commerce_Backend_System] [main] com.zaxxer.hikari.pool.HikariPool        : ECommerceBackendSystemApplication - Added connection com.mysql.cj.jdbc.ConnectionImpl@4a45ca1c
2026-03-16T00:56:03.308+05:30  INFO 17260 --- [E_Commerce_Backend_System] [main] com.zaxxer.hikari.HikariDataSource       : ECommerceBackendSystemApplication - Start completed.
2026-03-16T00:56:03.408+05:30  WARN 17260 --- [E_Commerce_Backend_System] [main] org.hibernate.orm.deprecation            : HHH90000025: MySQLDialect does not need to be specified explicitly using 'hibernate.dialect' (remove the property setting and it will be selected by default)
2026-03-16T00:56:03.448+05:30  INFO 17260 --- [E_Commerce_Backend_System] [main] org.hibernate.orm.connections.pooling    : HHH10001005: Database info:
	Database JDBC URL [jdbc:mysql://localhost:3306/inctureECommerceDatabase]
	Database driver: MySQL Connector/J
	Database dialect: MySQLDialect
	Database version: 8.0.34
	Default catalog/schema: inctureECommerceDatabase/undefined
	Autocommit mode: undefined/unknown
	Isolation level: REPEATABLE_READ [default REPEATABLE_READ]
	JDBC fetch size: none
	Pool: DataSourceConnectionProvider
	Minimum pool size: undefined/unknown
	Maximum pool size: undefined/unknown
2026-03-16T00:56:04.875+05:30  INFO 17260 --- [E_Commerce_Backend_System] [main] org.hibernate.orm.core                   : HHH000489: No JTA platform available (set 'hibernate.transaction.jta.platform' to enable JTA platform integration)
2026-03-16T00:56:04.994+05:30  INFO 17260 --- [E_Commerce_Backend_System] [main] j.LocalContainerEntityManagerFactoryBean : Initialized JPA EntityManagerFactory for persistence unit 'default'
2026-03-16T00:56:05.101+05:30  INFO 17260 --- [E_Commerce_Backend_System] [main] o.s.d.j.r.query.QueryEnhancerFactories   : Hibernate is in classpath; If applicable, HQL parser will be used.
2026-03-16T00:56:06.685+05:30  INFO 17260 --- [E_Commerce_Backend_System] [main] eAuthenticationProviderManagerConfigurer : Global AuthenticationManager configured with AuthenticationProvider bean with name authenticationProvider
2026-03-16T00:56:06.685+05:30  WARN 17260 --- [E_Commerce_Backend_System] [main] r$InitializeUserDetailsManagerConfigurer : Global AuthenticationManager configured with an AuthenticationProvider bean. UserDetailsService beans will not be used by Spring Security for automatically configuring username/password login. Consider removing the AuthenticationProvider bean. Alternatively, consider using the UserDetailsService in a manually instantiated DaoAuthenticationProvider. If the current configuration is intentional, to turn off this warning, increase the logging level of 'org.springframework.security.config.annotation.authentication.configuration.InitializeUserDetailsBeanManagerConfigurer' to ERROR
2026-03-16T00:56:06.920+05:30  WARN 17260 --- [E_Commerce_Backend_System] [main] JpaBaseConfiguration$JpaWebConfiguration : spring.jpa.open-in-view is enabled by default. Therefore, database queries may be performed during view rendering. Explicitly configure spring.jpa.open-in-view to disable this warning
2026-03-16T00:56:07.394+05:30  INFO 17260 --- [E_Commerce_Backend_System] [main] o.s.v.b.OptionalValidatorFactoryBean     : Failed to set up a Bean Validation provider: jakarta.validation.NoProviderFoundException: Unable to create a Configuration, because no Jakarta Validation provider could be found. Add a provider like Hibernate Validator (RI) to your classpath.
2026-03-16T00:56:08.226+05:30  INFO 17260 --- [E_Commerce_Backend_System] [main] o.s.boot.tomcat.TomcatWebServer          : Tomcat started on port 8080 (http) with context path '/'
2026-03-16T00:56:08.238+05:30  INFO 17260 --- [E_Commerce_Backend_System] [main] c.i.E.ECommerceBackendSystemApplication  : Started ECommerceBackendSystemApplication in 9.5 seconds (process running for 10.857)
2026-03-16T00:56:12.523+05:30  INFO 17260 --- [E_Commerce_Backend_System] [http-nio-8080-exec-1] o.a.c.c.C.[Tomcat].[localhost].[/]       : Initializing Spring DispatcherServlet 'dispatcherServlet'
2026-03-16T00:56:12.525+05:30  INFO 17260 --- [E_Commerce_Backend_System] [http-nio-8080-exec-1] o.s.web.servlet.DispatcherServlet        : Initializing Servlet 'dispatcherServlet'
2026-03-16T00:56:12.532+05:30  INFO 17260 --- [E_Commerce_Backend_System] [http-nio-8080-exec-1] o.s.web.servlet.DispatcherServlet        : Completed initialization in 6 ms
2026-03-16T00:56:13.980+05:30 DEBUG 17260 --- [E_Commerce_Backend_System] [http-nio-8080-exec-1] c.i.E.service.DemoUserService            : Attempting to load user details for username: 'Rajesh'
2026-03-16T00:56:14.416+05:30 DEBUG 17260 --- [E_Commerce_Backend_System] [http-nio-8080-exec-1] c.i.E.service.DemoUserService            : Successfully loaded user details for username: 'Rajesh'
2026-03-16T00:56:16.115+05:30 DEBUG 17260 --- [E_Commerce_Backend_System] [http-nio-8080-exec-5] c.i.E.service.DemoUserService            : Attempting to load user details for username: 'Rajesh'
2026-03-16T00:56:16.115+05:30 DEBUG 17260 --- [E_Commerce_Backend_System] [http-nio-8080-exec-2] c.i.E.service.DemoUserService            : Attempting to load user details for username: 'Rajesh'
2026-03-16T00:56:16.117+05:30 DEBUG 17260 --- [E_Commerce_Backend_System] [http-nio-8080-exec-4] c.i.E.service.DemoUserService            : Attempting to load user details for username: 'Rajesh'
2026-03-16T00:56:16.115+05:30 DEBUG 17260 --- [E_Commerce_Backend_System] [http-nio-8080-exec-3] c.i.E.service.DemoUserService            : Attempting to load user details for username: 'Rajesh'
2026-03-16T00:56:16.126+05:30 DEBUG 17260 --- [E_Commerce_Backend_System] [http-nio-8080-exec-4] c.i.E.service.DemoUserService            : Successfully loaded user details for username: 'Rajesh'
2026-03-16T00:56:16.126+05:30 DEBUG 17260 --- [E_Commerce_Backend_System] [http-nio-8080-exec-5] c.i.E.service.DemoUserService            : Successfully loaded user details for username: 'Rajesh'
2026-03-16T00:56:16.129+05:30 DEBUG 17260 --- [E_Commerce_Backend_System] [http-nio-8080-exec-3] c.i.E.service.DemoUserService            : Successfully loaded user details for username: 'Rajesh'
2026-03-16T00:56:16.130+05:30 DEBUG 17260 --- [E_Commerce_Backend_System] [http-nio-8080-exec-2] c.i.E.service.DemoUserService            : Successfully loaded user details for username: 'Rajesh'
2026-03-16T00:56:17.979+05:30 DEBUG 17260 --- [E_Commerce_Backend_System] [http-nio-8080-exec-6] c.i.E.service.DemoUserService            : Attempting to load user details for username: 'Rajesh'
2026-03-16T00:56:17.997+05:30 DEBUG 17260 --- [E_Commerce_Backend_System] [http-nio-8080-exec-6] c.i.E.service.DemoUserService            : Successfully loaded user details for username: 'Rajesh'
2026-03-16T00:56:19.684+05:30 DEBUG 17260 --- [E_Commerce_Backend_System] [http-nio-8080-exec-7] c.i.E.service.DemoUserService            : Attempting to load user details for username: 'Rajesh'
2026-03-16T00:56:19.696+05:30 DEBUG 17260 --- [E_Commerce_Backend_System] [http-nio-8080-exec-7] c.i.E.service.DemoUserService            : Successfully loaded user details for username: 'Rajesh'
2026-03-16T00:56:22.034+05:30 ERROR 17260 --- [E_Commerce_Backend_System] [http-nio-8080-exec-7] o.a.c.c.C.[.[.[/].[dispatcherServlet]    : Servlet.service() for servlet [dispatcherServlet] in context with path [] threw exception [Handler dispatch failed: java.lang.NoSuchMethodError: 'void org.springframework.web.method.ControllerAdviceBean.<init>(java.lang.Object)'] with root cause

java.lang.NoSuchMethodError: 'void org.springframework.web.method.ControllerAdviceBean.<init>(java.lang.Object)'
	at org.springdoc.core.service.GenericResponseService.lambda$getGenericMapResponse$8(GenericResponseService.java:706) ~[springdoc-openapi-starter-common-2.6.0.jar:2.6.0]
	at java.base/java.util.stream.ReferencePipeline$2$1.accept(ReferencePipeline.java:178) ~[na:na]
	at java.base/java.util.Spliterators$ArraySpliterator.forEachRemaining(Spliterators.java:1024) ~[na:na]
	at java.base/java.util.stream.AbstractPipeline.copyInto(AbstractPipeline.java:509) ~[na:na]
	at java.base/java.util.stream.AbstractPipeline.wrapAndCopyInto(AbstractPipeline.java:499) ~[na:na]
	at java.base/java.util.stream.AbstractPipeline.evaluate(AbstractPipeline.java:575) ~[na:na]
	at java.base/java.util.stream.AbstractPipeline.evaluateToArrayNode(AbstractPipeline.java:260) ~[na:na]
	at java.base/java.util.stream.ReferencePipeline.toArray(ReferencePipeline.java:616) ~[na:na]
	at java.base/java.util.stream.ReferencePipeline.toArray(ReferencePipeline.java:622) ~[na:na]
	at java.base/java.util.stream.ReferencePipeline.toList(ReferencePipeline.java:627) ~[na:na]
	at org.springdoc.core.service.GenericResponseService.getGenericMapResponse(GenericResponseService.java:708) ~[springdoc-openapi-starter-common-2.6.0.jar:2.6.0]
	at org.springdoc.core.service.GenericResponseService.build(GenericResponseService.java:247) ~[springdoc-openapi-starter-common-2.6.0.jar:2.6.0]
	at org.springdoc.api.AbstractOpenApiResource.calculatePath(AbstractOpenApiResource.java:499) ~[springdoc-openapi-starter-common-2.6.0.jar:2.6.0]
	at org.springdoc.api.AbstractOpenApiResource.calculatePath(AbstractOpenApiResource.java:676) ~[springdoc-openapi-starter-common-2.6.0.jar:2.6.0]
	at org.springdoc.webmvc.api.OpenApiResource.lambda$calculatePath$11(OpenApiResource.java:220) ~[springdoc-openapi-starter-webmvc-api-2.6.0.jar:2.6.0]
	at java.base/java.util.Optional.ifPresent(Optional.java:178) ~[na:na]
	at org.springdoc.webmvc.api.OpenApiResource.calculatePath(OpenApiResource.java:201) ~[springdoc-openapi-starter-webmvc-api-2.6.0.jar:2.6.0]
	at org.springdoc.webmvc.api.OpenApiResource.lambda$getPaths$2(OpenApiResource.java:171) ~[springdoc-openapi-starter-webmvc-api-2.6.0.jar:2.6.0]
	at java.base/java.util.Optional.ifPresent(Optional.java:178) ~[na:na]
	at org.springdoc.webmvc.api.OpenApiResource.getPaths(OpenApiResource.java:150) ~[springdoc-openapi-starter-webmvc-api-2.6.0.jar:2.6.0]
	at org.springdoc.api.AbstractOpenApiResource.getOpenApi(AbstractOpenApiResource.java:353) ~[springdoc-openapi-starter-common-2.6.0.jar:2.6.0]
	at org.springdoc.webmvc.api.OpenApiResource.openapiJson(OpenApiResource.java:125) ~[springdoc-openapi-starter-webmvc-api-2.6.0.jar:2.6.0]
	at org.springdoc.webmvc.api.OpenApiWebMvcResource.openapiJson(OpenApiWebMvcResource.java:114) ~[springdoc-openapi-starter-webmvc-api-2.6.0.jar:2.6.0]
	at java.base/jdk.internal.reflect.DirectMethodHandleAccessor.invoke(DirectMethodHandleAccessor.java:103) ~[na:na]
	at java.base/java.lang.reflect.Method.invoke(Method.java:580) ~[na:na]
	at org.springframework.web.method.support.InvocableHandlerMethod.doInvoke(InvocableHandlerMethod.java:252) ~[spring-web-7.0.5.jar:7.0.5]
	at org.springframework.web.method.support.InvocableHandlerMethod.invokeForRequest(InvocableHandlerMethod.java:184) ~[spring-web-7.0.5.jar:7.0.5]
	at org.springframework.web.servlet.mvc.method.annotation.ServletInvocableHandlerMethod.invokeAndHandle(ServletInvocableHandlerMethod.java:117) ~[spring-webmvc-7.0.5.jar:7.0.5]
	at org.springframework.web.servlet.mvc.method.annotation.RequestMappingHandlerAdapter.invokeHandlerMethod(RequestMappingHandlerAdapter.java:934) ~[spring-webmvc-7.0.5.jar:7.0.5]
	at org.springframework.web.servlet.mvc.method.annotation.RequestMappingHandlerAdapter.handleInternal(RequestMappingHandlerAdapter.java:853) ~[spring-webmvc-7.0.5.jar:7.0.5]
	at org.springframework.web.servlet.mvc.method.AbstractHandlerMethodAdapter.handle(AbstractHandlerMethodAdapter.java:86) ~[spring-webmvc-7.0.5.jar:7.0.5]
	at org.springframework.web.servlet.DispatcherServlet.doDispatch(DispatcherServlet.java:963) ~[spring-webmvc-7.0.5.jar:7.0.5]
	at org.springframework.web.servlet.DispatcherServlet.doService(DispatcherServlet.java:866) ~[spring-webmvc-7.0.5.jar:7.0.5]
	at org.springframework.web.servlet.FrameworkServlet.processRequest(FrameworkServlet.java:1000) ~[spring-webmvc-7.0.5.jar:7.0.5]
	at org.springframework.web.servlet.FrameworkServlet.doGet(FrameworkServlet.java:892) ~[spring-webmvc-7.0.5.jar:7.0.5]
	at jakarta.servlet.http.HttpServlet.service(HttpServlet.java:622) ~[tomcat-embed-core-11.0.18.jar:6.1]
	at org.springframework.web.servlet.FrameworkServlet.service(FrameworkServlet.java:874) ~[spring-webmvc-7.0.5.jar:7.0.5]
	at jakarta.servlet.http.HttpServlet.service(HttpServlet.java:710) ~[tomcat-embed-core-11.0.18.jar:6.1]
	at org.apache.catalina.core.ApplicationFilterChain.doFilter(ApplicationFilterChain.java:128) ~[tomcat-embed-core-11.0.18.jar:11.0.18]
	at org.apache.tomcat.websocket.server.WsFilter.doFilter(WsFilter.java:53) ~[tomcat-embed-websocket-11.0.18.jar:11.0.18]
	at org.apache.catalina.core.ApplicationFilterChain.doFilter(ApplicationFilterChain.java:107) ~[tomcat-embed-core-11.0.18.jar:11.0.18]
	at org.springframework.web.filter.OncePerRequestFilter.doFilter(OncePerRequestFilter.java:110) ~[spring-web-7.0.5.jar:7.0.5]
	at org.apache.catalina.core.ApplicationFilterChain.doFilter(ApplicationFilterChain.java:107) ~[tomcat-embed-core-11.0.18.jar:11.0.18]
	at org.springframework.web.filter.CompositeFilter$VirtualFilterChain.doFilter(CompositeFilter.java:108) ~[spring-web-7.0.5.jar:7.0.5]
	at org.springframework.security.web.FilterChainProxy.lambda$doFilterInternal$3(FilterChainProxy.java:235) ~[spring-security-web-7.0.3.jar:7.0.3]
	at org.springframework.security.web.FilterChainProxy$VirtualFilterChain.doFilter(FilterChainProxy.java:371) ~[spring-security-web-7.0.3.jar:7.0.3]
	at org.springframework.security.web.access.intercept.AuthorizationFilter.doFilter(AuthorizationFilter.java:101) ~[spring-security-web-7.0.3.jar:7.0.3]
	at org.springframework.security.web.FilterChainProxy$VirtualFilterChain.doFilter(FilterChainProxy.java:380) ~[spring-security-web-7.0.3.jar:7.0.3]
	at org.springframework.security.web.access.ExceptionTranslationFilter.doFilter(ExceptionTranslationFilter.java:126) ~[spring-security-web-7.0.3.jar:7.0.3]
	at org.springframework.security.web.access.ExceptionTranslationFilter.doFilter(ExceptionTranslationFilter.java:120) ~[spring-security-web-7.0.3.jar:7.0.3]
	at org.springframework.security.web.FilterChainProxy$VirtualFilterChain.doFilter(FilterChainProxy.java:380) ~[spring-security-web-7.0.3.jar:7.0.3]
	at org.springframework.security.web.session.SessionManagementFilter.doFilter(SessionManagementFilter.java:132) ~[spring-security-web-7.0.3.jar:7.0.3]
	at org.springframework.security.web.session.SessionManagementFilter.doFilter(SessionManagementFilter.java:86) ~[spring-security-web-7.0.3.jar:7.0.3]
	at org.springframework.security.web.FilterChainProxy$VirtualFilterChain.doFilter(FilterChainProxy.java:380) ~[spring-security-web-7.0.3.jar:7.0.3]
	at org.springframework.security.web.authentication.AnonymousAuthenticationFilter.doFilter(AnonymousAuthenticationFilter.java:100) ~[spring-security-web-7.0.3.jar:7.0.3]
	at org.springframework.security.web.FilterChainProxy$VirtualFilterChain.doFilter(FilterChainProxy.java:380) ~[spring-security-web-7.0.3.jar:7.0.3]
	at org.springframework.security.web.servletapi.SecurityContextHolderAwareRequestFilter.doFilter(SecurityContextHolderAwareRequestFilter.java:181) ~[spring-security-web-7.0.3.jar:7.0.3]
	at org.springframework.security.web.FilterChainProxy$VirtualFilterChain.doFilter(FilterChainProxy.java:380) ~[spring-security-web-7.0.3.jar:7.0.3]
	at org.springframework.security.web.savedrequest.RequestCacheAwareFilter.doFilter(RequestCacheAwareFilter.java:63) ~[spring-security-web-7.0.3.jar:7.0.3]
	at org.springframework.security.web.FilterChainProxy$VirtualFilterChain.doFilter(FilterChainProxy.java:380) ~[spring-security-web-7.0.3.jar:7.0.3]
	at org.springframework.security.web.authentication.www.BasicAuthenticationFilter.doFilterInternal(BasicAuthenticationFilter.java:247) ~[spring-security-web-7.0.3.jar:7.0.3]
	at org.springframework.web.filter.OncePerRequestFilter.doFilter(OncePerRequestFilter.java:116) ~[spring-web-7.0.5.jar:7.0.5]
	at org.springframework.security.web.FilterChainProxy$VirtualFilterChain.doFilter(FilterChainProxy.java:380) ~[spring-security-web-7.0.3.jar:7.0.3]
	at com.incture.E_Commerce_Backend_System.filter.JWTFilter.doFilterInternal(JWTFilter.java:64) ~[classes/:na]
	at org.springframework.web.filter.OncePerRequestFilter.doFilter(OncePerRequestFilter.java:116) ~[spring-web-7.0.5.jar:7.0.5]
	at org.springframework.security.web.FilterChainProxy$VirtualFilterChain.doFilter(FilterChainProxy.java:380) ~[spring-security-web-7.0.3.jar:7.0.3]
	at org.springframework.security.web.authentication.logout.LogoutFilter.doFilter(LogoutFilter.java:110) ~[spring-security-web-7.0.3.jar:7.0.3]
	at org.springframework.security.web.authentication.logout.LogoutFilter.doFilter(LogoutFilter.java:96) ~[spring-security-web-7.0.3.jar:7.0.3]
	at org.springframework.security.web.FilterChainProxy$VirtualFilterChain.doFilter(FilterChainProxy.java:380) ~[spring-security-web-7.0.3.jar:7.0.3]
	at org.springframework.security.web.header.HeaderWriterFilter.doHeadersAfter(HeaderWriterFilter.java:90) ~[spring-security-web-7.0.3.jar:7.0.3]
	at org.springframework.security.web.header.HeaderWriterFilter.doFilterInternal(HeaderWriterFilter.java:75) ~[spring-security-web-7.0.3.jar:7.0.3]
	at org.springframework.web.filter.OncePerRequestFilter.doFilter(OncePerRequestFilter.java:116) ~[spring-web-7.0.5.jar:7.0.5]
	at org.springframework.security.web.FilterChainProxy$VirtualFilterChain.doFilter(FilterChainProxy.java:380) ~[spring-security-web-7.0.3.jar:7.0.3]
	at org.springframework.security.web.context.SecurityContextHolderFilter.doFilter(SecurityContextHolderFilter.java:82) ~[spring-security-web-7.0.3.jar:7.0.3]
	at org.springframework.security.web.context.SecurityContextHolderFilter.doFilter(SecurityContextHolderFilter.java:69) ~[spring-security-web-7.0.3.jar:7.0.3]
	at org.springframework.security.web.FilterChainProxy$VirtualFilterChain.doFilter(FilterChainProxy.java:380) ~[spring-security-web-7.0.3.jar:7.0.3]
	at org.springframework.security.web.context.request.async.WebAsyncManagerIntegrationFilter.doFilterInternal(WebAsyncManagerIntegrationFilter.java:62) ~[spring-security-web-7.0.3.jar:7.0.3]
	at org.springframework.web.filter.OncePerRequestFilter.doFilter(OncePerRequestFilter.java:116) ~[spring-web-7.0.5.jar:7.0.5]
	at org.springframework.security.web.FilterChainProxy$VirtualFilterChain.doFilter(FilterChainProxy.java:380) ~[spring-security-web-7.0.3.jar:7.0.3]
	at org.springframework.security.web.session.DisableEncodeUrlFilter.doFilterInternal(DisableEncodeUrlFilter.java:42) ~[spring-security-web-7.0.3.jar:7.0.3]
	at org.springframework.web.filter.OncePerRequestFilter.doFilter(OncePerRequestFilter.java:116) ~[spring-web-7.0.5.jar:7.0.5]
	at org.springframework.security.web.FilterChainProxy$VirtualFilterChain.doFilter(FilterChainProxy.java:380) ~[spring-security-web-7.0.3.jar:7.0.3]
	at org.springframework.security.web.FilterChainProxy.doFilterInternal(FilterChainProxy.java:237) ~[spring-security-web-7.0.3.jar:7.0.3]
	at org.springframework.security.web.FilterChainProxy.doFilter(FilterChainProxy.java:195) ~[spring-security-web-7.0.3.jar:7.0.3]
	at org.springframework.web.filter.CompositeFilter$VirtualFilterChain.doFilter(CompositeFilter.java:113) ~[spring-web-7.0.5.jar:7.0.5]
	at org.springframework.web.filter.ServletRequestPathFilter.doFilter(ServletRequestPathFilter.java:52) ~[spring-web-7.0.5.jar:7.0.5]
	at org.springframework.web.filter.CompositeFilter$VirtualFilterChain.doFilter(CompositeFilter.java:113) ~[spring-web-7.0.5.jar:7.0.5]
	at org.springframework.web.filter.CompositeFilter.doFilter(CompositeFilter.java:74) ~[spring-web-7.0.5.jar:7.0.5]
	at org.springframework.security.config.annotation.web.configuration.WebSecurityConfiguration$CompositeFilterChainProxy.doFilter(WebSecurityConfiguration.java:317) ~[spring-security-config-7.0.3.jar:7.0.3]
	at org.springframework.web.filter.DelegatingFilterProxy.invokeDelegate(DelegatingFilterProxy.java:355) ~[spring-web-7.0.5.jar:7.0.5]
	at org.springframework.web.filter.DelegatingFilterProxy.doFilter(DelegatingFilterProxy.java:272) ~[spring-web-7.0.5.jar:7.0.5]
	at org.apache.catalina.core.ApplicationFilterChain.doFilter(ApplicationFilterChain.java:107) ~[tomcat-embed-core-11.0.18.jar:11.0.18]
	at org.springframework.web.filter.RequestContextFilter.doFilterInternal(RequestContextFilter.java:100) ~[spring-web-7.0.5.jar:7.0.5]
	at org.springframework.web.filter.OncePerRequestFilter.doFilter(OncePerRequestFilter.java:116) ~[spring-web-7.0.5.jar:7.0.5]
	at org.apache.catalina.core.ApplicationFilterChain.doFilter(ApplicationFilterChain.java:107) ~[tomcat-embed-core-11.0.18.jar:11.0.18]
	at org.springframework.web.filter.FormContentFilter.doFilterInternal(FormContentFilter.java:93) ~[spring-web-7.0.5.jar:7.0.5]
	at org.springframework.web.filter.OncePerRequestFilter.doFilter(OncePerRequestFilter.java:116) ~[spring-web-7.0.5.jar:7.0.5]
	at org.apache.catalina.core.ApplicationFilterChain.doFilter(ApplicationFilterChain.java:107) ~[tomcat-embed-core-11.0.18.jar:11.0.18]
	at org.springframework.web.filter.CharacterEncodingFilter.doFilterInternal(CharacterEncodingFilter.java:199) ~[spring-web-7.0.5.jar:7.0.5]
	at org.springframework.web.filter.OncePerRequestFilter.doFilter(OncePerRequestFilter.java:116) ~[spring-web-7.0.5.jar:7.0.5]
	at org.apache.catalina.core.ApplicationFilterChain.doFilter(ApplicationFilterChain.java:107) ~[tomcat-embed-core-11.0.18.jar:11.0.18]
	at org.apache.catalina.core.StandardWrapperValve.invoke(StandardWrapperValve.java:165) ~[tomcat-embed-core-11.0.18.jar:11.0.18]
	at org.apache.catalina.core.StandardContextValve.invoke(StandardContextValve.java:77) ~[tomcat-embed-core-11.0.18.jar:11.0.18]
	at org.apache.catalina.authenticator.AuthenticatorBase.invoke(AuthenticatorBase.java:492) ~[tomcat-embed-core-11.0.18.jar:11.0.18]
	at org.apache.catalina.core.StandardHostValve.invoke(StandardHostValve.java:113) ~[tomcat-embed-core-11.0.18.jar:11.0.18]
	at org.apache.catalina.valves.ErrorReportValve.invoke(ErrorReportValve.java:83) ~[tomcat-embed-core-11.0.18.jar:11.0.18]
	at org.apache.catalina.core.StandardEngineValve.invoke(StandardEngineValve.java:72) ~[tomcat-embed-core-11.0.18.jar:11.0.18]
	at org.apache.catalina.connector.CoyoteAdapter.service(CoyoteAdapter.java:341) ~[tomcat-embed-core-11.0.18.jar:11.0.18]
	at org.apache.coyote.http11.Http11Processor.service(Http11Processor.java:397) ~[tomcat-embed-core-11.0.18.jar:11.0.18]
	at org.apache.coyote.AbstractProcessorLight.process(AbstractProcessorLight.java:63) ~[tomcat-embed-core-11.0.18.jar:11.0.18]
	at org.apache.coyote.AbstractProtocol$ConnectionHandler.process(AbstractProtocol.java:903) ~[tomcat-embed-core-11.0.18.jar:11.0.18]
	at org.apache.tomcat.util.net.NioEndpoint$SocketProcessor.doRun(NioEndpoint.java:1779) ~[tomcat-embed-core-11.0.18.jar:11.0.18]
	at org.apache.tomcat.util.net.SocketProcessorBase.run(SocketProcessorBase.java:52) ~[tomcat-embed-core-11.0.18.jar:11.0.18]
	at org.apache.tomcat.util.threads.ThreadPoolExecutor.runWorker(ThreadPoolExecutor.java:946) ~[tomcat-embed-core-11.0.18.jar:11.0.18]
	at org.apache.tomcat.util.threads.ThreadPoolExecutor$Worker.run(ThreadPoolExecutor.java:480) ~[tomcat-embed-core-11.0.18.jar:11.0.18]
	at org.apache.tomcat.util.threads.TaskThread$WrappingRunnable.run(TaskThread.java:57) ~[tomcat-embed-core-11.0.18.jar:11.0.18]
	at java.base/java.lang.Thread.run(Thread.java:1583) ~[na:na]

2026-03-16T00:56:47.596+05:30  INFO 17260 --- [E_Commerce_Backend_System] [RMI TCP Connection(3)-127.0.0.1] inMXBeanRegistrar$SpringApplicationAdmin : Application shutdown requested.
2026-03-16T00:56:47.604+05:30  INFO 17260 --- [E_Commerce_Backend_System] [RMI TCP Connection(3)-127.0.0.1] o.s.boot.tomcat.GracefulShutdown         : Commencing graceful shutdown. Waiting for active requests to complete
2026-03-16T00:56:47.626+05:30  INFO 17260 --- [E_Commerce_Backend_System] [tomcat-shutdown] o.s.boot.tomcat.GracefulShutdown         : Graceful shutdown complete
2026-03-16T00:56:47.637+05:30  INFO 17260 --- [E_Commerce_Backend_System] [RMI TCP Connection(3)-127.0.0.1] j.LocalContainerEntityManagerFactoryBean : Closing JPA EntityManagerFactory for persistence unit 'default'
2026-03-16T00:56:47.642+05:30  INFO 17260 --- [E_Commerce_Backend_System] [RMI TCP Connection(3)-127.0.0.1] com.zaxxer.hikari.HikariDataSource       : ECommerceBackendSystemApplication - Shutdown initiated...
2026-03-16T00:56:47.656+05:30  INFO 17260 --- [E_Commerce_Backend_System] [RMI TCP Connection(3)-127.0.0.1] com.zaxxer.hikari.HikariDataSource       : ECommerceBackendSystemApplication - Shutdown completed.
2026-03-16T00:56:52.092+05:30  INFO 15144 --- [E_Commerce_Backend_System] [main] c.i.E.ECommerceBackendSystemApplication  : Starting ECommerceBackendSystemApplication using Java 21.0.9 with PID 15144 (D:\JAVA-PROGRAMMING\ProductionJava\E_Commerce_Backend_System\target\classes started by rkjra in D:\JAVA-PROGRAMMING\ProductionJava\E_Commerce_Backend_System)
2026-03-16T00:56:52.098+05:30  INFO 15144 --- [E_Commerce_Backend_System] [main] c.i.E.ECommerceBackendSystemApplication  : No active profile set, falling back to 1 default profile: "default"
2026-03-16T00:56:54.462+05:30  INFO 15144 --- [E_Commerce_Backend_System] [main] .s.d.r.c.RepositoryConfigurationDelegate : Bootstrapping Spring Data JPA repositories in DEFAULT mode.
2026-03-16T00:56:54.697+05:30  INFO 15144 --- [E_Commerce_Backend_System] [main] .s.d.r.c.RepositoryConfigurationDelegate : Finished Spring Data repository scanning in 196 ms. Found 6 JPA repository interfaces.
2026-03-16T00:56:56.481+05:30  INFO 15144 --- [E_Commerce_Backend_System] [main] o.s.boot.tomcat.TomcatWebServer          : Tomcat initialized with port 8080 (http)
2026-03-16T00:56:56.518+05:30  INFO 15144 --- [E_Commerce_Backend_System] [main] o.apache.catalina.core.StandardService   : Starting service [Tomcat]
2026-03-16T00:56:56.519+05:30  INFO 15144 --- [E_Commerce_Backend_System] [main] o.apache.catalina.core.StandardEngine    : Starting Servlet engine: [Apache Tomcat/11.0.18]
2026-03-16T00:56:56.704+05:30  INFO 15144 --- [E_Commerce_Backend_System] [main] b.w.c.s.WebApplicationContextInitializer : Root WebApplicationContext: initialization completed in 4533 ms
2026-03-16T00:56:57.165+05:30  INFO 15144 --- [E_Commerce_Backend_System] [main] org.hibernate.orm.jpa                    : HHH008540: Processing PersistenceUnitInfo [name: default]
2026-03-16T00:56:57.334+05:30  INFO 15144 --- [E_Commerce_Backend_System] [main] org.hibernate.orm.core                   : HHH000001: Hibernate ORM core version 7.2.4.Final
2026-03-16T00:56:58.890+05:30  INFO 15144 --- [E_Commerce_Backend_System] [main] o.s.o.j.p.SpringPersistenceUnitInfo      : No LoadTimeWeaver setup: ignoring JPA class transformer
2026-03-16T00:56:58.990+05:30  INFO 15144 --- [E_Commerce_Backend_System] [main] com.zaxxer.hikari.HikariDataSource       : ECommerceBackendSystemApplication - Starting...
2026-03-16T00:57:00.109+05:30  INFO 15144 --- [E_Commerce_Backend_System] [main] com.zaxxer.hikari.pool.HikariPool        : ECommerceBackendSystemApplication - Added connection com.mysql.cj.jdbc.ConnectionImpl@7c4a03a
2026-03-16T00:57:00.117+05:30  INFO 15144 --- [E_Commerce_Backend_System] [main] com.zaxxer.hikari.HikariDataSource       : ECommerceBackendSystemApplication - Start completed.
2026-03-16T00:57:00.297+05:30  WARN 15144 --- [E_Commerce_Backend_System] [main] org.hibernate.orm.deprecation            : HHH90000025: MySQLDialect does not need to be specified explicitly using 'hibernate.dialect' (remove the property setting and it will be selected by default)
2026-03-16T00:57:00.374+05:30  INFO 15144 --- [E_Commerce_Backend_System] [main] org.hibernate.orm.connections.pooling    : HHH10001005: Database info:
	Database JDBC URL [jdbc:mysql://localhost:3306/inctureECommerceDatabase]
	Database driver: MySQL Connector/J
	Database dialect: MySQLDialect
	Database version: 8.0.34
	Default catalog/schema: inctureECommerceDatabase/undefined
	Autocommit mode: undefined/unknown
	Isolation level: REPEATABLE_READ [default REPEATABLE_READ]
	JDBC fetch size: none
	Pool: DataSourceConnectionProvider
	Minimum pool size: undefined/unknown
	Maximum pool size: undefined/unknown
2026-03-16T00:57:03.525+05:30  INFO 15144 --- [E_Commerce_Backend_System] [main] org.hibernate.orm.core                   : HHH000489: No JTA platform available (set 'hibernate.transaction.jta.platform' to enable JTA platform integration)
2026-03-16T00:57:03.775+05:30  INFO 15144 --- [E_Commerce_Backend_System] [main] j.LocalContainerEntityManagerFactoryBean : Initialized JPA EntityManagerFactory for persistence unit 'default'
2026-03-16T00:57:04.062+05:30  INFO 15144 --- [E_Commerce_Backend_System] [main] o.s.d.j.r.query.QueryEnhancerFactories   : Hibernate is in classpath; If applicable, HQL parser will be used.
2026-03-16T00:57:07.235+05:30  INFO 15144 --- [E_Commerce_Backend_System] [main] eAuthenticationProviderManagerConfigurer : Global AuthenticationManager configured with AuthenticationProvider bean with name authenticationProvider
2026-03-16T00:57:07.236+05:30  WARN 15144 --- [E_Commerce_Backend_System] [main] r$InitializeUserDetailsManagerConfigurer : Global AuthenticationManager configured with an AuthenticationProvider bean. UserDetailsService beans will not be used by Spring Security for automatically configuring username/password login. Consider removing the AuthenticationProvider bean. Alternatively, consider using the UserDetailsService in a manually instantiated DaoAuthenticationProvider. If the current configuration is intentional, to turn off this warning, increase the logging level of 'org.springframework.security.config.annotation.authentication.configuration.InitializeUserDetailsBeanManagerConfigurer' to ERROR
2026-03-16T00:57:07.657+05:30  WARN 15144 --- [E_Commerce_Backend_System] [main] JpaBaseConfiguration$JpaWebConfiguration : spring.jpa.open-in-view is enabled by default. Therefore, database queries may be performed during view rendering. Explicitly configure spring.jpa.open-in-view to disable this warning
2026-03-16T00:57:08.738+05:30  INFO 15144 --- [E_Commerce_Backend_System] [main] o.s.v.b.OptionalValidatorFactoryBean     : Failed to set up a Bean Validation provider: jakarta.validation.NoProviderFoundException: Unable to create a Configuration, because no Jakarta Validation provider could be found. Add a provider like Hibernate Validator (RI) to your classpath.
2026-03-16T00:57:10.059+05:30  INFO 15144 --- [E_Commerce_Backend_System] [main] o.s.boot.tomcat.TomcatWebServer          : Tomcat started on port 8080 (http) with context path '/'
2026-03-16T00:57:10.074+05:30  INFO 15144 --- [E_Commerce_Backend_System] [main] c.i.E.ECommerceBackendSystemApplication  : Started ECommerceBackendSystemApplication in 19.0 seconds (process running for 20.595)
2026-03-16T00:57:20.418+05:30  INFO 15144 --- [E_Commerce_Backend_System] [RMI TCP Connection(2)-127.0.0.1] inMXBeanRegistrar$SpringApplicationAdmin : Application shutdown requested.
2026-03-16T00:57:20.423+05:30  INFO 15144 --- [E_Commerce_Backend_System] [RMI TCP Connection(2)-127.0.0.1] o.s.boot.tomcat.GracefulShutdown         : Commencing graceful shutdown. Waiting for active requests to complete
2026-03-16T00:57:20.442+05:30  INFO 15144 --- [E_Commerce_Backend_System] [tomcat-shutdown] o.s.boot.tomcat.GracefulShutdown         : Graceful shutdown complete
2026-03-16T00:57:20.452+05:30  INFO 15144 --- [E_Commerce_Backend_System] [RMI TCP Connection(2)-127.0.0.1] j.LocalContainerEntityManagerFactoryBean : Closing JPA EntityManagerFactory for persistence unit 'default'
2026-03-16T00:57:20.456+05:30  INFO 15144 --- [E_Commerce_Backend_System] [RMI TCP Connection(2)-127.0.0.1] com.zaxxer.hikari.HikariDataSource       : ECommerceBackendSystemApplication - Shutdown initiated...
2026-03-16T00:57:20.471+05:30  INFO 15144 --- [E_Commerce_Backend_System] [RMI TCP Connection(2)-127.0.0.1] com.zaxxer.hikari.HikariDataSource       : ECommerceBackendSystemApplication - Shutdown completed.
2026-03-16T00:57:25.260+05:30  INFO 8368 --- [E_Commerce_Backend_System] [main] c.i.E.ECommerceBackendSystemApplication  : Starting ECommerceBackendSystemApplication using Java 21.0.9 with PID 8368 (D:\JAVA-PROGRAMMING\ProductionJava\E_Commerce_Backend_System\target\classes started by rkjra in D:\JAVA-PROGRAMMING\ProductionJava\E_Commerce_Backend_System)
2026-03-16T00:57:25.264+05:30  INFO 8368 --- [E_Commerce_Backend_System] [main] c.i.E.ECommerceBackendSystemApplication  : No active profile set, falling back to 1 default profile: "default"
2026-03-16T00:57:26.615+05:30  INFO 8368 --- [E_Commerce_Backend_System] [main] .s.d.r.c.RepositoryConfigurationDelegate : Bootstrapping Spring Data JPA repositories in DEFAULT mode.
2026-03-16T00:57:26.704+05:30  INFO 8368 --- [E_Commerce_Backend_System] [main] .s.d.r.c.RepositoryConfigurationDelegate : Finished Spring Data repository scanning in 71 ms. Found 6 JPA repository interfaces.
2026-03-16T00:57:27.517+05:30  INFO 8368 --- [E_Commerce_Backend_System] [main] o.s.boot.tomcat.TomcatWebServer          : Tomcat initialized with port 8080 (http)
2026-03-16T00:57:27.540+05:30  INFO 8368 --- [E_Commerce_Backend_System] [main] o.apache.catalina.core.StandardService   : Starting service [Tomcat]
2026-03-16T00:57:27.541+05:30  INFO 8368 --- [E_Commerce_Backend_System] [main] o.apache.catalina.core.StandardEngine    : Starting Servlet engine: [Apache Tomcat/11.0.18]
2026-03-16T00:57:27.636+05:30  INFO 8368 --- [E_Commerce_Backend_System] [main] b.w.c.s.WebApplicationContextInitializer : Root WebApplicationContext: initialization completed in 2281 ms
2026-03-16T00:57:27.853+05:30  INFO 8368 --- [E_Commerce_Backend_System] [main] org.hibernate.orm.jpa                    : HHH008540: Processing PersistenceUnitInfo [name: default]
2026-03-16T00:57:27.920+05:30  INFO 8368 --- [E_Commerce_Backend_System] [main] org.hibernate.orm.core                   : HHH000001: Hibernate ORM core version 7.2.4.Final
2026-03-16T00:57:28.523+05:30  INFO 8368 --- [E_Commerce_Backend_System] [main] o.s.o.j.p.SpringPersistenceUnitInfo      : No LoadTimeWeaver setup: ignoring JPA class transformer
2026-03-16T00:57:28.572+05:30  INFO 8368 --- [E_Commerce_Backend_System] [main] com.zaxxer.hikari.HikariDataSource       : ECommerceBackendSystemApplication - Starting...
2026-03-16T00:57:29.081+05:30  INFO 8368 --- [E_Commerce_Backend_System] [main] com.zaxxer.hikari.pool.HikariPool        : ECommerceBackendSystemApplication - Added connection com.mysql.cj.jdbc.ConnectionImpl@63b58ff4
2026-03-16T00:57:29.083+05:30  INFO 8368 --- [E_Commerce_Backend_System] [main] com.zaxxer.hikari.HikariDataSource       : ECommerceBackendSystemApplication - Start completed.
2026-03-16T00:57:29.163+05:30  WARN 8368 --- [E_Commerce_Backend_System] [main] org.hibernate.orm.deprecation            : HHH90000025: MySQLDialect does not need to be specified explicitly using 'hibernate.dialect' (remove the property setting and it will be selected by default)
2026-03-16T00:57:29.195+05:30  INFO 8368 --- [E_Commerce_Backend_System] [main] org.hibernate.orm.connections.pooling    : HHH10001005: Database info:
	Database JDBC URL [jdbc:mysql://localhost:3306/inctureECommerceDatabase]
	Database driver: MySQL Connector/J
	Database dialect: MySQLDialect
	Database version: 8.0.34
	Default catalog/schema: inctureECommerceDatabase/undefined
	Autocommit mode: undefined/unknown
	Isolation level: REPEATABLE_READ [default REPEATABLE_READ]
	JDBC fetch size: none
	Pool: DataSourceConnectionProvider
	Minimum pool size: undefined/unknown
	Maximum pool size: undefined/unknown
2026-03-16T00:57:30.643+05:30  INFO 8368 --- [E_Commerce_Backend_System] [main] org.hibernate.orm.core                   : HHH000489: No JTA platform available (set 'hibernate.transaction.jta.platform' to enable JTA platform integration)
2026-03-16T00:57:30.778+05:30  INFO 8368 --- [E_Commerce_Backend_System] [main] j.LocalContainerEntityManagerFactoryBean : Initialized JPA EntityManagerFactory for persistence unit 'default'
2026-03-16T00:57:30.883+05:30  INFO 8368 --- [E_Commerce_Backend_System] [main] o.s.d.j.r.query.QueryEnhancerFactories   : Hibernate is in classpath; If applicable, HQL parser will be used.
2026-03-16T00:57:32.272+05:30  INFO 8368 --- [E_Commerce_Backend_System] [main] eAuthenticationProviderManagerConfigurer : Global AuthenticationManager configured with AuthenticationProvider bean with name authenticationProvider
2026-03-16T00:57:32.273+05:30  WARN 8368 --- [E_Commerce_Backend_System] [main] r$InitializeUserDetailsManagerConfigurer : Global AuthenticationManager configured with an AuthenticationProvider bean. UserDetailsService beans will not be used by Spring Security for automatically configuring username/password login. Consider removing the AuthenticationProvider bean. Alternatively, consider using the UserDetailsService in a manually instantiated DaoAuthenticationProvider. If the current configuration is intentional, to turn off this warning, increase the logging level of 'org.springframework.security.config.annotation.authentication.configuration.InitializeUserDetailsBeanManagerConfigurer' to ERROR
2026-03-16T00:57:32.495+05:30  WARN 8368 --- [E_Commerce_Backend_System] [main] JpaBaseConfiguration$JpaWebConfiguration : spring.jpa.open-in-view is enabled by default. Therefore, database queries may be performed during view rendering. Explicitly configure spring.jpa.open-in-view to disable this warning
2026-03-16T00:57:32.989+05:30  INFO 8368 --- [E_Commerce_Backend_System] [main] o.s.v.b.OptionalValidatorFactoryBean     : Failed to set up a Bean Validation provider: jakarta.validation.NoProviderFoundException: Unable to create a Configuration, because no Jakarta Validation provider could be found. Add a provider like Hibernate Validator (RI) to your classpath.
2026-03-16T00:57:33.653+05:30  INFO 8368 --- [E_Commerce_Backend_System] [main] o.s.boot.tomcat.TomcatWebServer          : Tomcat started on port 8080 (http) with context path '/'
2026-03-16T00:57:33.666+05:30  INFO 8368 --- [E_Commerce_Backend_System] [main] c.i.E.ECommerceBackendSystemApplication  : Started ECommerceBackendSystemApplication in 9.095 seconds (process running for 10.328)
2026-03-16T00:57:39.115+05:30  INFO 8368 --- [E_Commerce_Backend_System] [http-nio-8080-exec-4] o.a.c.c.C.[Tomcat].[localhost].[/]       : Initializing Spring DispatcherServlet 'dispatcherServlet'
2026-03-16T00:57:39.116+05:30  INFO 8368 --- [E_Commerce_Backend_System] [http-nio-8080-exec-4] o.s.web.servlet.DispatcherServlet        : Initializing Servlet 'dispatcherServlet'
2026-03-16T00:57:39.122+05:30  INFO 8368 --- [E_Commerce_Backend_System] [http-nio-8080-exec-4] o.s.web.servlet.DispatcherServlet        : Completed initialization in 6 ms
2026-03-16T00:57:40.631+05:30 DEBUG 8368 --- [E_Commerce_Backend_System] [http-nio-8080-exec-4] c.i.E.service.DemoUserService            : Attempting to load user details for username: 'Rajesh'
2026-03-16T00:57:41.051+05:30 DEBUG 8368 --- [E_Commerce_Backend_System] [http-nio-8080-exec-4] c.i.E.service.DemoUserService            : Successfully loaded user details for username: 'Rajesh'
2026-03-16T00:57:42.745+05:30 DEBUG 8368 --- [E_Commerce_Backend_System] [http-nio-8080-exec-1] c.i.E.service.DemoUserService            : Attempting to load user details for username: 'Rajesh'
2026-03-16T00:57:42.755+05:30 DEBUG 8368 --- [E_Commerce_Backend_System] [http-nio-8080-exec-2] c.i.E.service.DemoUserService            : Attempting to load user details for username: 'Rajesh'
2026-03-16T00:57:42.755+05:30 DEBUG 8368 --- [E_Commerce_Backend_System] [http-nio-8080-exec-6] c.i.E.service.DemoUserService            : Attempting to load user details for username: 'Rajesh'
2026-03-16T00:57:42.756+05:30 DEBUG 8368 --- [E_Commerce_Backend_System] [http-nio-8080-exec-3] c.i.E.service.DemoUserService            : Attempting to load user details for username: 'Rajesh'
2026-03-16T00:57:42.758+05:30 DEBUG 8368 --- [E_Commerce_Backend_System] [http-nio-8080-exec-1] c.i.E.service.DemoUserService            : Successfully loaded user details for username: 'Rajesh'
2026-03-16T00:57:42.759+05:30 DEBUG 8368 --- [E_Commerce_Backend_System] [http-nio-8080-exec-5] c.i.E.service.DemoUserService            : Attempting to load user details for username: 'Rajesh'
2026-03-16T00:57:42.764+05:30 DEBUG 8368 --- [E_Commerce_Backend_System] [http-nio-8080-exec-2] c.i.E.service.DemoUserService            : Successfully loaded user details for username: 'Rajesh'
2026-03-16T00:57:42.766+05:30 DEBUG 8368 --- [E_Commerce_Backend_System] [http-nio-8080-exec-6] c.i.E.service.DemoUserService            : Successfully loaded user details for username: 'Rajesh'
2026-03-16T00:57:42.767+05:30 DEBUG 8368 --- [E_Commerce_Backend_System] [http-nio-8080-exec-5] c.i.E.service.DemoUserService            : Successfully loaded user details for username: 'Rajesh'
2026-03-16T00:57:42.767+05:30 DEBUG 8368 --- [E_Commerce_Backend_System] [http-nio-8080-exec-3] c.i.E.service.DemoUserService            : Successfully loaded user details for username: 'Rajesh'
2026-03-16T00:57:44.728+05:30 DEBUG 8368 --- [E_Commerce_Backend_System] [http-nio-8080-exec-9] c.i.E.service.DemoUserService            : Attempting to load user details for username: 'Rajesh'
2026-03-16T00:57:44.747+05:30 DEBUG 8368 --- [E_Commerce_Backend_System] [http-nio-8080-exec-7] c.i.E.service.DemoUserService            : Attempting to load user details for username: 'Rajesh'
2026-03-16T00:57:44.748+05:30 DEBUG 8368 --- [E_Commerce_Backend_System] [http-nio-8080-exec-9] c.i.E.service.DemoUserService            : Successfully loaded user details for username: 'Rajesh'
2026-03-16T00:57:44.761+05:30 DEBUG 8368 --- [E_Commerce_Backend_System] [http-nio-8080-exec-7] c.i.E.service.DemoUserService            : Successfully loaded user details for username: 'Rajesh'
2026-03-16T00:57:46.307+05:30 DEBUG 8368 --- [E_Commerce_Backend_System] [http-nio-8080-exec-8] c.i.E.service.DemoUserService            : Attempting to load user details for username: 'Rajesh'
2026-03-16T00:57:46.316+05:30 DEBUG 8368 --- [E_Commerce_Backend_System] [http-nio-8080-exec-8] c.i.E.service.DemoUserService            : Successfully loaded user details for username: 'Rajesh'
2026-03-16T00:57:47.646+05:30 ERROR 8368 --- [E_Commerce_Backend_System] [http-nio-8080-exec-8] o.a.c.c.C.[.[.[/].[dispatcherServlet]    : Servlet.service() for servlet [dispatcherServlet] in context with path [] threw exception [Handler dispatch failed: java.lang.NoSuchMethodError: 'void org.springframework.web.method.ControllerAdviceBean.<init>(java.lang.Object)'] with root cause

java.lang.NoSuchMethodError: 'void org.springframework.web.method.ControllerAdviceBean.<init>(java.lang.Object)'
	at org.springdoc.core.service.GenericResponseService.lambda$getGenericMapResponse$8(GenericResponseService.java:706) ~[springdoc-openapi-starter-common-2.6.0.jar:2.6.0]
	at java.base/java.util.stream.ReferencePipeline$2$1.accept(ReferencePipeline.java:178) ~[na:na]
	at java.base/java.util.Spliterators$ArraySpliterator.forEachRemaining(Spliterators.java:1024) ~[na:na]
	at java.base/java.util.stream.AbstractPipeline.copyInto(AbstractPipeline.java:509) ~[na:na]
	at java.base/java.util.stream.AbstractPipeline.wrapAndCopyInto(AbstractPipeline.java:499) ~[na:na]
	at java.base/java.util.stream.AbstractPipeline.evaluate(AbstractPipeline.java:575) ~[na:na]
	at java.base/java.util.stream.AbstractPipeline.evaluateToArrayNode(AbstractPipeline.java:260) ~[na:na]
	at java.base/java.util.stream.ReferencePipeline.toArray(ReferencePipeline.java:616) ~[na:na]
	at java.base/java.util.stream.ReferencePipeline.toArray(ReferencePipeline.java:622) ~[na:na]
	at java.base/java.util.stream.ReferencePipeline.toList(ReferencePipeline.java:627) ~[na:na]
	at org.springdoc.core.service.GenericResponseService.getGenericMapResponse(GenericResponseService.java:708) ~[springdoc-openapi-starter-common-2.6.0.jar:2.6.0]
	at org.springdoc.core.service.GenericResponseService.build(GenericResponseService.java:247) ~[springdoc-openapi-starter-common-2.6.0.jar:2.6.0]
	at org.springdoc.api.AbstractOpenApiResource.calculatePath(AbstractOpenApiResource.java:499) ~[springdoc-openapi-starter-common-2.6.0.jar:2.6.0]
	at org.springdoc.api.AbstractOpenApiResource.calculatePath(AbstractOpenApiResource.java:676) ~[springdoc-openapi-starter-common-2.6.0.jar:2.6.0]
	at org.springdoc.webmvc.api.OpenApiResource.lambda$calculatePath$11(OpenApiResource.java:220) ~[springdoc-openapi-starter-webmvc-api-2.6.0.jar:2.6.0]
	at java.base/java.util.Optional.ifPresent(Optional.java:178) ~[na:na]
	at org.springdoc.webmvc.api.OpenApiResource.calculatePath(OpenApiResource.java:201) ~[springdoc-openapi-starter-webmvc-api-2.6.0.jar:2.6.0]
	at org.springdoc.webmvc.api.OpenApiResource.lambda$getPaths$2(OpenApiResource.java:171) ~[springdoc-openapi-starter-webmvc-api-2.6.0.jar:2.6.0]
	at java.base/java.util.Optional.ifPresent(Optional.java:178) ~[na:na]
	at org.springdoc.webmvc.api.OpenApiResource.getPaths(OpenApiResource.java:150) ~[springdoc-openapi-starter-webmvc-api-2.6.0.jar:2.6.0]
	at org.springdoc.api.AbstractOpenApiResource.getOpenApi(AbstractOpenApiResource.java:353) ~[springdoc-openapi-starter-common-2.6.0.jar:2.6.0]
	at org.springdoc.webmvc.api.OpenApiResource.openapiJson(OpenApiResource.java:125) ~[springdoc-openapi-starter-webmvc-api-2.6.0.jar:2.6.0]
	at org.springdoc.webmvc.api.OpenApiWebMvcResource.openapiJson(OpenApiWebMvcResource.java:114) ~[springdoc-openapi-starter-webmvc-api-2.6.0.jar:2.6.0]
	at java.base/jdk.internal.reflect.DirectMethodHandleAccessor.invoke(DirectMethodHandleAccessor.java:103) ~[na:na]
	at java.base/java.lang.reflect.Method.invoke(Method.java:580) ~[na:na]
	at org.springframework.web.method.support.InvocableHandlerMethod.doInvoke(InvocableHandlerMethod.java:252) ~[spring-web-7.0.5.jar:7.0.5]
	at org.springframework.web.method.support.InvocableHandlerMethod.invokeForRequest(InvocableHandlerMethod.java:184) ~[spring-web-7.0.5.jar:7.0.5]
	at org.springframework.web.servlet.mvc.method.annotation.ServletInvocableHandlerMethod.invokeAndHandle(ServletInvocableHandlerMethod.java:117) ~[spring-webmvc-7.0.5.jar:7.0.5]
	at org.springframework.web.servlet.mvc.method.annotation.RequestMappingHandlerAdapter.invokeHandlerMethod(RequestMappingHandlerAdapter.java:934) ~[spring-webmvc-7.0.5.jar:7.0.5]
	at org.springframework.web.servlet.mvc.method.annotation.RequestMappingHandlerAdapter.handleInternal(RequestMappingHandlerAdapter.java:853) ~[spring-webmvc-7.0.5.jar:7.0.5]
	at org.springframework.web.servlet.mvc.method.AbstractHandlerMethodAdapter.handle(AbstractHandlerMethodAdapter.java:86) ~[spring-webmvc-7.0.5.jar:7.0.5]
	at org.springframework.web.servlet.DispatcherServlet.doDispatch(DispatcherServlet.java:963) ~[spring-webmvc-7.0.5.jar:7.0.5]
	at org.springframework.web.servlet.DispatcherServlet.doService(DispatcherServlet.java:866) ~[spring-webmvc-7.0.5.jar:7.0.5]
	at org.springframework.web.servlet.FrameworkServlet.processRequest(FrameworkServlet.java:1000) ~[spring-webmvc-7.0.5.jar:7.0.5]
	at org.springframework.web.servlet.FrameworkServlet.doGet(FrameworkServlet.java:892) ~[spring-webmvc-7.0.5.jar:7.0.5]
	at jakarta.servlet.http.HttpServlet.service(HttpServlet.java:622) ~[tomcat-embed-core-11.0.18.jar:6.1]
	at org.springframework.web.servlet.FrameworkServlet.service(FrameworkServlet.java:874) ~[spring-webmvc-7.0.5.jar:7.0.5]
	at jakarta.servlet.http.HttpServlet.service(HttpServlet.java:710) ~[tomcat-embed-core-11.0.18.jar:6.1]
	at org.apache.catalina.core.ApplicationFilterChain.doFilter(ApplicationFilterChain.java:128) ~[tomcat-embed-core-11.0.18.jar:11.0.18]
	at org.apache.tomcat.websocket.server.WsFilter.doFilter(WsFilter.java:53) ~[tomcat-embed-websocket-11.0.18.jar:11.0.18]
	at org.apache.catalina.core.ApplicationFilterChain.doFilter(ApplicationFilterChain.java:107) ~[tomcat-embed-core-11.0.18.jar:11.0.18]
	at org.springframework.web.filter.OncePerRequestFilter.doFilter(OncePerRequestFilter.java:110) ~[spring-web-7.0.5.jar:7.0.5]
	at org.apache.catalina.core.ApplicationFilterChain.doFilter(ApplicationFilterChain.java:107) ~[tomcat-embed-core-11.0.18.jar:11.0.18]
	at org.springframework.web.filter.CompositeFilter$VirtualFilterChain.doFilter(CompositeFilter.java:108) ~[spring-web-7.0.5.jar:7.0.5]
	at org.springframework.security.web.FilterChainProxy.lambda$doFilterInternal$3(FilterChainProxy.java:235) ~[spring-security-web-7.0.3.jar:7.0.3]
	at org.springframework.security.web.FilterChainProxy$VirtualFilterChain.doFilter(FilterChainProxy.java:371) ~[spring-security-web-7.0.3.jar:7.0.3]
	at org.springframework.security.web.access.intercept.AuthorizationFilter.doFilter(AuthorizationFilter.java:101) ~[spring-security-web-7.0.3.jar:7.0.3]
	at org.springframework.security.web.FilterChainProxy$VirtualFilterChain.doFilter(FilterChainProxy.java:380) ~[spring-security-web-7.0.3.jar:7.0.3]
	at org.springframework.security.web.access.ExceptionTranslationFilter.doFilter(ExceptionTranslationFilter.java:126) ~[spring-security-web-7.0.3.jar:7.0.3]
	at org.springframework.security.web.access.ExceptionTranslationFilter.doFilter(ExceptionTranslationFilter.java:120) ~[spring-security-web-7.0.3.jar:7.0.3]
	at org.springframework.security.web.FilterChainProxy$VirtualFilterChain.doFilter(FilterChainProxy.java:380) ~[spring-security-web-7.0.3.jar:7.0.3]
	at org.springframework.security.web.session.SessionManagementFilter.doFilter(SessionManagementFilter.java:132) ~[spring-security-web-7.0.3.jar:7.0.3]
	at org.springframework.security.web.session.SessionManagementFilter.doFilter(SessionManagementFilter.java:86) ~[spring-security-web-7.0.3.jar:7.0.3]
	at org.springframework.security.web.FilterChainProxy$VirtualFilterChain.doFilter(FilterChainProxy.java:380) ~[spring-security-web-7.0.3.jar:7.0.3]
	at org.springframework.security.web.authentication.AnonymousAuthenticationFilter.doFilter(AnonymousAuthenticationFilter.java:100) ~[spring-security-web-7.0.3.jar:7.0.3]
	at org.springframework.security.web.FilterChainProxy$VirtualFilterChain.doFilter(FilterChainProxy.java:380) ~[spring-security-web-7.0.3.jar:7.0.3]
	at org.springframework.security.web.servletapi.SecurityContextHolderAwareRequestFilter.doFilter(SecurityContextHolderAwareRequestFilter.java:181) ~[spring-security-web-7.0.3.jar:7.0.3]
	at org.springframework.security.web.FilterChainProxy$VirtualFilterChain.doFilter(FilterChainProxy.java:380) ~[spring-security-web-7.0.3.jar:7.0.3]
	at org.springframework.security.web.savedrequest.RequestCacheAwareFilter.doFilter(RequestCacheAwareFilter.java:63) ~[spring-security-web-7.0.3.jar:7.0.3]
	at org.springframework.security.web.FilterChainProxy$VirtualFilterChain.doFilter(FilterChainProxy.java:380) ~[spring-security-web-7.0.3.jar:7.0.3]
	at org.springframework.security.web.authentication.www.BasicAuthenticationFilter.doFilterInternal(BasicAuthenticationFilter.java:247) ~[spring-security-web-7.0.3.jar:7.0.3]
	at org.springframework.web.filter.OncePerRequestFilter.doFilter(OncePerRequestFilter.java:116) ~[spring-web-7.0.5.jar:7.0.5]
	at org.springframework.security.web.FilterChainProxy$VirtualFilterChain.doFilter(FilterChainProxy.java:380) ~[spring-security-web-7.0.3.jar:7.0.3]
	at com.incture.E_Commerce_Backend_System.filter.JWTFilter.doFilterInternal(JWTFilter.java:64) ~[classes/:na]
	at org.springframework.web.filter.OncePerRequestFilter.doFilter(OncePerRequestFilter.java:116) ~[spring-web-7.0.5.jar:7.0.5]
	at org.springframework.security.web.FilterChainProxy$VirtualFilterChain.doFilter(FilterChainProxy.java:380) ~[spring-security-web-7.0.3.jar:7.0.3]
	at org.springframework.security.web.authentication.logout.LogoutFilter.doFilter(LogoutFilter.java:110) ~[spring-security-web-7.0.3.jar:7.0.3]
	at org.springframework.security.web.authentication.logout.LogoutFilter.doFilter(LogoutFilter.java:96) ~[spring-security-web-7.0.3.jar:7.0.3]
	at org.springframework.security.web.FilterChainProxy$VirtualFilterChain.doFilter(FilterChainProxy.java:380) ~[spring-security-web-7.0.3.jar:7.0.3]
	at org.springframework.security.web.header.HeaderWriterFilter.doHeadersAfter(HeaderWriterFilter.java:90) ~[spring-security-web-7.0.3.jar:7.0.3]
	at org.springframework.security.web.header.HeaderWriterFilter.doFilterInternal(HeaderWriterFilter.java:75) ~[spring-security-web-7.0.3.jar:7.0.3]
	at org.springframework.web.filter.OncePerRequestFilter.doFilter(OncePerRequestFilter.java:116) ~[spring-web-7.0.5.jar:7.0.5]
	at org.springframework.security.web.FilterChainProxy$VirtualFilterChain.doFilter(FilterChainProxy.java:380) ~[spring-security-web-7.0.3.jar:7.0.3]
	at org.springframework.security.web.context.SecurityContextHolderFilter.doFilter(SecurityContextHolderFilter.java:82) ~[spring-security-web-7.0.3.jar:7.0.3]
	at org.springframework.security.web.context.SecurityContextHolderFilter.doFilter(SecurityContextHolderFilter.java:69) ~[spring-security-web-7.0.3.jar:7.0.3]
	at org.springframework.security.web.FilterChainProxy$VirtualFilterChain.doFilter(FilterChainProxy.java:380) ~[spring-security-web-7.0.3.jar:7.0.3]
	at org.springframework.security.web.context.request.async.WebAsyncManagerIntegrationFilter.doFilterInternal(WebAsyncManagerIntegrationFilter.java:62) ~[spring-security-web-7.0.3.jar:7.0.3]
	at org.springframework.web.filter.OncePerRequestFilter.doFilter(OncePerRequestFilter.java:116) ~[spring-web-7.0.5.jar:7.0.5]
	at org.springframework.security.web.FilterChainProxy$VirtualFilterChain.doFilter(FilterChainProxy.java:380) ~[spring-security-web-7.0.3.jar:7.0.3]
	at org.springframework.security.web.session.DisableEncodeUrlFilter.doFilterInternal(DisableEncodeUrlFilter.java:42) ~[spring-security-web-7.0.3.jar:7.0.3]
	at org.springframework.web.filter.OncePerRequestFilter.doFilter(OncePerRequestFilter.java:116) ~[spring-web-7.0.5.jar:7.0.5]
	at org.springframework.security.web.FilterChainProxy$VirtualFilterChain.doFilter(FilterChainProxy.java:380) ~[spring-security-web-7.0.3.jar:7.0.3]
	at org.springframework.security.web.FilterChainProxy.doFilterInternal(FilterChainProxy.java:237) ~[spring-security-web-7.0.3.jar:7.0.3]
	at org.springframework.security.web.FilterChainProxy.doFilter(FilterChainProxy.java:195) ~[spring-security-web-7.0.3.jar:7.0.3]
	at org.springframework.web.filter.CompositeFilter$VirtualFilterChain.doFilter(CompositeFilter.java:113) ~[spring-web-7.0.5.jar:7.0.5]
	at org.springframework.web.filter.ServletRequestPathFilter.doFilter(ServletRequestPathFilter.java:52) ~[spring-web-7.0.5.jar:7.0.5]
	at org.springframework.web.filter.CompositeFilter$VirtualFilterChain.doFilter(CompositeFilter.java:113) ~[spring-web-7.0.5.jar:7.0.5]
	at org.springframework.web.filter.CompositeFilter.doFilter(CompositeFilter.java:74) ~[spring-web-7.0.5.jar:7.0.5]
	at org.springframework.security.config.annotation.web.configuration.WebSecurityConfiguration$CompositeFilterChainProxy.doFilter(WebSecurityConfiguration.java:317) ~[spring-security-config-7.0.3.jar:7.0.3]
	at org.springframework.web.filter.DelegatingFilterProxy.invokeDelegate(DelegatingFilterProxy.java:355) ~[spring-web-7.0.5.jar:7.0.5]
	at org.springframework.web.filter.DelegatingFilterProxy.doFilter(DelegatingFilterProxy.java:272) ~[spring-web-7.0.5.jar:7.0.5]
	at org.apache.catalina.core.ApplicationFilterChain.doFilter(ApplicationFilterChain.java:107) ~[tomcat-embed-core-11.0.18.jar:11.0.18]
	at org.springframework.web.filter.RequestContextFilter.doFilterInternal(RequestContextFilter.java:100) ~[spring-web-7.0.5.jar:7.0.5]
	at org.springframework.web.filter.OncePerRequestFilter.doFilter(OncePerRequestFilter.java:116) ~[spring-web-7.0.5.jar:7.0.5]
	at org.apache.catalina.core.ApplicationFilterChain.doFilter(ApplicationFilterChain.java:107) ~[tomcat-embed-core-11.0.18.jar:11.0.18]
	at org.springframework.web.filter.FormContentFilter.doFilterInternal(FormContentFilter.java:93) ~[spring-web-7.0.5.jar:7.0.5]
	at org.springframework.web.filter.OncePerRequestFilter.doFilter(OncePerRequestFilter.java:116) ~[spring-web-7.0.5.jar:7.0.5]
	at org.apache.catalina.core.ApplicationFilterChain.doFilter(ApplicationFilterChain.java:107) ~[tomcat-embed-core-11.0.18.jar:11.0.18]
	at org.springframework.web.filter.CharacterEncodingFilter.doFilterInternal(CharacterEncodingFilter.java:199) ~[spring-web-7.0.5.jar:7.0.5]
	at org.springframework.web.filter.OncePerRequestFilter.doFilter(OncePerRequestFilter.java:116) ~[spring-web-7.0.5.jar:7.0.5]
	at org.apache.catalina.core.ApplicationFilterChain.doFilter(ApplicationFilterChain.java:107) ~[tomcat-embed-core-11.0.18.jar:11.0.18]
	at org.apache.catalina.core.StandardWrapperValve.invoke(StandardWrapperValve.java:165) ~[tomcat-embed-core-11.0.18.jar:11.0.18]
	at org.apache.catalina.core.StandardContextValve.invoke(StandardContextValve.java:77) ~[tomcat-embed-core-11.0.18.jar:11.0.18]
	at org.apache.catalina.authenticator.AuthenticatorBase.invoke(AuthenticatorBase.java:492) ~[tomcat-embed-core-11.0.18.jar:11.0.18]
	at org.apache.catalina.core.StandardHostValve.invoke(StandardHostValve.java:113) ~[tomcat-embed-core-11.0.18.jar:11.0.18]
	at org.apache.catalina.valves.ErrorReportValve.invoke(ErrorReportValve.java:83) ~[tomcat-embed-core-11.0.18.jar:11.0.18]
	at org.apache.catalina.core.StandardEngineValve.invoke(StandardEngineValve.java:72) ~[tomcat-embed-core-11.0.18.jar:11.0.18]
	at org.apache.catalina.connector.CoyoteAdapter.service(CoyoteAdapter.java:341) ~[tomcat-embed-core-11.0.18.jar:11.0.18]
	at org.apache.coyote.http11.Http11Processor.service(Http11Processor.java:397) ~[tomcat-embed-core-11.0.18.jar:11.0.18]
	at org.apache.coyote.AbstractProcessorLight.process(AbstractProcessorLight.java:63) ~[tomcat-embed-core-11.0.18.jar:11.0.18]
	at org.apache.coyote.AbstractProtocol$ConnectionHandler.process(AbstractProtocol.java:903) ~[tomcat-embed-core-11.0.18.jar:11.0.18]
	at org.apache.tomcat.util.net.NioEndpoint$SocketProcessor.doRun(NioEndpoint.java:1779) ~[tomcat-embed-core-11.0.18.jar:11.0.18]
	at org.apache.tomcat.util.net.SocketProcessorBase.run(SocketProcessorBase.java:52) ~[tomcat-embed-core-11.0.18.jar:11.0.18]
	at org.apache.tomcat.util.threads.ThreadPoolExecutor.runWorker(ThreadPoolExecutor.java:946) ~[tomcat-embed-core-11.0.18.jar:11.0.18]
	at org.apache.tomcat.util.threads.ThreadPoolExecutor$Worker.run(ThreadPoolExecutor.java:480) ~[tomcat-embed-core-11.0.18.jar:11.0.18]
	at org.apache.tomcat.util.threads.TaskThread$WrappingRunnable.run(TaskThread.java:57) ~[tomcat-embed-core-11.0.18.jar:11.0.18]
	at java.base/java.lang.Thread.run(Thread.java:1583) ~[na:na]

2026-03-16T01:02:49.267+05:30  INFO 8368 --- [E_Commerce_Backend_System] [RMI TCP Connection(7)-127.0.0.1] inMXBeanRegistrar$SpringApplicationAdmin : Application shutdown requested.
2026-03-16T01:02:49.278+05:30  INFO 8368 --- [E_Commerce_Backend_System] [RMI TCP Connection(7)-127.0.0.1] o.s.boot.tomcat.GracefulShutdown         : Commencing graceful shutdown. Waiting for active requests to complete
2026-03-16T01:02:49.287+05:30  INFO 8368 --- [E_Commerce_Backend_System] [tomcat-shutdown] o.s.boot.tomcat.GracefulShutdown         : Graceful shutdown complete
2026-03-16T01:02:49.294+05:30  INFO 8368 --- [E_Commerce_Backend_System] [RMI TCP Connection(7)-127.0.0.1] j.LocalContainerEntityManagerFactoryBean : Closing JPA EntityManagerFactory for persistence unit 'default'
2026-03-16T01:02:49.297+05:30  INFO 8368 --- [E_Commerce_Backend_System] [RMI TCP Connection(7)-127.0.0.1] com.zaxxer.hikari.HikariDataSource       : ECommerceBackendSystemApplication - Shutdown initiated...
2026-03-16T01:02:49.306+05:30  INFO 8368 --- [E_Commerce_Backend_System] [RMI TCP Connection(7)-127.0.0.1] com.zaxxer.hikari.HikariDataSource       : ECommerceBackendSystemApplication - Shutdown completed.
2026-03-16T01:03:48.934+05:30  INFO 18924 --- [E_Commerce_Backend_System] [main] c.i.E.ECommerceBackendSystemApplication  : Starting ECommerceBackendSystemApplication using Java 21.0.9 with PID 18924 (D:\JAVA-PROGRAMMING\ProductionJava\E_Commerce_Backend_System\target\classes started by rkjra in D:\JAVA-PROGRAMMING\ProductionJava\E_Commerce_Backend_System)
2026-03-16T01:03:48.937+05:30  INFO 18924 --- [E_Commerce_Backend_System] [main] c.i.E.ECommerceBackendSystemApplication  : No active profile set, falling back to 1 default profile: "default"
2026-03-16T01:03:49.696+05:30  INFO 18924 --- [E_Commerce_Backend_System] [main] .s.d.r.c.RepositoryConfigurationDelegate : Bootstrapping Spring Data JPA repositories in DEFAULT mode.
2026-03-16T01:03:49.749+05:30  INFO 18924 --- [E_Commerce_Backend_System] [main] .s.d.r.c.RepositoryConfigurationDelegate : Finished Spring Data repository scanning in 46 ms. Found 6 JPA repository interfaces.
2026-03-16T01:03:50.295+05:30  INFO 18924 --- [E_Commerce_Backend_System] [main] o.s.boot.tomcat.TomcatWebServer          : Tomcat initialized with port 8080 (http)
2026-03-16T01:03:50.308+05:30  INFO 18924 --- [E_Commerce_Backend_System] [main] o.apache.catalina.core.StandardService   : Starting service [Tomcat]
2026-03-16T01:03:50.309+05:30  INFO 18924 --- [E_Commerce_Backend_System] [main] o.apache.catalina.core.StandardEngine    : Starting Servlet engine: [Apache Tomcat/11.0.18]
2026-03-16T01:03:50.359+05:30  INFO 18924 --- [E_Commerce_Backend_System] [main] b.w.c.s.WebApplicationContextInitializer : Root WebApplicationContext: initialization completed in 1375 ms
2026-03-16T01:03:50.502+05:30  INFO 18924 --- [E_Commerce_Backend_System] [main] org.hibernate.orm.jpa                    : HHH008540: Processing PersistenceUnitInfo [name: default]
2026-03-16T01:03:50.576+05:30  INFO 18924 --- [E_Commerce_Backend_System] [main] org.hibernate.orm.core                   : HHH000001: Hibernate ORM core version 7.2.4.Final
2026-03-16T01:03:51.021+05:30  INFO 18924 --- [E_Commerce_Backend_System] [main] o.s.o.j.p.SpringPersistenceUnitInfo      : No LoadTimeWeaver setup: ignoring JPA class transformer
2026-03-16T01:03:51.059+05:30  INFO 18924 --- [E_Commerce_Backend_System] [main] com.zaxxer.hikari.HikariDataSource       : ECommerceBackendSystemApplication - Starting...
2026-03-16T01:03:51.350+05:30  INFO 18924 --- [E_Commerce_Backend_System] [main] com.zaxxer.hikari.pool.HikariPool        : ECommerceBackendSystemApplication - Added connection com.mysql.cj.jdbc.ConnectionImpl@83e5898
2026-03-16T01:03:51.351+05:30  INFO 18924 --- [E_Commerce_Backend_System] [main] com.zaxxer.hikari.HikariDataSource       : ECommerceBackendSystemApplication - Start completed.
2026-03-16T01:03:51.405+05:30  WARN 18924 --- [E_Commerce_Backend_System] [main] org.hibernate.orm.deprecation            : HHH90000025: MySQLDialect does not need to be specified explicitly using 'hibernate.dialect' (remove the property setting and it will be selected by default)
2026-03-16T01:03:51.423+05:30  INFO 18924 --- [E_Commerce_Backend_System] [main] org.hibernate.orm.connections.pooling    : HHH10001005: Database info:
	Database JDBC URL [jdbc:mysql://localhost:3306/inctureECommerceDatabase]
	Database driver: MySQL Connector/J
	Database dialect: MySQLDialect
	Database version: 8.0.34
	Default catalog/schema: inctureECommerceDatabase/undefined
	Autocommit mode: undefined/unknown
	Isolation level: REPEATABLE_READ [default REPEATABLE_READ]
	JDBC fetch size: none
	Pool: DataSourceConnectionProvider
	Minimum pool size: undefined/unknown
	Maximum pool size: undefined/unknown
2026-03-16T01:03:52.437+05:30  INFO 18924 --- [E_Commerce_Backend_System] [main] org.hibernate.orm.core                   : HHH000489: No JTA platform available (set 'hibernate.transaction.jta.platform' to enable JTA platform integration)
2026-03-16T01:03:52.540+05:30  INFO 18924 --- [E_Commerce_Backend_System] [main] j.LocalContainerEntityManagerFactoryBean : Initialized JPA EntityManagerFactory for persistence unit 'default'
2026-03-16T01:03:52.601+05:30  INFO 18924 --- [E_Commerce_Backend_System] [main] o.s.d.j.r.query.QueryEnhancerFactories   : Hibernate is in classpath; If applicable, HQL parser will be used.
2026-03-16T01:03:53.439+05:30  INFO 18924 --- [E_Commerce_Backend_System] [main] eAuthenticationProviderManagerConfigurer : Global AuthenticationManager configured with AuthenticationProvider bean with name authenticationProvider
2026-03-16T01:03:53.440+05:30  WARN 18924 --- [E_Commerce_Backend_System] [main] r$InitializeUserDetailsManagerConfigurer : Global AuthenticationManager configured with an AuthenticationProvider bean. UserDetailsService beans will not be used by Spring Security for automatically configuring username/password login. Consider removing the AuthenticationProvider bean. Alternatively, consider using the UserDetailsService in a manually instantiated DaoAuthenticationProvider. If the current configuration is intentional, to turn off this warning, increase the logging level of 'org.springframework.security.config.annotation.authentication.configuration.InitializeUserDetailsBeanManagerConfigurer' to ERROR
2026-03-16T01:03:53.577+05:30  WARN 18924 --- [E_Commerce_Backend_System] [main] JpaBaseConfiguration$JpaWebConfiguration : spring.jpa.open-in-view is enabled by default. Therefore, database queries may be performed during view rendering. Explicitly configure spring.jpa.open-in-view to disable this warning
2026-03-16T01:03:53.847+05:30  INFO 18924 --- [E_Commerce_Backend_System] [main] o.s.v.b.OptionalValidatorFactoryBean     : Failed to set up a Bean Validation provider: jakarta.validation.NoProviderFoundException: Unable to create a Configuration, because no Jakarta Validation provider could be found. Add a provider like Hibernate Validator (RI) to your classpath.
2026-03-16T01:03:54.240+05:30  INFO 18924 --- [E_Commerce_Backend_System] [main] o.s.boot.tomcat.TomcatWebServer          : Tomcat started on port 8080 (http) with context path '/'
2026-03-16T01:03:54.248+05:30  INFO 18924 --- [E_Commerce_Backend_System] [main] c.i.E.ECommerceBackendSystemApplication  : Started ECommerceBackendSystemApplication in 5.722 seconds (process running for 6.349)
2026-03-16T01:04:52.802+05:30  INFO 18924 --- [E_Commerce_Backend_System] [RMI TCP Connection(3)-127.0.0.1] inMXBeanRegistrar$SpringApplicationAdmin : Application shutdown requested.
2026-03-16T01:04:52.810+05:30  INFO 18924 --- [E_Commerce_Backend_System] [RMI TCP Connection(3)-127.0.0.1] o.s.boot.tomcat.GracefulShutdown         : Commencing graceful shutdown. Waiting for active requests to complete
2026-03-16T01:04:52.817+05:30  INFO 18924 --- [E_Commerce_Backend_System] [tomcat-shutdown] o.s.boot.tomcat.GracefulShutdown         : Graceful shutdown complete
2026-03-16T01:04:52.824+05:30  INFO 18924 --- [E_Commerce_Backend_System] [RMI TCP Connection(3)-127.0.0.1] j.LocalContainerEntityManagerFactoryBean : Closing JPA EntityManagerFactory for persistence unit 'default'
2026-03-16T01:04:52.827+05:30  INFO 18924 --- [E_Commerce_Backend_System] [RMI TCP Connection(3)-127.0.0.1] com.zaxxer.hikari.HikariDataSource       : ECommerceBackendSystemApplication - Shutdown initiated...
2026-03-16T01:04:52.838+05:30  INFO 18924 --- [E_Commerce_Backend_System] [RMI TCP Connection(3)-127.0.0.1] com.zaxxer.hikari.HikariDataSource       : ECommerceBackendSystemApplication - Shutdown completed.
2026-03-16T01:04:54.902+05:30  INFO 17208 --- [E_Commerce_Backend_System] [main] c.i.E.ECommerceBackendSystemApplication  : Starting ECommerceBackendSystemApplication using Java 21.0.9 with PID 17208 (D:\JAVA-PROGRAMMING\ProductionJava\E_Commerce_Backend_System\target\classes started by rkjra in D:\JAVA-PROGRAMMING\ProductionJava\E_Commerce_Backend_System)
2026-03-16T01:04:54.905+05:30  INFO 17208 --- [E_Commerce_Backend_System] [main] c.i.E.ECommerceBackendSystemApplication  : No active profile set, falling back to 1 default profile: "default"
2026-03-16T01:04:55.579+05:30  INFO 17208 --- [E_Commerce_Backend_System] [main] .s.d.r.c.RepositoryConfigurationDelegate : Bootstrapping Spring Data JPA repositories in DEFAULT mode.
2026-03-16T01:04:55.632+05:30  INFO 17208 --- [E_Commerce_Backend_System] [main] .s.d.r.c.RepositoryConfigurationDelegate : Finished Spring Data repository scanning in 46 ms. Found 6 JPA repository interfaces.
2026-03-16T01:04:56.099+05:30  INFO 17208 --- [E_Commerce_Backend_System] [main] o.s.boot.tomcat.TomcatWebServer          : Tomcat initialized with port 8080 (http)
2026-03-16T01:04:56.110+05:30  INFO 17208 --- [E_Commerce_Backend_System] [main] o.apache.catalina.core.StandardService   : Starting service [Tomcat]
2026-03-16T01:04:56.111+05:30  INFO 17208 --- [E_Commerce_Backend_System] [main] o.apache.catalina.core.StandardEngine    : Starting Servlet engine: [Apache Tomcat/11.0.18]
2026-03-16T01:04:56.156+05:30  INFO 17208 --- [E_Commerce_Backend_System] [main] b.w.c.s.WebApplicationContextInitializer : Root WebApplicationContext: initialization completed in 1210 ms
2026-03-16T01:04:56.285+05:30  INFO 17208 --- [E_Commerce_Backend_System] [main] org.hibernate.orm.jpa                    : HHH008540: Processing PersistenceUnitInfo [name: default]
2026-03-16T01:04:56.320+05:30  INFO 17208 --- [E_Commerce_Backend_System] [main] org.hibernate.orm.core                   : HHH000001: Hibernate ORM core version 7.2.4.Final
2026-03-16T01:04:56.647+05:30  INFO 17208 --- [E_Commerce_Backend_System] [main] o.s.o.j.p.SpringPersistenceUnitInfo      : No LoadTimeWeaver setup: ignoring JPA class transformer
2026-03-16T01:04:56.672+05:30  INFO 17208 --- [E_Commerce_Backend_System] [main] com.zaxxer.hikari.HikariDataSource       : ECommerceBackendSystemApplication - Starting...
2026-03-16T01:04:56.973+05:30  INFO 17208 --- [E_Commerce_Backend_System] [main] com.zaxxer.hikari.pool.HikariPool        : ECommerceBackendSystemApplication - Added connection com.mysql.cj.jdbc.ConnectionImpl@4c91a008
2026-03-16T01:04:56.975+05:30  INFO 17208 --- [E_Commerce_Backend_System] [main] com.zaxxer.hikari.HikariDataSource       : ECommerceBackendSystemApplication - Start completed.
2026-03-16T01:04:57.021+05:30  WARN 17208 --- [E_Commerce_Backend_System] [main] org.hibernate.orm.deprecation            : HHH90000025: MySQLDialect does not need to be specified explicitly using 'hibernate.dialect' (remove the property setting and it will be selected by default)
2026-03-16T01:04:57.036+05:30  INFO 17208 --- [E_Commerce_Backend_System] [main] org.hibernate.orm.connections.pooling    : HHH10001005: Database info:
	Database JDBC URL [jdbc:mysql://localhost:3306/inctureECommerceDatabase]
	Database driver: MySQL Connector/J
	Database dialect: MySQLDialect
	Database version: 8.0.34
	Default catalog/schema: inctureECommerceDatabase/undefined
	Autocommit mode: undefined/unknown
	Isolation level: REPEATABLE_READ [default REPEATABLE_READ]
	JDBC fetch size: none
	Pool: DataSourceConnectionProvider
	Minimum pool size: undefined/unknown
	Maximum pool size: undefined/unknown
2026-03-16T01:04:57.859+05:30  INFO 17208 --- [E_Commerce_Backend_System] [main] org.hibernate.orm.core                   : HHH000489: No JTA platform available (set 'hibernate.transaction.jta.platform' to enable JTA platform integration)
2026-03-16T01:04:57.934+05:30  INFO 17208 --- [E_Commerce_Backend_System] [main] j.LocalContainerEntityManagerFactoryBean : Initialized JPA EntityManagerFactory for persistence unit 'default'
2026-03-16T01:04:57.995+05:30  INFO 17208 --- [E_Commerce_Backend_System] [main] o.s.d.j.r.query.QueryEnhancerFactories   : Hibernate is in classpath; If applicable, HQL parser will be used.
2026-03-16T01:04:58.786+05:30  INFO 17208 --- [E_Commerce_Backend_System] [main] eAuthenticationProviderManagerConfigurer : Global AuthenticationManager configured with AuthenticationProvider bean with name authenticationProvider
2026-03-16T01:04:58.787+05:30  WARN 17208 --- [E_Commerce_Backend_System] [main] r$InitializeUserDetailsManagerConfigurer : Global AuthenticationManager configured with an AuthenticationProvider bean. UserDetailsService beans will not be used by Spring Security for automatically configuring username/password login. Consider removing the AuthenticationProvider bean. Alternatively, consider using the UserDetailsService in a manually instantiated DaoAuthenticationProvider. If the current configuration is intentional, to turn off this warning, increase the logging level of 'org.springframework.security.config.annotation.authentication.configuration.InitializeUserDetailsBeanManagerConfigurer' to ERROR
2026-03-16T01:04:58.944+05:30  WARN 17208 --- [E_Commerce_Backend_System] [main] JpaBaseConfiguration$JpaWebConfiguration : spring.jpa.open-in-view is enabled by default. Therefore, database queries may be performed during view rendering. Explicitly configure spring.jpa.open-in-view to disable this warning
2026-03-16T01:04:59.233+05:30  INFO 17208 --- [E_Commerce_Backend_System] [main] o.s.v.b.OptionalValidatorFactoryBean     : Failed to set up a Bean Validation provider: jakarta.validation.NoProviderFoundException: Unable to create a Configuration, because no Jakarta Validation provider could be found. Add a provider like Hibernate Validator (RI) to your classpath.
2026-03-16T01:04:59.595+05:30  INFO 17208 --- [E_Commerce_Backend_System] [main] o.s.boot.tomcat.TomcatWebServer          : Tomcat started on port 8080 (http) with context path '/'
2026-03-16T01:04:59.602+05:30  INFO 17208 --- [E_Commerce_Backend_System] [main] c.i.E.ECommerceBackendSystemApplication  : Started ECommerceBackendSystemApplication in 5.063 seconds (process running for 5.69)
2026-03-16T01:05:08.794+05:30  INFO 17208 --- [E_Commerce_Backend_System] [http-nio-8080-exec-1] o.a.c.c.C.[Tomcat].[localhost].[/]       : Initializing Spring DispatcherServlet 'dispatcherServlet'
2026-03-16T01:05:08.795+05:30  INFO 17208 --- [E_Commerce_Backend_System] [http-nio-8080-exec-1] o.s.web.servlet.DispatcherServlet        : Initializing Servlet 'dispatcherServlet'
2026-03-16T01:05:08.798+05:30  INFO 17208 --- [E_Commerce_Backend_System] [http-nio-8080-exec-1] o.s.web.servlet.DispatcherServlet        : Completed initialization in 3 ms
2026-03-16T01:05:09.498+05:30 DEBUG 17208 --- [E_Commerce_Backend_System] [http-nio-8080-exec-1] c.i.E.service.DemoUserService            : Attempting to load user details for username: 'Rajesh'
2026-03-16T01:05:09.769+05:30 DEBUG 17208 --- [E_Commerce_Backend_System] [http-nio-8080-exec-1] c.i.E.service.DemoUserService            : Successfully loaded user details for username: 'Rajesh'
2026-03-16T01:05:10.623+05:30 DEBUG 17208 --- [E_Commerce_Backend_System] [http-nio-8080-exec-4] c.i.E.service.DemoUserService            : Attempting to load user details for username: 'Rajesh'
2026-03-16T01:05:10.636+05:30 DEBUG 17208 --- [E_Commerce_Backend_System] [http-nio-8080-exec-7] c.i.E.service.DemoUserService            : Attempting to load user details for username: 'Rajesh'
2026-03-16T01:05:10.637+05:30 DEBUG 17208 --- [E_Commerce_Backend_System] [http-nio-8080-exec-2] c.i.E.service.DemoUserService            : Attempting to load user details for username: 'Rajesh'
2026-03-16T01:05:10.637+05:30 DEBUG 17208 --- [E_Commerce_Backend_System] [http-nio-8080-exec-6] c.i.E.service.DemoUserService            : Attempting to load user details for username: 'Rajesh'
2026-03-16T01:05:10.638+05:30 DEBUG 17208 --- [E_Commerce_Backend_System] [http-nio-8080-exec-4] c.i.E.service.DemoUserService            : Successfully loaded user details for username: 'Rajesh'
2026-03-16T01:05:10.641+05:30 DEBUG 17208 --- [E_Commerce_Backend_System] [http-nio-8080-exec-8] c.i.E.service.DemoUserService            : Attempting to load user details for username: 'Rajesh'
2026-03-16T01:05:10.646+05:30 DEBUG 17208 --- [E_Commerce_Backend_System] [http-nio-8080-exec-7] c.i.E.service.DemoUserService            : Successfully loaded user details for username: 'Rajesh'
2026-03-16T01:05:10.646+05:30 DEBUG 17208 --- [E_Commerce_Backend_System] [http-nio-8080-exec-2] c.i.E.service.DemoUserService            : Successfully loaded user details for username: 'Rajesh'
2026-03-16T01:05:10.651+05:30 DEBUG 17208 --- [E_Commerce_Backend_System] [http-nio-8080-exec-8] c.i.E.service.DemoUserService            : Successfully loaded user details for username: 'Rajesh'
2026-03-16T01:05:10.660+05:30 DEBUG 17208 --- [E_Commerce_Backend_System] [http-nio-8080-exec-6] c.i.E.service.DemoUserService            : Successfully loaded user details for username: 'Rajesh'
2026-03-16T01:05:11.547+05:30 DEBUG 17208 --- [E_Commerce_Backend_System] [http-nio-8080-exec-5] c.i.E.service.DemoUserService            : Attempting to load user details for username: 'Rajesh'
2026-03-16T01:05:11.560+05:30 DEBUG 17208 --- [E_Commerce_Backend_System] [http-nio-8080-exec-5] c.i.E.service.DemoUserService            : Successfully loaded user details for username: 'Rajesh'
2026-03-16T01:05:12.124+05:30 DEBUG 17208 --- [E_Commerce_Backend_System] [http-nio-8080-exec-10] c.i.E.service.DemoUserService            : Attempting to load user details for username: 'Rajesh'
2026-03-16T01:05:12.130+05:30 DEBUG 17208 --- [E_Commerce_Backend_System] [http-nio-8080-exec-10] c.i.E.service.DemoUserService            : Successfully loaded user details for username: 'Rajesh'
2026-03-16T01:05:13.207+05:30 ERROR 17208 --- [E_Commerce_Backend_System] [http-nio-8080-exec-10] o.a.c.c.C.[.[.[/].[dispatcherServlet]    : Servlet.service() for servlet [dispatcherServlet] in context with path [] threw exception [Handler dispatch failed: java.lang.NoSuchMethodError: 'void org.springframework.web.method.ControllerAdviceBean.<init>(java.lang.Object)'] with root cause

java.lang.NoSuchMethodError: 'void org.springframework.web.method.ControllerAdviceBean.<init>(java.lang.Object)'
	at org.springdoc.core.service.GenericResponseService.lambda$getGenericMapResponse$8(GenericResponseService.java:706) ~[springdoc-openapi-starter-common-2.6.0.jar:2.6.0]
	at java.base/java.util.stream.ReferencePipeline$2$1.accept(ReferencePipeline.java:178) ~[na:na]
	at java.base/java.util.Spliterators$ArraySpliterator.forEachRemaining(Spliterators.java:1024) ~[na:na]
	at java.base/java.util.stream.AbstractPipeline.copyInto(AbstractPipeline.java:509) ~[na:na]
	at java.base/java.util.stream.AbstractPipeline.wrapAndCopyInto(AbstractPipeline.java:499) ~[na:na]
	at java.base/java.util.stream.AbstractPipeline.evaluate(AbstractPipeline.java:575) ~[na:na]
	at java.base/java.util.stream.AbstractPipeline.evaluateToArrayNode(AbstractPipeline.java:260) ~[na:na]
	at java.base/java.util.stream.ReferencePipeline.toArray(ReferencePipeline.java:616) ~[na:na]
	at java.base/java.util.stream.ReferencePipeline.toArray(ReferencePipeline.java:622) ~[na:na]
	at java.base/java.util.stream.ReferencePipeline.toList(ReferencePipeline.java:627) ~[na:na]
	at org.springdoc.core.service.GenericResponseService.getGenericMapResponse(GenericResponseService.java:708) ~[springdoc-openapi-starter-common-2.6.0.jar:2.6.0]
	at org.springdoc.core.service.GenericResponseService.build(GenericResponseService.java:247) ~[springdoc-openapi-starter-common-2.6.0.jar:2.6.0]
	at org.springdoc.api.AbstractOpenApiResource.calculatePath(AbstractOpenApiResource.java:499) ~[springdoc-openapi-starter-common-2.6.0.jar:2.6.0]
	at org.springdoc.api.AbstractOpenApiResource.calculatePath(AbstractOpenApiResource.java:676) ~[springdoc-openapi-starter-common-2.6.0.jar:2.6.0]
	at org.springdoc.webmvc.api.OpenApiResource.lambda$calculatePath$11(OpenApiResource.java:220) ~[springdoc-openapi-starter-webmvc-api-2.6.0.jar:2.6.0]
	at java.base/java.util.Optional.ifPresent(Optional.java:178) ~[na:na]
	at org.springdoc.webmvc.api.OpenApiResource.calculatePath(OpenApiResource.java:201) ~[springdoc-openapi-starter-webmvc-api-2.6.0.jar:2.6.0]
	at org.springdoc.webmvc.api.OpenApiResource.lambda$getPaths$2(OpenApiResource.java:171) ~[springdoc-openapi-starter-webmvc-api-2.6.0.jar:2.6.0]
	at java.base/java.util.Optional.ifPresent(Optional.java:178) ~[na:na]
	at org.springdoc.webmvc.api.OpenApiResource.getPaths(OpenApiResource.java:150) ~[springdoc-openapi-starter-webmvc-api-2.6.0.jar:2.6.0]
	at org.springdoc.api.AbstractOpenApiResource.getOpenApi(AbstractOpenApiResource.java:353) ~[springdoc-openapi-starter-common-2.6.0.jar:2.6.0]
	at org.springdoc.webmvc.api.OpenApiResource.openapiJson(OpenApiResource.java:125) ~[springdoc-openapi-starter-webmvc-api-2.6.0.jar:2.6.0]
	at org.springdoc.webmvc.api.OpenApiWebMvcResource.openapiJson(OpenApiWebMvcResource.java:114) ~[springdoc-openapi-starter-webmvc-api-2.6.0.jar:2.6.0]
	at java.base/jdk.internal.reflect.DirectMethodHandleAccessor.invoke(DirectMethodHandleAccessor.java:103) ~[na:na]
	at java.base/java.lang.reflect.Method.invoke(Method.java:580) ~[na:na]
	at org.springframework.web.method.support.InvocableHandlerMethod.doInvoke(InvocableHandlerMethod.java:252) ~[spring-web-7.0.5.jar:7.0.5]
	at org.springframework.web.method.support.InvocableHandlerMethod.invokeForRequest(InvocableHandlerMethod.java:184) ~[spring-web-7.0.5.jar:7.0.5]
	at org.springframework.web.servlet.mvc.method.annotation.ServletInvocableHandlerMethod.invokeAndHandle(ServletInvocableHandlerMethod.java:117) ~[spring-webmvc-7.0.5.jar:7.0.5]
	at org.springframework.web.servlet.mvc.method.annotation.RequestMappingHandlerAdapter.invokeHandlerMethod(RequestMappingHandlerAdapter.java:934) ~[spring-webmvc-7.0.5.jar:7.0.5]
	at org.springframework.web.servlet.mvc.method.annotation.RequestMappingHandlerAdapter.handleInternal(RequestMappingHandlerAdapter.java:853) ~[spring-webmvc-7.0.5.jar:7.0.5]
	at org.springframework.web.servlet.mvc.method.AbstractHandlerMethodAdapter.handle(AbstractHandlerMethodAdapter.java:86) ~[spring-webmvc-7.0.5.jar:7.0.5]
	at org.springframework.web.servlet.DispatcherServlet.doDispatch(DispatcherServlet.java:963) ~[spring-webmvc-7.0.5.jar:7.0.5]
	at org.springframework.web.servlet.DispatcherServlet.doService(DispatcherServlet.java:866) ~[spring-webmvc-7.0.5.jar:7.0.5]
	at org.springframework.web.servlet.FrameworkServlet.processRequest(FrameworkServlet.java:1000) ~[spring-webmvc-7.0.5.jar:7.0.5]
	at org.springframework.web.servlet.FrameworkServlet.doGet(FrameworkServlet.java:892) ~[spring-webmvc-7.0.5.jar:7.0.5]
	at jakarta.servlet.http.HttpServlet.service(HttpServlet.java:622) ~[tomcat-embed-core-11.0.18.jar:6.1]
	at org.springframework.web.servlet.FrameworkServlet.service(FrameworkServlet.java:874) ~[spring-webmvc-7.0.5.jar:7.0.5]
	at jakarta.servlet.http.HttpServlet.service(HttpServlet.java:710) ~[tomcat-embed-core-11.0.18.jar:6.1]
	at org.apache.catalina.core.ApplicationFilterChain.doFilter(ApplicationFilterChain.java:128) ~[tomcat-embed-core-11.0.18.jar:11.0.18]
	at org.apache.tomcat.websocket.server.WsFilter.doFilter(WsFilter.java:53) ~[tomcat-embed-websocket-11.0.18.jar:11.0.18]
	at org.apache.catalina.core.ApplicationFilterChain.doFilter(ApplicationFilterChain.java:107) ~[tomcat-embed-core-11.0.18.jar:11.0.18]
	at org.springframework.web.filter.OncePerRequestFilter.doFilter(OncePerRequestFilter.java:110) ~[spring-web-7.0.5.jar:7.0.5]
	at org.apache.catalina.core.ApplicationFilterChain.doFilter(ApplicationFilterChain.java:107) ~[tomcat-embed-core-11.0.18.jar:11.0.18]
	at org.springframework.web.filter.CompositeFilter$VirtualFilterChain.doFilter(CompositeFilter.java:108) ~[spring-web-7.0.5.jar:7.0.5]
	at org.springframework.security.web.FilterChainProxy.lambda$doFilterInternal$3(FilterChainProxy.java:235) ~[spring-security-web-7.0.3.jar:7.0.3]
	at org.springframework.security.web.FilterChainProxy$VirtualFilterChain.doFilter(FilterChainProxy.java:371) ~[spring-security-web-7.0.3.jar:7.0.3]
	at org.springframework.security.web.access.intercept.AuthorizationFilter.doFilter(AuthorizationFilter.java:101) ~[spring-security-web-7.0.3.jar:7.0.3]
	at org.springframework.security.web.FilterChainProxy$VirtualFilterChain.doFilter(FilterChainProxy.java:380) ~[spring-security-web-7.0.3.jar:7.0.3]
	at org.springframework.security.web.access.ExceptionTranslationFilter.doFilter(ExceptionTranslationFilter.java:126) ~[spring-security-web-7.0.3.jar:7.0.3]
	at org.springframework.security.web.access.ExceptionTranslationFilter.doFilter(ExceptionTranslationFilter.java:120) ~[spring-security-web-7.0.3.jar:7.0.3]
	at org.springframework.security.web.FilterChainProxy$VirtualFilterChain.doFilter(FilterChainProxy.java:380) ~[spring-security-web-7.0.3.jar:7.0.3]
	at org.springframework.security.web.session.SessionManagementFilter.doFilter(SessionManagementFilter.java:132) ~[spring-security-web-7.0.3.jar:7.0.3]
	at org.springframework.security.web.session.SessionManagementFilter.doFilter(SessionManagementFilter.java:86) ~[spring-security-web-7.0.3.jar:7.0.3]
	at org.springframework.security.web.FilterChainProxy$VirtualFilterChain.doFilter(FilterChainProxy.java:380) ~[spring-security-web-7.0.3.jar:7.0.3]
	at org.springframework.security.web.authentication.AnonymousAuthenticationFilter.doFilter(AnonymousAuthenticationFilter.java:100) ~[spring-security-web-7.0.3.jar:7.0.3]
	at org.springframework.security.web.FilterChainProxy$VirtualFilterChain.doFilter(FilterChainProxy.java:380) ~[spring-security-web-7.0.3.jar:7.0.3]
	at org.springframework.security.web.servletapi.SecurityContextHolderAwareRequestFilter.doFilter(SecurityContextHolderAwareRequestFilter.java:181) ~[spring-security-web-7.0.3.jar:7.0.3]
	at org.springframework.security.web.FilterChainProxy$VirtualFilterChain.doFilter(FilterChainProxy.java:380) ~[spring-security-web-7.0.3.jar:7.0.3]
	at org.springframework.security.web.savedrequest.RequestCacheAwareFilter.doFilter(RequestCacheAwareFilter.java:63) ~[spring-security-web-7.0.3.jar:7.0.3]
	at org.springframework.security.web.FilterChainProxy$VirtualFilterChain.doFilter(FilterChainProxy.java:380) ~[spring-security-web-7.0.3.jar:7.0.3]
	at org.springframework.security.web.authentication.www.BasicAuthenticationFilter.doFilterInternal(BasicAuthenticationFilter.java:247) ~[spring-security-web-7.0.3.jar:7.0.3]
	at org.springframework.web.filter.OncePerRequestFilter.doFilter(OncePerRequestFilter.java:116) ~[spring-web-7.0.5.jar:7.0.5]
	at org.springframework.security.web.FilterChainProxy$VirtualFilterChain.doFilter(FilterChainProxy.java:380) ~[spring-security-web-7.0.3.jar:7.0.3]
	at com.incture.E_Commerce_Backend_System.filter.JWTFilter.doFilterInternal(JWTFilter.java:64) ~[classes/:na]
	at org.springframework.web.filter.OncePerRequestFilter.doFilter(OncePerRequestFilter.java:116) ~[spring-web-7.0.5.jar:7.0.5]
	at org.springframework.security.web.FilterChainProxy$VirtualFilterChain.doFilter(FilterChainProxy.java:380) ~[spring-security-web-7.0.3.jar:7.0.3]
	at org.springframework.security.web.authentication.logout.LogoutFilter.doFilter(LogoutFilter.java:110) ~[spring-security-web-7.0.3.jar:7.0.3]
	at org.springframework.security.web.authentication.logout.LogoutFilter.doFilter(LogoutFilter.java:96) ~[spring-security-web-7.0.3.jar:7.0.3]
	at org.springframework.security.web.FilterChainProxy$VirtualFilterChain.doFilter(FilterChainProxy.java:380) ~[spring-security-web-7.0.3.jar:7.0.3]
	at org.springframework.security.web.header.HeaderWriterFilter.doHeadersAfter(HeaderWriterFilter.java:90) ~[spring-security-web-7.0.3.jar:7.0.3]
	at org.springframework.security.web.header.HeaderWriterFilter.doFilterInternal(HeaderWriterFilter.java:75) ~[spring-security-web-7.0.3.jar:7.0.3]
	at org.springframework.web.filter.OncePerRequestFilter.doFilter(OncePerRequestFilter.java:116) ~[spring-web-7.0.5.jar:7.0.5]
	at org.springframework.security.web.FilterChainProxy$VirtualFilterChain.doFilter(FilterChainProxy.java:380) ~[spring-security-web-7.0.3.jar:7.0.3]
	at org.springframework.security.web.context.SecurityContextHolderFilter.doFilter(SecurityContextHolderFilter.java:82) ~[spring-security-web-7.0.3.jar:7.0.3]
	at org.springframework.security.web.context.SecurityContextHolderFilter.doFilter(SecurityContextHolderFilter.java:69) ~[spring-security-web-7.0.3.jar:7.0.3]
	at org.springframework.security.web.FilterChainProxy$VirtualFilterChain.doFilter(FilterChainProxy.java:380) ~[spring-security-web-7.0.3.jar:7.0.3]
	at org.springframework.security.web.context.request.async.WebAsyncManagerIntegrationFilter.doFilterInternal(WebAsyncManagerIntegrationFilter.java:62) ~[spring-security-web-7.0.3.jar:7.0.3]
	at org.springframework.web.filter.OncePerRequestFilter.doFilter(OncePerRequestFilter.java:116) ~[spring-web-7.0.5.jar:7.0.5]
	at org.springframework.security.web.FilterChainProxy$VirtualFilterChain.doFilter(FilterChainProxy.java:380) ~[spring-security-web-7.0.3.jar:7.0.3]
	at org.springframework.security.web.session.DisableEncodeUrlFilter.doFilterInternal(DisableEncodeUrlFilter.java:42) ~[spring-security-web-7.0.3.jar:7.0.3]
	at org.springframework.web.filter.OncePerRequestFilter.doFilter(OncePerRequestFilter.java:116) ~[spring-web-7.0.5.jar:7.0.5]
	at org.springframework.security.web.FilterChainProxy$VirtualFilterChain.doFilter(FilterChainProxy.java:380) ~[spring-security-web-7.0.3.jar:7.0.3]
	at org.springframework.security.web.FilterChainProxy.doFilterInternal(FilterChainProxy.java:237) ~[spring-security-web-7.0.3.jar:7.0.3]
	at org.springframework.security.web.FilterChainProxy.doFilter(FilterChainProxy.java:195) ~[spring-security-web-7.0.3.jar:7.0.3]
	at org.springframework.web.filter.CompositeFilter$VirtualFilterChain.doFilter(CompositeFilter.java:113) ~[spring-web-7.0.5.jar:7.0.5]
	at org.springframework.web.filter.ServletRequestPathFilter.doFilter(ServletRequestPathFilter.java:52) ~[spring-web-7.0.5.jar:7.0.5]
	at org.springframework.web.filter.CompositeFilter$VirtualFilterChain.doFilter(CompositeFilter.java:113) ~[spring-web-7.0.5.jar:7.0.5]
	at org.springframework.web.filter.CompositeFilter.doFilter(CompositeFilter.java:74) ~[spring-web-7.0.5.jar:7.0.5]
	at org.springframework.security.config.annotation.web.configuration.WebSecurityConfiguration$CompositeFilterChainProxy.doFilter(WebSecurityConfiguration.java:317) ~[spring-security-config-7.0.3.jar:7.0.3]
	at org.springframework.web.filter.DelegatingFilterProxy.invokeDelegate(DelegatingFilterProxy.java:355) ~[spring-web-7.0.5.jar:7.0.5]
	at org.springframework.web.filter.DelegatingFilterProxy.doFilter(DelegatingFilterProxy.java:272) ~[spring-web-7.0.5.jar:7.0.5]
	at org.apache.catalina.core.ApplicationFilterChain.doFilter(ApplicationFilterChain.java:107) ~[tomcat-embed-core-11.0.18.jar:11.0.18]
	at org.springframework.web.filter.RequestContextFilter.doFilterInternal(RequestContextFilter.java:100) ~[spring-web-7.0.5.jar:7.0.5]
	at org.springframework.web.filter.OncePerRequestFilter.doFilter(OncePerRequestFilter.java:116) ~[spring-web-7.0.5.jar:7.0.5]
	at org.apache.catalina.core.ApplicationFilterChain.doFilter(ApplicationFilterChain.java:107) ~[tomcat-embed-core-11.0.18.jar:11.0.18]
	at org.springframework.web.filter.FormContentFilter.doFilterInternal(FormContentFilter.java:93) ~[spring-web-7.0.5.jar:7.0.5]
	at org.springframework.web.filter.OncePerRequestFilter.doFilter(OncePerRequestFilter.java:116) ~[spring-web-7.0.5.jar:7.0.5]
	at org.apache.catalina.core.ApplicationFilterChain.doFilter(ApplicationFilterChain.java:107) ~[tomcat-embed-core-11.0.18.jar:11.0.18]
	at org.springframework.web.filter.CharacterEncodingFilter.doFilterInternal(CharacterEncodingFilter.java:199) ~[spring-web-7.0.5.jar:7.0.5]
	at org.springframework.web.filter.OncePerRequestFilter.doFilter(OncePerRequestFilter.java:116) ~[spring-web-7.0.5.jar:7.0.5]
	at org.apache.catalina.core.ApplicationFilterChain.doFilter(ApplicationFilterChain.java:107) ~[tomcat-embed-core-11.0.18.jar:11.0.18]
	at org.apache.catalina.core.StandardWrapperValve.invoke(StandardWrapperValve.java:165) ~[tomcat-embed-core-11.0.18.jar:11.0.18]
	at org.apache.catalina.core.StandardContextValve.invoke(StandardContextValve.java:77) ~[tomcat-embed-core-11.0.18.jar:11.0.18]
	at org.apache.catalina.authenticator.AuthenticatorBase.invoke(AuthenticatorBase.java:492) ~[tomcat-embed-core-11.0.18.jar:11.0.18]
	at org.apache.catalina.core.StandardHostValve.invoke(StandardHostValve.java:113) ~[tomcat-embed-core-11.0.18.jar:11.0.18]
	at org.apache.catalina.valves.ErrorReportValve.invoke(ErrorReportValve.java:83) ~[tomcat-embed-core-11.0.18.jar:11.0.18]
	at org.apache.catalina.core.StandardEngineValve.invoke(StandardEngineValve.java:72) ~[tomcat-embed-core-11.0.18.jar:11.0.18]
	at org.apache.catalina.connector.CoyoteAdapter.service(CoyoteAdapter.java:341) ~[tomcat-embed-core-11.0.18.jar:11.0.18]
	at org.apache.coyote.http11.Http11Processor.service(Http11Processor.java:397) ~[tomcat-embed-core-11.0.18.jar:11.0.18]
	at org.apache.coyote.AbstractProcessorLight.process(AbstractProcessorLight.java:63) ~[tomcat-embed-core-11.0.18.jar:11.0.18]
	at org.apache.coyote.AbstractProtocol$ConnectionHandler.process(AbstractProtocol.java:903) ~[tomcat-embed-core-11.0.18.jar:11.0.18]
	at org.apache.tomcat.util.net.NioEndpoint$SocketProcessor.doRun(NioEndpoint.java:1779) ~[tomcat-embed-core-11.0.18.jar:11.0.18]
	at org.apache.tomcat.util.net.SocketProcessorBase.run(SocketProcessorBase.java:52) ~[tomcat-embed-core-11.0.18.jar:11.0.18]
	at org.apache.tomcat.util.threads.ThreadPoolExecutor.runWorker(ThreadPoolExecutor.java:946) ~[tomcat-embed-core-11.0.18.jar:11.0.18]
	at org.apache.tomcat.util.threads.ThreadPoolExecutor$Worker.run(ThreadPoolExecutor.java:480) ~[tomcat-embed-core-11.0.18.jar:11.0.18]
	at org.apache.tomcat.util.threads.TaskThread$WrappingRunnable.run(TaskThread.java:57) ~[tomcat-embed-core-11.0.18.jar:11.0.18]
	at java.base/java.lang.Thread.run(Thread.java:1583) ~[na:na]

2026-03-16T01:05:15.712+05:30 DEBUG 17208 --- [E_Commerce_Backend_System] [http-nio-8080-exec-9] c.i.E.service.DemoUserService            : Attempting to load user details for username: 'Rajesh'
2026-03-16T01:05:15.720+05:30 DEBUG 17208 --- [E_Commerce_Backend_System] [http-nio-8080-exec-9] c.i.E.service.DemoUserService            : Successfully loaded user details for username: 'Rajesh'
2026-03-16T01:05:16.306+05:30 ERROR 17208 --- [E_Commerce_Backend_System] [http-nio-8080-exec-9] o.a.c.c.C.[.[.[/].[dispatcherServlet]    : Servlet.service() for servlet [dispatcherServlet] in context with path [] threw exception [Handler dispatch failed: java.lang.NoSuchMethodError: 'void org.springframework.web.method.ControllerAdviceBean.<init>(java.lang.Object)'] with root cause

java.lang.NoSuchMethodError: 'void org.springframework.web.method.ControllerAdviceBean.<init>(java.lang.Object)'
	at org.springdoc.core.service.GenericResponseService.lambda$getGenericMapResponse$8(GenericResponseService.java:706) ~[springdoc-openapi-starter-common-2.6.0.jar:2.6.0]
	at java.base/java.util.stream.ReferencePipeline$2$1.accept(ReferencePipeline.java:178) ~[na:na]
	at java.base/java.util.Spliterators$ArraySpliterator.forEachRemaining(Spliterators.java:1024) ~[na:na]
	at java.base/java.util.stream.AbstractPipeline.copyInto(AbstractPipeline.java:509) ~[na:na]
	at java.base/java.util.stream.AbstractPipeline.wrapAndCopyInto(AbstractPipeline.java:499) ~[na:na]
	at java.base/java.util.stream.AbstractPipeline.evaluate(AbstractPipeline.java:575) ~[na:na]
	at java.base/java.util.stream.AbstractPipeline.evaluateToArrayNode(AbstractPipeline.java:260) ~[na:na]
	at java.base/java.util.stream.ReferencePipeline.toArray(ReferencePipeline.java:616) ~[na:na]
	at java.base/java.util.stream.ReferencePipeline.toArray(ReferencePipeline.java:622) ~[na:na]
	at java.base/java.util.stream.ReferencePipeline.toList(ReferencePipeline.java:627) ~[na:na]
	at org.springdoc.core.service.GenericResponseService.getGenericMapResponse(GenericResponseService.java:708) ~[springdoc-openapi-starter-common-2.6.0.jar:2.6.0]
	at org.springdoc.core.service.GenericResponseService.build(GenericResponseService.java:247) ~[springdoc-openapi-starter-common-2.6.0.jar:2.6.0]
	at org.springdoc.api.AbstractOpenApiResource.calculatePath(AbstractOpenApiResource.java:499) ~[springdoc-openapi-starter-common-2.6.0.jar:2.6.0]
	at org.springdoc.api.AbstractOpenApiResource.calculatePath(AbstractOpenApiResource.java:676) ~[springdoc-openapi-starter-common-2.6.0.jar:2.6.0]
	at org.springdoc.webmvc.api.OpenApiResource.lambda$calculatePath$11(OpenApiResource.java:220) ~[springdoc-openapi-starter-webmvc-api-2.6.0.jar:2.6.0]
	at java.base/java.util.Optional.ifPresent(Optional.java:178) ~[na:na]
	at org.springdoc.webmvc.api.OpenApiResource.calculatePath(OpenApiResource.java:201) ~[springdoc-openapi-starter-webmvc-api-2.6.0.jar:2.6.0]
	at org.springdoc.webmvc.api.OpenApiResource.lambda$getPaths$2(OpenApiResource.java:171) ~[springdoc-openapi-starter-webmvc-api-2.6.0.jar:2.6.0]
	at java.base/java.util.Optional.ifPresent(Optional.java:178) ~[na:na]
	at org.springdoc.webmvc.api.OpenApiResource.getPaths(OpenApiResource.java:150) ~[springdoc-openapi-starter-webmvc-api-2.6.0.jar:2.6.0]
	at org.springdoc.api.AbstractOpenApiResource.getOpenApi(AbstractOpenApiResource.java:353) ~[springdoc-openapi-starter-common-2.6.0.jar:2.6.0]
	at org.springdoc.webmvc.api.OpenApiResource.openapiJson(OpenApiResource.java:125) ~[springdoc-openapi-starter-webmvc-api-2.6.0.jar:2.6.0]
	at org.springdoc.webmvc.api.OpenApiWebMvcResource.openapiJson(OpenApiWebMvcResource.java:114) ~[springdoc-openapi-starter-webmvc-api-2.6.0.jar:2.6.0]
	at java.base/jdk.internal.reflect.DirectMethodHandleAccessor.invoke(DirectMethodHandleAccessor.java:103) ~[na:na]
	at java.base/java.lang.reflect.Method.invoke(Method.java:580) ~[na:na]
	at org.springframework.web.method.support.InvocableHandlerMethod.doInvoke(InvocableHandlerMethod.java:252) ~[spring-web-7.0.5.jar:7.0.5]
	at org.springframework.web.method.support.InvocableHandlerMethod.invokeForRequest(InvocableHandlerMethod.java:184) ~[spring-web-7.0.5.jar:7.0.5]
	at org.springframework.web.servlet.mvc.method.annotation.ServletInvocableHandlerMethod.invokeAndHandle(ServletInvocableHandlerMethod.java:117) ~[spring-webmvc-7.0.5.jar:7.0.5]
	at org.springframework.web.servlet.mvc.method.annotation.RequestMappingHandlerAdapter.invokeHandlerMethod(RequestMappingHandlerAdapter.java:934) ~[spring-webmvc-7.0.5.jar:7.0.5]
	at org.springframework.web.servlet.mvc.method.annotation.RequestMappingHandlerAdapter.handleInternal(RequestMappingHandlerAdapter.java:853) ~[spring-webmvc-7.0.5.jar:7.0.5]
	at org.springframework.web.servlet.mvc.method.AbstractHandlerMethodAdapter.handle(AbstractHandlerMethodAdapter.java:86) ~[spring-webmvc-7.0.5.jar:7.0.5]
	at org.springframework.web.servlet.DispatcherServlet.doDispatch(DispatcherServlet.java:963) ~[spring-webmvc-7.0.5.jar:7.0.5]
	at org.springframework.web.servlet.DispatcherServlet.doService(DispatcherServlet.java:866) ~[spring-webmvc-7.0.5.jar:7.0.5]
	at org.springframework.web.servlet.FrameworkServlet.processRequest(FrameworkServlet.java:1000) ~[spring-webmvc-7.0.5.jar:7.0.5]
	at org.springframework.web.servlet.FrameworkServlet.doGet(FrameworkServlet.java:892) ~[spring-webmvc-7.0.5.jar:7.0.5]
	at jakarta.servlet.http.HttpServlet.service(HttpServlet.java:622) ~[tomcat-embed-core-11.0.18.jar:6.1]
	at org.springframework.web.servlet.FrameworkServlet.service(FrameworkServlet.java:874) ~[spring-webmvc-7.0.5.jar:7.0.5]
	at jakarta.servlet.http.HttpServlet.service(HttpServlet.java:710) ~[tomcat-embed-core-11.0.18.jar:6.1]
	at org.apache.catalina.core.ApplicationFilterChain.doFilter(ApplicationFilterChain.java:128) ~[tomcat-embed-core-11.0.18.jar:11.0.18]
	at org.apache.tomcat.websocket.server.WsFilter.doFilter(WsFilter.java:53) ~[tomcat-embed-websocket-11.0.18.jar:11.0.18]
	at org.apache.catalina.core.ApplicationFilterChain.doFilter(ApplicationFilterChain.java:107) ~[tomcat-embed-core-11.0.18.jar:11.0.18]
	at org.springframework.web.filter.OncePerRequestFilter.doFilter(OncePerRequestFilter.java:110) ~[spring-web-7.0.5.jar:7.0.5]
	at org.apache.catalina.core.ApplicationFilterChain.doFilter(ApplicationFilterChain.java:107) ~[tomcat-embed-core-11.0.18.jar:11.0.18]
	at org.springframework.web.filter.CompositeFilter$VirtualFilterChain.doFilter(CompositeFilter.java:108) ~[spring-web-7.0.5.jar:7.0.5]
	at org.springframework.security.web.FilterChainProxy.lambda$doFilterInternal$3(FilterChainProxy.java:235) ~[spring-security-web-7.0.3.jar:7.0.3]
	at org.springframework.security.web.FilterChainProxy$VirtualFilterChain.doFilter(FilterChainProxy.java:371) ~[spring-security-web-7.0.3.jar:7.0.3]
	at org.springframework.security.web.access.intercept.AuthorizationFilter.doFilter(AuthorizationFilter.java:101) ~[spring-security-web-7.0.3.jar:7.0.3]
	at org.springframework.security.web.FilterChainProxy$VirtualFilterChain.doFilter(FilterChainProxy.java:380) ~[spring-security-web-7.0.3.jar:7.0.3]
	at org.springframework.security.web.access.ExceptionTranslationFilter.doFilter(ExceptionTranslationFilter.java:126) ~[spring-security-web-7.0.3.jar:7.0.3]
	at org.springframework.security.web.access.ExceptionTranslationFilter.doFilter(ExceptionTranslationFilter.java:120) ~[spring-security-web-7.0.3.jar:7.0.3]
	at org.springframework.security.web.FilterChainProxy$VirtualFilterChain.doFilter(FilterChainProxy.java:380) ~[spring-security-web-7.0.3.jar:7.0.3]
	at org.springframework.security.web.session.SessionManagementFilter.doFilter(SessionManagementFilter.java:132) ~[spring-security-web-7.0.3.jar:7.0.3]
	at org.springframework.security.web.session.SessionManagementFilter.doFilter(SessionManagementFilter.java:86) ~[spring-security-web-7.0.3.jar:7.0.3]
	at org.springframework.security.web.FilterChainProxy$VirtualFilterChain.doFilter(FilterChainProxy.java:380) ~[spring-security-web-7.0.3.jar:7.0.3]
	at org.springframework.security.web.authentication.AnonymousAuthenticationFilter.doFilter(AnonymousAuthenticationFilter.java:100) ~[spring-security-web-7.0.3.jar:7.0.3]
	at org.springframework.security.web.FilterChainProxy$VirtualFilterChain.doFilter(FilterChainProxy.java:380) ~[spring-security-web-7.0.3.jar:7.0.3]
	at org.springframework.security.web.servletapi.SecurityContextHolderAwareRequestFilter.doFilter(SecurityContextHolderAwareRequestFilter.java:181) ~[spring-security-web-7.0.3.jar:7.0.3]
	at org.springframework.security.web.FilterChainProxy$VirtualFilterChain.doFilter(FilterChainProxy.java:380) ~[spring-security-web-7.0.3.jar:7.0.3]
	at org.springframework.security.web.savedrequest.RequestCacheAwareFilter.doFilter(RequestCacheAwareFilter.java:63) ~[spring-security-web-7.0.3.jar:7.0.3]
	at org.springframework.security.web.FilterChainProxy$VirtualFilterChain.doFilter(FilterChainProxy.java:380) ~[spring-security-web-7.0.3.jar:7.0.3]
	at org.springframework.security.web.authentication.www.BasicAuthenticationFilter.doFilterInternal(BasicAuthenticationFilter.java:247) ~[spring-security-web-7.0.3.jar:7.0.3]
	at org.springframework.web.filter.OncePerRequestFilter.doFilter(OncePerRequestFilter.java:116) ~[spring-web-7.0.5.jar:7.0.5]
	at org.springframework.security.web.FilterChainProxy$VirtualFilterChain.doFilter(FilterChainProxy.java:380) ~[spring-security-web-7.0.3.jar:7.0.3]
	at com.incture.E_Commerce_Backend_System.filter.JWTFilter.doFilterInternal(JWTFilter.java:64) ~[classes/:na]
	at org.springframework.web.filter.OncePerRequestFilter.doFilter(OncePerRequestFilter.java:116) ~[spring-web-7.0.5.jar:7.0.5]
	at org.springframework.security.web.FilterChainProxy$VirtualFilterChain.doFilter(FilterChainProxy.java:380) ~[spring-security-web-7.0.3.jar:7.0.3]
	at org.springframework.security.web.authentication.logout.LogoutFilter.doFilter(LogoutFilter.java:110) ~[spring-security-web-7.0.3.jar:7.0.3]
	at org.springframework.security.web.authentication.logout.LogoutFilter.doFilter(LogoutFilter.java:96) ~[spring-security-web-7.0.3.jar:7.0.3]
	at org.springframework.security.web.FilterChainProxy$VirtualFilterChain.doFilter(FilterChainProxy.java:380) ~[spring-security-web-7.0.3.jar:7.0.3]
	at org.springframework.security.web.header.HeaderWriterFilter.doHeadersAfter(HeaderWriterFilter.java:90) ~[spring-security-web-7.0.3.jar:7.0.3]
	at org.springframework.security.web.header.HeaderWriterFilter.doFilterInternal(HeaderWriterFilter.java:75) ~[spring-security-web-7.0.3.jar:7.0.3]
	at org.springframework.web.filter.OncePerRequestFilter.doFilter(OncePerRequestFilter.java:116) ~[spring-web-7.0.5.jar:7.0.5]
	at org.springframework.security.web.FilterChainProxy$VirtualFilterChain.doFilter(FilterChainProxy.java:380) ~[spring-security-web-7.0.3.jar:7.0.3]
	at org.springframework.security.web.context.SecurityContextHolderFilter.doFilter(SecurityContextHolderFilter.java:82) ~[spring-security-web-7.0.3.jar:7.0.3]
	at org.springframework.security.web.context.SecurityContextHolderFilter.doFilter(SecurityContextHolderFilter.java:69) ~[spring-security-web-7.0.3.jar:7.0.3]
	at org.springframework.security.web.FilterChainProxy$VirtualFilterChain.doFilter(FilterChainProxy.java:380) ~[spring-security-web-7.0.3.jar:7.0.3]
	at org.springframework.security.web.context.request.async.WebAsyncManagerIntegrationFilter.doFilterInternal(WebAsyncManagerIntegrationFilter.java:62) ~[spring-security-web-7.0.3.jar:7.0.3]
	at org.springframework.web.filter.OncePerRequestFilter.doFilter(OncePerRequestFilter.java:116) ~[spring-web-7.0.5.jar:7.0.5]
	at org.springframework.security.web.FilterChainProxy$VirtualFilterChain.doFilter(FilterChainProxy.java:380) ~[spring-security-web-7.0.3.jar:7.0.3]
	at org.springframework.security.web.session.DisableEncodeUrlFilter.doFilterInternal(DisableEncodeUrlFilter.java:42) ~[spring-security-web-7.0.3.jar:7.0.3]
	at org.springframework.web.filter.OncePerRequestFilter.doFilter(OncePerRequestFilter.java:116) ~[spring-web-7.0.5.jar:7.0.5]
	at org.springframework.security.web.FilterChainProxy$VirtualFilterChain.doFilter(FilterChainProxy.java:380) ~[spring-security-web-7.0.3.jar:7.0.3]
	at org.springframework.security.web.FilterChainProxy.doFilterInternal(FilterChainProxy.java:237) ~[spring-security-web-7.0.3.jar:7.0.3]
	at org.springframework.security.web.FilterChainProxy.doFilter(FilterChainProxy.java:195) ~[spring-security-web-7.0.3.jar:7.0.3]
	at org.springframework.web.filter.CompositeFilter$VirtualFilterChain.doFilter(CompositeFilter.java:113) ~[spring-web-7.0.5.jar:7.0.5]
	at org.springframework.web.filter.ServletRequestPathFilter.doFilter(ServletRequestPathFilter.java:52) ~[spring-web-7.0.5.jar:7.0.5]
	at org.springframework.web.filter.CompositeFilter$VirtualFilterChain.doFilter(CompositeFilter.java:113) ~[spring-web-7.0.5.jar:7.0.5]
	at org.springframework.web.filter.CompositeFilter.doFilter(CompositeFilter.java:74) ~[spring-web-7.0.5.jar:7.0.5]
	at org.springframework.security.config.annotation.web.configuration.WebSecurityConfiguration$CompositeFilterChainProxy.doFilter(WebSecurityConfiguration.java:317) ~[spring-security-config-7.0.3.jar:7.0.3]
	at org.springframework.web.filter.DelegatingFilterProxy.invokeDelegate(DelegatingFilterProxy.java:355) ~[spring-web-7.0.5.jar:7.0.5]
	at org.springframework.web.filter.DelegatingFilterProxy.doFilter(DelegatingFilterProxy.java:272) ~[spring-web-7.0.5.jar:7.0.5]
	at org.apache.catalina.core.ApplicationFilterChain.doFilter(ApplicationFilterChain.java:107) ~[tomcat-embed-core-11.0.18.jar:11.0.18]
	at org.springframework.web.filter.RequestContextFilter.doFilterInternal(RequestContextFilter.java:100) ~[spring-web-7.0.5.jar:7.0.5]
	at org.springframework.web.filter.OncePerRequestFilter.doFilter(OncePerRequestFilter.java:116) ~[spring-web-7.0.5.jar:7.0.5]
	at org.apache.catalina.core.ApplicationFilterChain.doFilter(ApplicationFilterChain.java:107) ~[tomcat-embed-core-11.0.18.jar:11.0.18]
	at org.springframework.web.filter.FormContentFilter.doFilterInternal(FormContentFilter.java:93) ~[spring-web-7.0.5.jar:7.0.5]
	at org.springframework.web.filter.OncePerRequestFilter.doFilter(OncePerRequestFilter.java:116) ~[spring-web-7.0.5.jar:7.0.5]
	at org.apache.catalina.core.ApplicationFilterChain.doFilter(ApplicationFilterChain.java:107) ~[tomcat-embed-core-11.0.18.jar:11.0.18]
	at org.springframework.web.filter.CharacterEncodingFilter.doFilterInternal(CharacterEncodingFilter.java:199) ~[spring-web-7.0.5.jar:7.0.5]
	at org.springframework.web.filter.OncePerRequestFilter.doFilter(OncePerRequestFilter.java:116) ~[spring-web-7.0.5.jar:7.0.5]
	at org.apache.catalina.core.ApplicationFilterChain.doFilter(ApplicationFilterChain.java:107) ~[tomcat-embed-core-11.0.18.jar:11.0.18]
	at org.apache.catalina.core.StandardWrapperValve.invoke(StandardWrapperValve.java:165) ~[tomcat-embed-core-11.0.18.jar:11.0.18]
	at org.apache.catalina.core.StandardContextValve.invoke(StandardContextValve.java:77) ~[tomcat-embed-core-11.0.18.jar:11.0.18]
	at org.apache.catalina.authenticator.AuthenticatorBase.invoke(AuthenticatorBase.java:492) ~[tomcat-embed-core-11.0.18.jar:11.0.18]
	at org.apache.catalina.core.StandardHostValve.invoke(StandardHostValve.java:113) ~[tomcat-embed-core-11.0.18.jar:11.0.18]
	at org.apache.catalina.valves.ErrorReportValve.invoke(ErrorReportValve.java:83) ~[tomcat-embed-core-11.0.18.jar:11.0.18]
	at org.apache.catalina.core.StandardEngineValve.invoke(StandardEngineValve.java:72) ~[tomcat-embed-core-11.0.18.jar:11.0.18]
	at org.apache.catalina.connector.CoyoteAdapter.service(CoyoteAdapter.java:341) ~[tomcat-embed-core-11.0.18.jar:11.0.18]
	at org.apache.coyote.http11.Http11Processor.service(Http11Processor.java:397) ~[tomcat-embed-core-11.0.18.jar:11.0.18]
	at org.apache.coyote.AbstractProcessorLight.process(AbstractProcessorLight.java:63) ~[tomcat-embed-core-11.0.18.jar:11.0.18]
	at org.apache.coyote.AbstractProtocol$ConnectionHandler.process(AbstractProtocol.java:903) ~[tomcat-embed-core-11.0.18.jar:11.0.18]
	at org.apache.tomcat.util.net.NioEndpoint$SocketProcessor.doRun(NioEndpoint.java:1779) ~[tomcat-embed-core-11.0.18.jar:11.0.18]
	at org.apache.tomcat.util.net.SocketProcessorBase.run(SocketProcessorBase.java:52) ~[tomcat-embed-core-11.0.18.jar:11.0.18]
	at org.apache.tomcat.util.threads.ThreadPoolExecutor.runWorker(ThreadPoolExecutor.java:946) ~[tomcat-embed-core-11.0.18.jar:11.0.18]
	at org.apache.tomcat.util.threads.ThreadPoolExecutor$Worker.run(ThreadPoolExecutor.java:480) ~[tomcat-embed-core-11.0.18.jar:11.0.18]
	at org.apache.tomcat.util.threads.TaskThread$WrappingRunnable.run(TaskThread.java:57) ~[tomcat-embed-core-11.0.18.jar:11.0.18]
	at java.base/java.lang.Thread.run(Thread.java:1583) ~[na:na]

2026-03-16T01:07:55.470+05:30  INFO 17208 --- [E_Commerce_Backend_System] [RMI TCP Connection(5)-127.0.0.1] inMXBeanRegistrar$SpringApplicationAdmin : Application shutdown requested.
2026-03-16T01:07:55.475+05:30  INFO 17208 --- [E_Commerce_Backend_System] [RMI TCP Connection(5)-127.0.0.1] o.s.boot.tomcat.GracefulShutdown         : Commencing graceful shutdown. Waiting for active requests to complete
2026-03-16T01:07:55.483+05:30  INFO 17208 --- [E_Commerce_Backend_System] [tomcat-shutdown] o.s.boot.tomcat.GracefulShutdown         : Graceful shutdown complete
2026-03-16T01:07:55.488+05:30  INFO 17208 --- [E_Commerce_Backend_System] [RMI TCP Connection(5)-127.0.0.1] j.LocalContainerEntityManagerFactoryBean : Closing JPA EntityManagerFactory for persistence unit 'default'
2026-03-16T01:07:55.490+05:30  INFO 17208 --- [E_Commerce_Backend_System] [RMI TCP Connection(5)-127.0.0.1] com.zaxxer.hikari.HikariDataSource       : ECommerceBackendSystemApplication - Shutdown initiated...
2026-03-16T01:07:55.498+05:30  INFO 17208 --- [E_Commerce_Backend_System] [RMI TCP Connection(5)-127.0.0.1] com.zaxxer.hikari.HikariDataSource       : ECommerceBackendSystemApplication - Shutdown completed.
2026-03-16T01:10:36.930+05:30  INFO 9816 --- [E_Commerce_Backend_System] [main] c.i.E.ECommerceBackendSystemApplication  : Starting ECommerceBackendSystemApplication using Java 21.0.9 with PID 9816 (D:\JAVA-PROGRAMMING\ProductionJava\E_Commerce_Backend_System\target\classes started by rkjra in D:\JAVA-PROGRAMMING\ProductionJava\E_Commerce_Backend_System)
2026-03-16T01:10:36.933+05:30  INFO 9816 --- [E_Commerce_Backend_System] [main] c.i.E.ECommerceBackendSystemApplication  : No active profile set, falling back to 1 default profile: "default"
2026-03-16T01:10:37.624+05:30  INFO 9816 --- [E_Commerce_Backend_System] [main] .s.d.r.c.RepositoryConfigurationDelegate : Bootstrapping Spring Data JPA repositories in DEFAULT mode.
2026-03-16T01:10:37.680+05:30  INFO 9816 --- [E_Commerce_Backend_System] [main] .s.d.r.c.RepositoryConfigurationDelegate : Finished Spring Data repository scanning in 48 ms. Found 6 JPA repository interfaces.
2026-03-16T01:10:38.145+05:30  INFO 9816 --- [E_Commerce_Backend_System] [main] o.s.boot.tomcat.TomcatWebServer          : Tomcat initialized with port 8080 (http)
2026-03-16T01:10:38.163+05:30  INFO 9816 --- [E_Commerce_Backend_System] [main] o.apache.catalina.core.StandardService   : Starting service [Tomcat]
2026-03-16T01:10:38.164+05:30  INFO 9816 --- [E_Commerce_Backend_System] [main] o.apache.catalina.core.StandardEngine    : Starting Servlet engine: [Apache Tomcat/11.0.18]
2026-03-16T01:10:38.219+05:30  INFO 9816 --- [E_Commerce_Backend_System] [main] b.w.c.s.WebApplicationContextInitializer : Root WebApplicationContext: initialization completed in 1246 ms
2026-03-16T01:10:38.366+05:30  INFO 9816 --- [E_Commerce_Backend_System] [main] org.hibernate.orm.jpa                    : HHH008540: Processing PersistenceUnitInfo [name: default]
2026-03-16T01:10:38.427+05:30  INFO 9816 --- [E_Commerce_Backend_System] [main] org.hibernate.orm.core                   : HHH000001: Hibernate ORM core version 7.2.4.Final
2026-03-16T01:10:38.898+05:30  INFO 9816 --- [E_Commerce_Backend_System] [main] o.s.o.j.p.SpringPersistenceUnitInfo      : No LoadTimeWeaver setup: ignoring JPA class transformer
2026-03-16T01:10:38.934+05:30  INFO 9816 --- [E_Commerce_Backend_System] [main] com.zaxxer.hikari.HikariDataSource       : ECommerceBackendSystemApplication - Starting...
2026-03-16T01:10:39.241+05:30  INFO 9816 --- [E_Commerce_Backend_System] [main] com.zaxxer.hikari.pool.HikariPool        : ECommerceBackendSystemApplication - Added connection com.mysql.cj.jdbc.ConnectionImpl@66226ab
2026-03-16T01:10:39.243+05:30  INFO 9816 --- [E_Commerce_Backend_System] [main] com.zaxxer.hikari.HikariDataSource       : ECommerceBackendSystemApplication - Start completed.
2026-03-16T01:10:39.304+05:30  WARN 9816 --- [E_Commerce_Backend_System] [main] org.hibernate.orm.deprecation            : HHH90000025: MySQLDialect does not need to be specified explicitly using 'hibernate.dialect' (remove the property setting and it will be selected by default)
2026-03-16T01:10:39.324+05:30  INFO 9816 --- [E_Commerce_Backend_System] [main] org.hibernate.orm.connections.pooling    : HHH10001005: Database info:
	Database JDBC URL [jdbc:mysql://localhost:3306/inctureECommerceDatabase]
	Database driver: MySQL Connector/J
	Database dialect: MySQLDialect
	Database version: 8.0.34
	Default catalog/schema: inctureECommerceDatabase/undefined
	Autocommit mode: undefined/unknown
	Isolation level: REPEATABLE_READ [default REPEATABLE_READ]
	JDBC fetch size: none
	Pool: DataSourceConnectionProvider
	Minimum pool size: undefined/unknown
	Maximum pool size: undefined/unknown
2026-03-16T01:10:40.327+05:30  INFO 9816 --- [E_Commerce_Backend_System] [main] org.hibernate.orm.core                   : HHH000489: No JTA platform available (set 'hibernate.transaction.jta.platform' to enable JTA platform integration)
2026-03-16T01:10:40.422+05:30  INFO 9816 --- [E_Commerce_Backend_System] [main] j.LocalContainerEntityManagerFactoryBean : Initialized JPA EntityManagerFactory for persistence unit 'default'
2026-03-16T01:10:40.486+05:30  INFO 9816 --- [E_Commerce_Backend_System] [main] o.s.d.j.r.query.QueryEnhancerFactories   : Hibernate is in classpath; If applicable, HQL parser will be used.
2026-03-16T01:10:41.635+05:30  INFO 9816 --- [E_Commerce_Backend_System] [main] eAuthenticationProviderManagerConfigurer : Global AuthenticationManager configured with AuthenticationProvider bean with name authenticationProvider
2026-03-16T01:10:41.636+05:30  WARN 9816 --- [E_Commerce_Backend_System] [main] r$InitializeUserDetailsManagerConfigurer : Global AuthenticationManager configured with an AuthenticationProvider bean. UserDetailsService beans will not be used by Spring Security for automatically configuring username/password login. Consider removing the AuthenticationProvider bean. Alternatively, consider using the UserDetailsService in a manually instantiated DaoAuthenticationProvider. If the current configuration is intentional, to turn off this warning, increase the logging level of 'org.springframework.security.config.annotation.authentication.configuration.InitializeUserDetailsBeanManagerConfigurer' to ERROR
2026-03-16T01:10:41.900+05:30  WARN 9816 --- [E_Commerce_Backend_System] [main] JpaBaseConfiguration$JpaWebConfiguration : spring.jpa.open-in-view is enabled by default. Therefore, database queries may be performed during view rendering. Explicitly configure spring.jpa.open-in-view to disable this warning
2026-03-16T01:10:42.438+05:30  INFO 9816 --- [E_Commerce_Backend_System] [main] o.s.v.b.OptionalValidatorFactoryBean     : Failed to set up a Bean Validation provider: jakarta.validation.NoProviderFoundException: Unable to create a Configuration, because no Jakarta Validation provider could be found. Add a provider like Hibernate Validator (RI) to your classpath.
2026-03-16T01:10:43.161+05:30  INFO 9816 --- [E_Commerce_Backend_System] [main] o.s.boot.tomcat.TomcatWebServer          : Tomcat started on port 8080 (http) with context path '/'
2026-03-16T01:10:43.172+05:30  INFO 9816 --- [E_Commerce_Backend_System] [main] c.i.E.ECommerceBackendSystemApplication  : Started ECommerceBackendSystemApplication in 6.588 seconds (process running for 7.219)
2026-03-16T01:10:56.209+05:30  INFO 9816 --- [E_Commerce_Backend_System] [http-nio-8080-exec-1] o.a.c.c.C.[Tomcat].[localhost].[/]       : Initializing Spring DispatcherServlet 'dispatcherServlet'
2026-03-16T01:10:56.210+05:30  INFO 9816 --- [E_Commerce_Backend_System] [http-nio-8080-exec-1] o.s.web.servlet.DispatcherServlet        : Initializing Servlet 'dispatcherServlet'
2026-03-16T01:10:56.213+05:30  INFO 9816 --- [E_Commerce_Backend_System] [http-nio-8080-exec-1] o.s.web.servlet.DispatcherServlet        : Completed initialization in 2 ms
2026-03-16T01:10:56.840+05:30 DEBUG 9816 --- [E_Commerce_Backend_System] [http-nio-8080-exec-1] c.i.E.service.DemoUserService            : Attempting to load user details for username: 'Rajesh'
2026-03-16T01:10:57.103+05:30 DEBUG 9816 --- [E_Commerce_Backend_System] [http-nio-8080-exec-1] c.i.E.service.DemoUserService            : Successfully loaded user details for username: 'Rajesh'
2026-03-16T01:10:57.915+05:30 DEBUG 9816 --- [E_Commerce_Backend_System] [http-nio-8080-exec-5] c.i.E.service.DemoUserService            : Attempting to load user details for username: 'Rajesh'
2026-03-16T01:10:57.916+05:30 DEBUG 9816 --- [E_Commerce_Backend_System] [http-nio-8080-exec-4] c.i.E.service.DemoUserService            : Attempting to load user details for username: 'Rajesh'
2026-03-16T01:10:57.916+05:30 DEBUG 9816 --- [E_Commerce_Backend_System] [http-nio-8080-exec-2] c.i.E.service.DemoUserService            : Attempting to load user details for username: 'Rajesh'
2026-03-16T01:10:57.916+05:30 DEBUG 9816 --- [E_Commerce_Backend_System] [http-nio-8080-exec-3] c.i.E.service.DemoUserService            : Attempting to load user details for username: 'Rajesh'
2026-03-16T01:10:57.919+05:30 DEBUG 9816 --- [E_Commerce_Backend_System] [http-nio-8080-exec-6] c.i.E.service.DemoUserService            : Attempting to load user details for username: 'Rajesh'
2026-03-16T01:10:57.922+05:30 DEBUG 9816 --- [E_Commerce_Backend_System] [http-nio-8080-exec-3] c.i.E.service.DemoUserService            : Successfully loaded user details for username: 'Rajesh'
2026-03-16T01:10:57.922+05:30 DEBUG 9816 --- [E_Commerce_Backend_System] [http-nio-8080-exec-5] c.i.E.service.DemoUserService            : Successfully loaded user details for username: 'Rajesh'
2026-03-16T01:10:57.922+05:30 DEBUG 9816 --- [E_Commerce_Backend_System] [http-nio-8080-exec-4] c.i.E.service.DemoUserService            : Successfully loaded user details for username: 'Rajesh'
2026-03-16T01:10:57.923+05:30 DEBUG 9816 --- [E_Commerce_Backend_System] [http-nio-8080-exec-2] c.i.E.service.DemoUserService            : Successfully loaded user details for username: 'Rajesh'
2026-03-16T01:10:57.926+05:30 DEBUG 9816 --- [E_Commerce_Backend_System] [http-nio-8080-exec-6] c.i.E.service.DemoUserService            : Successfully loaded user details for username: 'Rajesh'
2026-03-16T01:10:58.771+05:30 DEBUG 9816 --- [E_Commerce_Backend_System] [http-nio-8080-exec-7] c.i.E.service.DemoUserService            : Attempting to load user details for username: 'Rajesh'
2026-03-16T01:10:58.783+05:30 DEBUG 9816 --- [E_Commerce_Backend_System] [http-nio-8080-exec-8] c.i.E.service.DemoUserService            : Attempting to load user details for username: 'Rajesh'
2026-03-16T01:10:58.786+05:30 DEBUG 9816 --- [E_Commerce_Backend_System] [http-nio-8080-exec-7] c.i.E.service.DemoUserService            : Successfully loaded user details for username: 'Rajesh'
2026-03-16T01:10:58.793+05:30 DEBUG 9816 --- [E_Commerce_Backend_System] [http-nio-8080-exec-8] c.i.E.service.DemoUserService            : Successfully loaded user details for username: 'Rajesh'
2026-03-16T01:10:59.449+05:30 DEBUG 9816 --- [E_Commerce_Backend_System] [http-nio-8080-exec-9] c.i.E.service.DemoUserService            : Attempting to load user details for username: 'Rajesh'
2026-03-16T01:10:59.457+05:30 DEBUG 9816 --- [E_Commerce_Backend_System] [http-nio-8080-exec-9] c.i.E.service.DemoUserService            : Successfully loaded user details for username: 'Rajesh'
2026-03-16T01:11:00.503+05:30 ERROR 9816 --- [E_Commerce_Backend_System] [http-nio-8080-exec-9] o.a.c.c.C.[.[.[/].[dispatcherServlet]    : Servlet.service() for servlet [dispatcherServlet] in context with path [] threw exception [Handler dispatch failed: java.lang.NoSuchMethodError: 'void org.springframework.web.method.ControllerAdviceBean.<init>(java.lang.Object)'] with root cause

java.lang.NoSuchMethodError: 'void org.springframework.web.method.ControllerAdviceBean.<init>(java.lang.Object)'
	at org.springdoc.core.service.GenericResponseService.lambda$getGenericMapResponse$8(GenericResponseService.java:706) ~[springdoc-openapi-starter-common-2.6.0.jar:2.6.0]
	at java.base/java.util.stream.ReferencePipeline$2$1.accept(ReferencePipeline.java:178) ~[na:na]
	at java.base/java.util.Spliterators$ArraySpliterator.forEachRemaining(Spliterators.java:1024) ~[na:na]
	at java.base/java.util.stream.AbstractPipeline.copyInto(AbstractPipeline.java:509) ~[na:na]
	at java.base/java.util.stream.AbstractPipeline.wrapAndCopyInto(AbstractPipeline.java:499) ~[na:na]
	at java.base/java.util.stream.AbstractPipeline.evaluate(AbstractPipeline.java:575) ~[na:na]
	at java.base/java.util.stream.AbstractPipeline.evaluateToArrayNode(AbstractPipeline.java:260) ~[na:na]
	at java.base/java.util.stream.ReferencePipeline.toArray(ReferencePipeline.java:616) ~[na:na]
	at java.base/java.util.stream.ReferencePipeline.toArray(ReferencePipeline.java:622) ~[na:na]
	at java.base/java.util.stream.ReferencePipeline.toList(ReferencePipeline.java:627) ~[na:na]
	at org.springdoc.core.service.GenericResponseService.getGenericMapResponse(GenericResponseService.java:708) ~[springdoc-openapi-starter-common-2.6.0.jar:2.6.0]
	at org.springdoc.core.service.GenericResponseService.build(GenericResponseService.java:247) ~[springdoc-openapi-starter-common-2.6.0.jar:2.6.0]
	at org.springdoc.api.AbstractOpenApiResource.calculatePath(AbstractOpenApiResource.java:499) ~[springdoc-openapi-starter-common-2.6.0.jar:2.6.0]
	at org.springdoc.api.AbstractOpenApiResource.calculatePath(AbstractOpenApiResource.java:676) ~[springdoc-openapi-starter-common-2.6.0.jar:2.6.0]
	at org.springdoc.webmvc.api.OpenApiResource.lambda$calculatePath$11(OpenApiResource.java:220) ~[springdoc-openapi-starter-webmvc-api-2.6.0.jar:2.6.0]
	at java.base/java.util.Optional.ifPresent(Optional.java:178) ~[na:na]
	at org.springdoc.webmvc.api.OpenApiResource.calculatePath(OpenApiResource.java:201) ~[springdoc-openapi-starter-webmvc-api-2.6.0.jar:2.6.0]
	at org.springdoc.webmvc.api.OpenApiResource.lambda$getPaths$2(OpenApiResource.java:171) ~[springdoc-openapi-starter-webmvc-api-2.6.0.jar:2.6.0]
	at java.base/java.util.Optional.ifPresent(Optional.java:178) ~[na:na]
	at org.springdoc.webmvc.api.OpenApiResource.getPaths(OpenApiResource.java:150) ~[springdoc-openapi-starter-webmvc-api-2.6.0.jar:2.6.0]
	at org.springdoc.api.AbstractOpenApiResource.getOpenApi(AbstractOpenApiResource.java:353) ~[springdoc-openapi-starter-common-2.6.0.jar:2.6.0]
	at org.springdoc.webmvc.api.OpenApiResource.openapiJson(OpenApiResource.java:125) ~[springdoc-openapi-starter-webmvc-api-2.6.0.jar:2.6.0]
	at org.springdoc.webmvc.api.OpenApiWebMvcResource.openapiJson(OpenApiWebMvcResource.java:114) ~[springdoc-openapi-starter-webmvc-api-2.6.0.jar:2.6.0]
	at java.base/jdk.internal.reflect.DirectMethodHandleAccessor.invoke(DirectMethodHandleAccessor.java:103) ~[na:na]
	at java.base/java.lang.reflect.Method.invoke(Method.java:580) ~[na:na]
	at org.springframework.web.method.support.InvocableHandlerMethod.doInvoke(InvocableHandlerMethod.java:252) ~[spring-web-7.0.5.jar:7.0.5]
	at org.springframework.web.method.support.InvocableHandlerMethod.invokeForRequest(InvocableHandlerMethod.java:184) ~[spring-web-7.0.5.jar:7.0.5]
	at org.springframework.web.servlet.mvc.method.annotation.ServletInvocableHandlerMethod.invokeAndHandle(ServletInvocableHandlerMethod.java:117) ~[spring-webmvc-7.0.5.jar:7.0.5]
	at org.springframework.web.servlet.mvc.method.annotation.RequestMappingHandlerAdapter.invokeHandlerMethod(RequestMappingHandlerAdapter.java:934) ~[spring-webmvc-7.0.5.jar:7.0.5]
	at org.springframework.web.servlet.mvc.method.annotation.RequestMappingHandlerAdapter.handleInternal(RequestMappingHandlerAdapter.java:853) ~[spring-webmvc-7.0.5.jar:7.0.5]
	at org.springframework.web.servlet.mvc.method.AbstractHandlerMethodAdapter.handle(AbstractHandlerMethodAdapter.java:86) ~[spring-webmvc-7.0.5.jar:7.0.5]
	at org.springframework.web.servlet.DispatcherServlet.doDispatch(DispatcherServlet.java:963) ~[spring-webmvc-7.0.5.jar:7.0.5]
	at org.springframework.web.servlet.DispatcherServlet.doService(DispatcherServlet.java:866) ~[spring-webmvc-7.0.5.jar:7.0.5]
	at org.springframework.web.servlet.FrameworkServlet.processRequest(FrameworkServlet.java:1000) ~[spring-webmvc-7.0.5.jar:7.0.5]
	at org.springframework.web.servlet.FrameworkServlet.doGet(FrameworkServlet.java:892) ~[spring-webmvc-7.0.5.jar:7.0.5]
	at jakarta.servlet.http.HttpServlet.service(HttpServlet.java:622) ~[tomcat-embed-core-11.0.18.jar:6.1]
	at org.springframework.web.servlet.FrameworkServlet.service(FrameworkServlet.java:874) ~[spring-webmvc-7.0.5.jar:7.0.5]
	at jakarta.servlet.http.HttpServlet.service(HttpServlet.java:710) ~[tomcat-embed-core-11.0.18.jar:6.1]
	at org.apache.catalina.core.ApplicationFilterChain.doFilter(ApplicationFilterChain.java:128) ~[tomcat-embed-core-11.0.18.jar:11.0.18]
	at org.apache.tomcat.websocket.server.WsFilter.doFilter(WsFilter.java:53) ~[tomcat-embed-websocket-11.0.18.jar:11.0.18]
	at org.apache.catalina.core.ApplicationFilterChain.doFilter(ApplicationFilterChain.java:107) ~[tomcat-embed-core-11.0.18.jar:11.0.18]
	at org.springframework.web.filter.OncePerRequestFilter.doFilter(OncePerRequestFilter.java:110) ~[spring-web-7.0.5.jar:7.0.5]
	at org.apache.catalina.core.ApplicationFilterChain.doFilter(ApplicationFilterChain.java:107) ~[tomcat-embed-core-11.0.18.jar:11.0.18]
	at org.springframework.web.filter.CompositeFilter$VirtualFilterChain.doFilter(CompositeFilter.java:108) ~[spring-web-7.0.5.jar:7.0.5]
	at org.springframework.security.web.FilterChainProxy.lambda$doFilterInternal$3(FilterChainProxy.java:235) ~[spring-security-web-7.0.3.jar:7.0.3]
	at org.springframework.security.web.FilterChainProxy$VirtualFilterChain.doFilter(FilterChainProxy.java:371) ~[spring-security-web-7.0.3.jar:7.0.3]
	at org.springframework.security.web.access.intercept.AuthorizationFilter.doFilter(AuthorizationFilter.java:101) ~[spring-security-web-7.0.3.jar:7.0.3]
	at org.springframework.security.web.FilterChainProxy$VirtualFilterChain.doFilter(FilterChainProxy.java:380) ~[spring-security-web-7.0.3.jar:7.0.3]
	at org.springframework.security.web.access.ExceptionTranslationFilter.doFilter(ExceptionTranslationFilter.java:126) ~[spring-security-web-7.0.3.jar:7.0.3]
	at org.springframework.security.web.access.ExceptionTranslationFilter.doFilter(ExceptionTranslationFilter.java:120) ~[spring-security-web-7.0.3.jar:7.0.3]
	at org.springframework.security.web.FilterChainProxy$VirtualFilterChain.doFilter(FilterChainProxy.java:380) ~[spring-security-web-7.0.3.jar:7.0.3]
	at org.springframework.security.web.session.SessionManagementFilter.doFilter(SessionManagementFilter.java:132) ~[spring-security-web-7.0.3.jar:7.0.3]
	at org.springframework.security.web.session.SessionManagementFilter.doFilter(SessionManagementFilter.java:86) ~[spring-security-web-7.0.3.jar:7.0.3]
	at org.springframework.security.web.FilterChainProxy$VirtualFilterChain.doFilter(FilterChainProxy.java:380) ~[spring-security-web-7.0.3.jar:7.0.3]
	at org.springframework.security.web.authentication.AnonymousAuthenticationFilter.doFilter(AnonymousAuthenticationFilter.java:100) ~[spring-security-web-7.0.3.jar:7.0.3]
	at org.springframework.security.web.FilterChainProxy$VirtualFilterChain.doFilter(FilterChainProxy.java:380) ~[spring-security-web-7.0.3.jar:7.0.3]
	at org.springframework.security.web.servletapi.SecurityContextHolderAwareRequestFilter.doFilter(SecurityContextHolderAwareRequestFilter.java:181) ~[spring-security-web-7.0.3.jar:7.0.3]
	at org.springframework.security.web.FilterChainProxy$VirtualFilterChain.doFilter(FilterChainProxy.java:380) ~[spring-security-web-7.0.3.jar:7.0.3]
	at org.springframework.security.web.savedrequest.RequestCacheAwareFilter.doFilter(RequestCacheAwareFilter.java:63) ~[spring-security-web-7.0.3.jar:7.0.3]
	at org.springframework.security.web.FilterChainProxy$VirtualFilterChain.doFilter(FilterChainProxy.java:380) ~[spring-security-web-7.0.3.jar:7.0.3]
	at org.springframework.security.web.authentication.www.BasicAuthenticationFilter.doFilterInternal(BasicAuthenticationFilter.java:247) ~[spring-security-web-7.0.3.jar:7.0.3]
	at org.springframework.web.filter.OncePerRequestFilter.doFilter(OncePerRequestFilter.java:116) ~[spring-web-7.0.5.jar:7.0.5]
	at org.springframework.security.web.FilterChainProxy$VirtualFilterChain.doFilter(FilterChainProxy.java:380) ~[spring-security-web-7.0.3.jar:7.0.3]
	at com.incture.E_Commerce_Backend_System.filter.JWTFilter.doFilterInternal(JWTFilter.java:64) ~[classes/:na]
	at org.springframework.web.filter.OncePerRequestFilter.doFilter(OncePerRequestFilter.java:116) ~[spring-web-7.0.5.jar:7.0.5]
	at org.springframework.security.web.FilterChainProxy$VirtualFilterChain.doFilter(FilterChainProxy.java:380) ~[spring-security-web-7.0.3.jar:7.0.3]
	at org.springframework.security.web.authentication.logout.LogoutFilter.doFilter(LogoutFilter.java:110) ~[spring-security-web-7.0.3.jar:7.0.3]
	at org.springframework.security.web.authentication.logout.LogoutFilter.doFilter(LogoutFilter.java:96) ~[spring-security-web-7.0.3.jar:7.0.3]
	at org.springframework.security.web.FilterChainProxy$VirtualFilterChain.doFilter(FilterChainProxy.java:380) ~[spring-security-web-7.0.3.jar:7.0.3]
	at org.springframework.security.web.header.HeaderWriterFilter.doHeadersAfter(HeaderWriterFilter.java:90) ~[spring-security-web-7.0.3.jar:7.0.3]
	at org.springframework.security.web.header.HeaderWriterFilter.doFilterInternal(HeaderWriterFilter.java:75) ~[spring-security-web-7.0.3.jar:7.0.3]
	at org.springframework.web.filter.OncePerRequestFilter.doFilter(OncePerRequestFilter.java:116) ~[spring-web-7.0.5.jar:7.0.5]
	at org.springframework.security.web.FilterChainProxy$VirtualFilterChain.doFilter(FilterChainProxy.java:380) ~[spring-security-web-7.0.3.jar:7.0.3]
	at org.springframework.security.web.context.SecurityContextHolderFilter.doFilter(SecurityContextHolderFilter.java:82) ~[spring-security-web-7.0.3.jar:7.0.3]
	at org.springframework.security.web.context.SecurityContextHolderFilter.doFilter(SecurityContextHolderFilter.java:69) ~[spring-security-web-7.0.3.jar:7.0.3]
	at org.springframework.security.web.FilterChainProxy$VirtualFilterChain.doFilter(FilterChainProxy.java:380) ~[spring-security-web-7.0.3.jar:7.0.3]
	at org.springframework.security.web.context.request.async.WebAsyncManagerIntegrationFilter.doFilterInternal(WebAsyncManagerIntegrationFilter.java:62) ~[spring-security-web-7.0.3.jar:7.0.3]
	at org.springframework.web.filter.OncePerRequestFilter.doFilter(OncePerRequestFilter.java:116) ~[spring-web-7.0.5.jar:7.0.5]
	at org.springframework.security.web.FilterChainProxy$VirtualFilterChain.doFilter(FilterChainProxy.java:380) ~[spring-security-web-7.0.3.jar:7.0.3]
	at org.springframework.security.web.session.DisableEncodeUrlFilter.doFilterInternal(DisableEncodeUrlFilter.java:42) ~[spring-security-web-7.0.3.jar:7.0.3]
	at org.springframework.web.filter.OncePerRequestFilter.doFilter(OncePerRequestFilter.java:116) ~[spring-web-7.0.5.jar:7.0.5]
	at org.springframework.security.web.FilterChainProxy$VirtualFilterChain.doFilter(FilterChainProxy.java:380) ~[spring-security-web-7.0.3.jar:7.0.3]
	at org.springframework.security.web.FilterChainProxy.doFilterInternal(FilterChainProxy.java:237) ~[spring-security-web-7.0.3.jar:7.0.3]
	at org.springframework.security.web.FilterChainProxy.doFilter(FilterChainProxy.java:195) ~[spring-security-web-7.0.3.jar:7.0.3]
	at org.springframework.web.filter.CompositeFilter$VirtualFilterChain.doFilter(CompositeFilter.java:113) ~[spring-web-7.0.5.jar:7.0.5]
	at org.springframework.web.filter.ServletRequestPathFilter.doFilter(ServletRequestPathFilter.java:52) ~[spring-web-7.0.5.jar:7.0.5]
	at org.springframework.web.filter.CompositeFilter$VirtualFilterChain.doFilter(CompositeFilter.java:113) ~[spring-web-7.0.5.jar:7.0.5]
	at org.springframework.web.filter.CompositeFilter.doFilter(CompositeFilter.java:74) ~[spring-web-7.0.5.jar:7.0.5]
	at org.springframework.security.config.annotation.web.configuration.WebSecurityConfiguration$CompositeFilterChainProxy.doFilter(WebSecurityConfiguration.java:317) ~[spring-security-config-7.0.3.jar:7.0.3]
	at org.springframework.web.filter.DelegatingFilterProxy.invokeDelegate(DelegatingFilterProxy.java:355) ~[spring-web-7.0.5.jar:7.0.5]
	at org.springframework.web.filter.DelegatingFilterProxy.doFilter(DelegatingFilterProxy.java:272) ~[spring-web-7.0.5.jar:7.0.5]
	at org.apache.catalina.core.ApplicationFilterChain.doFilter(ApplicationFilterChain.java:107) ~[tomcat-embed-core-11.0.18.jar:11.0.18]
	at org.springframework.web.filter.RequestContextFilter.doFilterInternal(RequestContextFilter.java:100) ~[spring-web-7.0.5.jar:7.0.5]
	at org.springframework.web.filter.OncePerRequestFilter.doFilter(OncePerRequestFilter.java:116) ~[spring-web-7.0.5.jar:7.0.5]
	at org.apache.catalina.core.ApplicationFilterChain.doFilter(ApplicationFilterChain.java:107) ~[tomcat-embed-core-11.0.18.jar:11.0.18]
	at org.springframework.web.filter.FormContentFilter.doFilterInternal(FormContentFilter.java:93) ~[spring-web-7.0.5.jar:7.0.5]
	at org.springframework.web.filter.OncePerRequestFilter.doFilter(OncePerRequestFilter.java:116) ~[spring-web-7.0.5.jar:7.0.5]
	at org.apache.catalina.core.ApplicationFilterChain.doFilter(ApplicationFilterChain.java:107) ~[tomcat-embed-core-11.0.18.jar:11.0.18]
	at org.springframework.web.filter.CharacterEncodingFilter.doFilterInternal(CharacterEncodingFilter.java:199) ~[spring-web-7.0.5.jar:7.0.5]
	at org.springframework.web.filter.OncePerRequestFilter.doFilter(OncePerRequestFilter.java:116) ~[spring-web-7.0.5.jar:7.0.5]
	at org.apache.catalina.core.ApplicationFilterChain.doFilter(ApplicationFilterChain.java:107) ~[tomcat-embed-core-11.0.18.jar:11.0.18]
	at org.apache.catalina.core.StandardWrapperValve.invoke(StandardWrapperValve.java:165) ~[tomcat-embed-core-11.0.18.jar:11.0.18]
	at org.apache.catalina.core.StandardContextValve.invoke(StandardContextValve.java:77) ~[tomcat-embed-core-11.0.18.jar:11.0.18]
	at org.apache.catalina.authenticator.AuthenticatorBase.invoke(AuthenticatorBase.java:492) ~[tomcat-embed-core-11.0.18.jar:11.0.18]
	at org.apache.catalina.core.StandardHostValve.invoke(StandardHostValve.java:113) ~[tomcat-embed-core-11.0.18.jar:11.0.18]
	at org.apache.catalina.valves.ErrorReportValve.invoke(ErrorReportValve.java:83) ~[tomcat-embed-core-11.0.18.jar:11.0.18]
	at org.apache.catalina.core.StandardEngineValve.invoke(StandardEngineValve.java:72) ~[tomcat-embed-core-11.0.18.jar:11.0.18]
	at org.apache.catalina.connector.CoyoteAdapter.service(CoyoteAdapter.java:341) ~[tomcat-embed-core-11.0.18.jar:11.0.18]
	at org.apache.coyote.http11.Http11Processor.service(Http11Processor.java:397) ~[tomcat-embed-core-11.0.18.jar:11.0.18]
	at org.apache.coyote.AbstractProcessorLight.process(AbstractProcessorLight.java:63) ~[tomcat-embed-core-11.0.18.jar:11.0.18]
	at org.apache.coyote.AbstractProtocol$ConnectionHandler.process(AbstractProtocol.java:903) ~[tomcat-embed-core-11.0.18.jar:11.0.18]
	at org.apache.tomcat.util.net.NioEndpoint$SocketProcessor.doRun(NioEndpoint.java:1779) ~[tomcat-embed-core-11.0.18.jar:11.0.18]
	at org.apache.tomcat.util.net.SocketProcessorBase.run(SocketProcessorBase.java:52) ~[tomcat-embed-core-11.0.18.jar:11.0.18]
	at org.apache.tomcat.util.threads.ThreadPoolExecutor.runWorker(ThreadPoolExecutor.java:946) ~[tomcat-embed-core-11.0.18.jar:11.0.18]
	at org.apache.tomcat.util.threads.ThreadPoolExecutor$Worker.run(ThreadPoolExecutor.java:480) ~[tomcat-embed-core-11.0.18.jar:11.0.18]
	at org.apache.tomcat.util.threads.TaskThread$WrappingRunnable.run(TaskThread.java:57) ~[tomcat-embed-core-11.0.18.jar:11.0.18]
	at java.base/java.lang.Thread.run(Thread.java:1583) ~[na:na]

2026-03-16T01:15:17.376+05:30  INFO 9816 --- [E_Commerce_Backend_System] [RMI TCP Connection(7)-127.0.0.1] inMXBeanRegistrar$SpringApplicationAdmin : Application shutdown requested.
2026-03-16T01:15:17.403+05:30  INFO 9816 --- [E_Commerce_Backend_System] [RMI TCP Connection(7)-127.0.0.1] o.s.boot.tomcat.GracefulShutdown         : Commencing graceful shutdown. Waiting for active requests to complete
2026-03-16T01:15:17.414+05:30  INFO 9816 --- [E_Commerce_Backend_System] [tomcat-shutdown] o.s.boot.tomcat.GracefulShutdown         : Graceful shutdown complete
2026-03-16T01:15:17.426+05:30  INFO 9816 --- [E_Commerce_Backend_System] [RMI TCP Connection(7)-127.0.0.1] j.LocalContainerEntityManagerFactoryBean : Closing JPA EntityManagerFactory for persistence unit 'default'
2026-03-16T01:15:17.436+05:30  INFO 9816 --- [E_Commerce_Backend_System] [RMI TCP Connection(7)-127.0.0.1] com.zaxxer.hikari.HikariDataSource       : ECommerceBackendSystemApplication - Shutdown initiated...
2026-03-16T01:15:17.454+05:30  INFO 9816 --- [E_Commerce_Backend_System] [RMI TCP Connection(7)-127.0.0.1] com.zaxxer.hikari.HikariDataSource       : ECommerceBackendSystemApplication - Shutdown completed.
2026-03-16T01:16:14.028+05:30  INFO 3496 --- [E_Commerce_Backend_System] [main] c.i.E.ECommerceBackendSystemApplication  : Starting ECommerceBackendSystemApplication using Java 21.0.9 with PID 3496 (D:\JAVA-PROGRAMMING\ProductionJava\E_Commerce_Backend_System\target\classes started by rkjra in D:\JAVA-PROGRAMMING\ProductionJava\E_Commerce_Backend_System)
2026-03-16T01:16:14.032+05:30  INFO 3496 --- [E_Commerce_Backend_System] [main] c.i.E.ECommerceBackendSystemApplication  : No active profile set, falling back to 1 default profile: "default"
2026-03-16T01:16:14.818+05:30  INFO 3496 --- [E_Commerce_Backend_System] [main] .s.d.r.c.RepositoryConfigurationDelegate : Bootstrapping Spring Data JPA repositories in DEFAULT mode.
2026-03-16T01:16:14.874+05:30  INFO 3496 --- [E_Commerce_Backend_System] [main] .s.d.r.c.RepositoryConfigurationDelegate : Finished Spring Data repository scanning in 49 ms. Found 6 JPA repository interfaces.
2026-03-16T01:16:15.418+05:30  INFO 3496 --- [E_Commerce_Backend_System] [main] o.s.boot.tomcat.TomcatWebServer          : Tomcat initialized with port 8080 (http)
2026-03-16T01:16:15.434+05:30  INFO 3496 --- [E_Commerce_Backend_System] [main] o.apache.catalina.core.StandardService   : Starting service [Tomcat]
2026-03-16T01:16:15.434+05:30  INFO 3496 --- [E_Commerce_Backend_System] [main] o.apache.catalina.core.StandardEngine    : Starting Servlet engine: [Apache Tomcat/11.0.18]
2026-03-16T01:16:15.493+05:30  INFO 3496 --- [E_Commerce_Backend_System] [main] b.w.c.s.WebApplicationContextInitializer : Root WebApplicationContext: initialization completed in 1411 ms
2026-03-16T01:16:15.648+05:30  INFO 3496 --- [E_Commerce_Backend_System] [main] org.hibernate.orm.jpa                    : HHH008540: Processing PersistenceUnitInfo [name: default]
2026-03-16T01:16:15.736+05:30  INFO 3496 --- [E_Commerce_Backend_System] [main] org.hibernate.orm.core                   : HHH000001: Hibernate ORM core version 7.2.4.Final
2026-03-16T01:16:16.226+05:30  INFO 3496 --- [E_Commerce_Backend_System] [main] o.s.o.j.p.SpringPersistenceUnitInfo      : No LoadTimeWeaver setup: ignoring JPA class transformer
2026-03-16T01:16:16.265+05:30  INFO 3496 --- [E_Commerce_Backend_System] [main] com.zaxxer.hikari.HikariDataSource       : ECommerceBackendSystemApplication - Starting...
2026-03-16T01:16:16.653+05:30  INFO 3496 --- [E_Commerce_Backend_System] [main] com.zaxxer.hikari.pool.HikariPool        : ECommerceBackendSystemApplication - Added connection com.mysql.cj.jdbc.ConnectionImpl@1cca3e8c
2026-03-16T01:16:16.655+05:30  INFO 3496 --- [E_Commerce_Backend_System] [main] com.zaxxer.hikari.HikariDataSource       : ECommerceBackendSystemApplication - Start completed.
2026-03-16T01:16:16.767+05:30  WARN 3496 --- [E_Commerce_Backend_System] [main] org.hibernate.orm.deprecation            : HHH90000025: MySQLDialect does not need to be specified explicitly using 'hibernate.dialect' (remove the property setting and it will be selected by default)
2026-03-16T01:16:16.787+05:30  INFO 3496 --- [E_Commerce_Backend_System] [main] org.hibernate.orm.connections.pooling    : HHH10001005: Database info:
	Database JDBC URL [jdbc:mysql://localhost:3306/inctureECommerceDatabase]
	Database driver: MySQL Connector/J
	Database dialect: MySQLDialect
	Database version: 8.0.34
	Default catalog/schema: inctureECommerceDatabase/undefined
	Autocommit mode: undefined/unknown
	Isolation level: REPEATABLE_READ [default REPEATABLE_READ]
	JDBC fetch size: none
	Pool: DataSourceConnectionProvider
	Minimum pool size: undefined/unknown
	Maximum pool size: undefined/unknown
2026-03-16T01:16:17.883+05:30  INFO 3496 --- [E_Commerce_Backend_System] [main] org.hibernate.orm.core                   : HHH000489: No JTA platform available (set 'hibernate.transaction.jta.platform' to enable JTA platform integration)
2026-03-16T01:16:18.016+05:30  INFO 3496 --- [E_Commerce_Backend_System] [main] j.LocalContainerEntityManagerFactoryBean : Initialized JPA EntityManagerFactory for persistence unit 'default'
2026-03-16T01:16:18.099+05:30  INFO 3496 --- [E_Commerce_Backend_System] [main] o.s.d.j.r.query.QueryEnhancerFactories   : Hibernate is in classpath; If applicable, HQL parser will be used.
2026-03-16T01:16:19.143+05:30  INFO 3496 --- [E_Commerce_Backend_System] [main] eAuthenticationProviderManagerConfigurer : Global AuthenticationManager configured with AuthenticationProvider bean with name authenticationProvider
2026-03-16T01:16:19.143+05:30  WARN 3496 --- [E_Commerce_Backend_System] [main] r$InitializeUserDetailsManagerConfigurer : Global AuthenticationManager configured with an AuthenticationProvider bean. UserDetailsService beans will not be used by Spring Security for automatically configuring username/password login. Consider removing the AuthenticationProvider bean. Alternatively, consider using the UserDetailsService in a manually instantiated DaoAuthenticationProvider. If the current configuration is intentional, to turn off this warning, increase the logging level of 'org.springframework.security.config.annotation.authentication.configuration.InitializeUserDetailsBeanManagerConfigurer' to ERROR
2026-03-16T01:16:19.292+05:30  WARN 3496 --- [E_Commerce_Backend_System] [main] JpaBaseConfiguration$JpaWebConfiguration : spring.jpa.open-in-view is enabled by default. Therefore, database queries may be performed during view rendering. Explicitly configure spring.jpa.open-in-view to disable this warning
2026-03-16T01:16:19.615+05:30  INFO 3496 --- [E_Commerce_Backend_System] [main] o.s.v.b.OptionalValidatorFactoryBean     : Failed to set up a Bean Validation provider: jakarta.validation.NoProviderFoundException: Unable to create a Configuration, because no Jakarta Validation provider could be found. Add a provider like Hibernate Validator (RI) to your classpath.
2026-03-16T01:16:20.040+05:30  INFO 3496 --- [E_Commerce_Backend_System] [main] o.s.boot.tomcat.TomcatWebServer          : Tomcat started on port 8080 (http) with context path '/'
2026-03-16T01:16:20.045+05:30  INFO 3496 --- [E_Commerce_Backend_System] [main] c.i.E.ECommerceBackendSystemApplication  : Started ECommerceBackendSystemApplication in 6.366 seconds (process running for 7.01)
2026-03-16T01:16:26.410+05:30  INFO 3496 --- [E_Commerce_Backend_System] [http-nio-8080-exec-1] o.a.c.c.C.[Tomcat].[localhost].[/]       : Initializing Spring DispatcherServlet 'dispatcherServlet'
2026-03-16T01:16:26.410+05:30  INFO 3496 --- [E_Commerce_Backend_System] [http-nio-8080-exec-1] o.s.web.servlet.DispatcherServlet        : Initializing Servlet 'dispatcherServlet'
2026-03-16T01:16:26.413+05:30  INFO 3496 --- [E_Commerce_Backend_System] [http-nio-8080-exec-1] o.s.web.servlet.DispatcherServlet        : Completed initialization in 3 ms
2026-03-16T01:16:27.067+05:30 DEBUG 3496 --- [E_Commerce_Backend_System] [http-nio-8080-exec-1] c.i.E.service.DemoUserService            : Attempting to load user details for username: 'Rajesh'
2026-03-16T01:16:27.308+05:30 DEBUG 3496 --- [E_Commerce_Backend_System] [http-nio-8080-exec-1] c.i.E.service.DemoUserService            : Successfully loaded user details for username: 'Rajesh'
2026-03-16T01:16:28.065+05:30 DEBUG 3496 --- [E_Commerce_Backend_System] [http-nio-8080-exec-2] c.i.E.service.DemoUserService            : Attempting to load user details for username: 'Rajesh'
2026-03-16T01:16:28.068+05:30 DEBUG 3496 --- [E_Commerce_Backend_System] [http-nio-8080-exec-5] c.i.E.service.DemoUserService            : Attempting to load user details for username: 'Rajesh'
2026-03-16T01:16:28.068+05:30 DEBUG 3496 --- [E_Commerce_Backend_System] [http-nio-8080-exec-10] c.i.E.service.DemoUserService            : Attempting to load user details for username: 'Rajesh'
2026-03-16T01:16:28.068+05:30 DEBUG 3496 --- [E_Commerce_Backend_System] [http-nio-8080-exec-7] c.i.E.service.DemoUserService            : Attempting to load user details for username: 'Rajesh'
2026-03-16T01:16:28.070+05:30 DEBUG 3496 --- [E_Commerce_Backend_System] [http-nio-8080-exec-4] c.i.E.service.DemoUserService            : Attempting to load user details for username: 'Rajesh'
2026-03-16T01:16:28.073+05:30 DEBUG 3496 --- [E_Commerce_Backend_System] [http-nio-8080-exec-2] c.i.E.service.DemoUserService            : Successfully loaded user details for username: 'Rajesh'
2026-03-16T01:16:28.080+05:30 DEBUG 3496 --- [E_Commerce_Backend_System] [http-nio-8080-exec-10] c.i.E.service.DemoUserService            : Successfully loaded user details for username: 'Rajesh'
2026-03-16T01:16:28.092+05:30 DEBUG 3496 --- [E_Commerce_Backend_System] [http-nio-8080-exec-7] c.i.E.service.DemoUserService            : Successfully loaded user details for username: 'Rajesh'
2026-03-16T01:16:28.092+05:30 DEBUG 3496 --- [E_Commerce_Backend_System] [http-nio-8080-exec-4] c.i.E.service.DemoUserService            : Successfully loaded user details for username: 'Rajesh'
2026-03-16T01:16:28.092+05:30 DEBUG 3496 --- [E_Commerce_Backend_System] [http-nio-8080-exec-5] c.i.E.service.DemoUserService            : Successfully loaded user details for username: 'Rajesh'
2026-03-16T01:16:28.972+05:30 DEBUG 3496 --- [E_Commerce_Backend_System] [http-nio-8080-exec-6] c.i.E.service.DemoUserService            : Attempting to load user details for username: 'Rajesh'
2026-03-16T01:16:28.981+05:30 DEBUG 3496 --- [E_Commerce_Backend_System] [http-nio-8080-exec-8] c.i.E.service.DemoUserService            : Attempting to load user details for username: 'Rajesh'
2026-03-16T01:16:28.983+05:30 DEBUG 3496 --- [E_Commerce_Backend_System] [http-nio-8080-exec-6] c.i.E.service.DemoUserService            : Successfully loaded user details for username: 'Rajesh'
2026-03-16T01:16:28.990+05:30 DEBUG 3496 --- [E_Commerce_Backend_System] [http-nio-8080-exec-8] c.i.E.service.DemoUserService            : Successfully loaded user details for username: 'Rajesh'
2026-03-16T01:16:29.724+05:30 DEBUG 3496 --- [E_Commerce_Backend_System] [http-nio-8080-exec-9] c.i.E.service.DemoUserService            : Attempting to load user details for username: 'Rajesh'
2026-03-16T01:16:29.731+05:30 DEBUG 3496 --- [E_Commerce_Backend_System] [http-nio-8080-exec-9] c.i.E.service.DemoUserService            : Successfully loaded user details for username: 'Rajesh'
2026-03-16T01:16:31.334+05:30  INFO 3496 --- [E_Commerce_Backend_System] [http-nio-8080-exec-9] o.springdoc.api.AbstractOpenApiResource  : Init duration for springdoc-openapi is: 988 ms
2026-03-16T01:17:43.040+05:30  INFO 3496 --- [E_Commerce_Backend_System] [RMI TCP Connection(5)-127.0.0.1] inMXBeanRegistrar$SpringApplicationAdmin : Application shutdown requested.
2026-03-16T01:17:43.044+05:30  INFO 3496 --- [E_Commerce_Backend_System] [RMI TCP Connection(5)-127.0.0.1] o.s.boot.tomcat.GracefulShutdown         : Commencing graceful shutdown. Waiting for active requests to complete
2026-03-16T01:17:43.052+05:30  INFO 3496 --- [E_Commerce_Backend_System] [tomcat-shutdown] o.s.boot.tomcat.GracefulShutdown         : Graceful shutdown complete
2026-03-16T01:17:43.057+05:30  INFO 3496 --- [E_Commerce_Backend_System] [RMI TCP Connection(5)-127.0.0.1] j.LocalContainerEntityManagerFactoryBean : Closing JPA EntityManagerFactory for persistence unit 'default'
2026-03-16T01:17:43.059+05:30  INFO 3496 --- [E_Commerce_Backend_System] [RMI TCP Connection(5)-127.0.0.1] com.zaxxer.hikari.HikariDataSource       : ECommerceBackendSystemApplication - Shutdown initiated...
2026-03-16T01:17:43.068+05:30  INFO 3496 --- [E_Commerce_Backend_System] [RMI TCP Connection(5)-127.0.0.1] com.zaxxer.hikari.HikariDataSource       : ECommerceBackendSystemApplication - Shutdown completed.
2026-03-16T01:17:57.044+05:30  INFO 8476 --- [E_Commerce_Backend_System] [main] c.i.E.ECommerceBackendSystemApplication  : Starting ECommerceBackendSystemApplication using Java 21.0.9 with PID 8476 (D:\JAVA-PROGRAMMING\ProductionJava\E_Commerce_Backend_System\target\classes started by rkjra in D:\JAVA-PROGRAMMING\ProductionJava\E_Commerce_Backend_System)
2026-03-16T01:17:57.046+05:30  INFO 8476 --- [E_Commerce_Backend_System] [main] c.i.E.ECommerceBackendSystemApplication  : No active profile set, falling back to 1 default profile: "default"
2026-03-16T01:17:57.740+05:30  INFO 8476 --- [E_Commerce_Backend_System] [main] .s.d.r.c.RepositoryConfigurationDelegate : Bootstrapping Spring Data JPA repositories in DEFAULT mode.
2026-03-16T01:17:57.792+05:30  INFO 8476 --- [E_Commerce_Backend_System] [main] .s.d.r.c.RepositoryConfigurationDelegate : Finished Spring Data repository scanning in 45 ms. Found 6 JPA repository interfaces.
2026-03-16T01:17:58.242+05:30  INFO 8476 --- [E_Commerce_Backend_System] [main] o.s.boot.tomcat.TomcatWebServer          : Tomcat initialized with port 8080 (http)
2026-03-16T01:17:58.256+05:30  INFO 8476 --- [E_Commerce_Backend_System] [main] o.apache.catalina.core.StandardService   : Starting service [Tomcat]
2026-03-16T01:17:58.256+05:30  INFO 8476 --- [E_Commerce_Backend_System] [main] o.apache.catalina.core.StandardEngine    : Starting Servlet engine: [Apache Tomcat/11.0.18]
2026-03-16T01:17:58.299+05:30  INFO 8476 --- [E_Commerce_Backend_System] [main] b.w.c.s.WebApplicationContextInitializer : Root WebApplicationContext: initialization completed in 1208 ms
2026-03-16T01:17:58.425+05:30  INFO 8476 --- [E_Commerce_Backend_System] [main] org.hibernate.orm.jpa                    : HHH008540: Processing PersistenceUnitInfo [name: default]
2026-03-16T01:17:58.464+05:30  INFO 8476 --- [E_Commerce_Backend_System] [main] org.hibernate.orm.core                   : HHH000001: Hibernate ORM core version 7.2.4.Final
2026-03-16T01:17:58.795+05:30  INFO 8476 --- [E_Commerce_Backend_System] [main] o.s.o.j.p.SpringPersistenceUnitInfo      : No LoadTimeWeaver setup: ignoring JPA class transformer
2026-03-16T01:17:58.818+05:30  INFO 8476 --- [E_Commerce_Backend_System] [main] com.zaxxer.hikari.HikariDataSource       : ECommerceBackendSystemApplication - Starting...
2026-03-16T01:17:59.113+05:30  INFO 8476 --- [E_Commerce_Backend_System] [main] com.zaxxer.hikari.pool.HikariPool        : ECommerceBackendSystemApplication - Added connection com.mysql.cj.jdbc.ConnectionImpl@75da2db
2026-03-16T01:17:59.115+05:30  INFO 8476 --- [E_Commerce_Backend_System] [main] com.zaxxer.hikari.HikariDataSource       : ECommerceBackendSystemApplication - Start completed.
2026-03-16T01:17:59.161+05:30  WARN 8476 --- [E_Commerce_Backend_System] [main] org.hibernate.orm.deprecation            : HHH90000025: MySQLDialect does not need to be specified explicitly using 'hibernate.dialect' (remove the property setting and it will be selected by default)
2026-03-16T01:17:59.176+05:30  INFO 8476 --- [E_Commerce_Backend_System] [main] org.hibernate.orm.connections.pooling    : HHH10001005: Database info:
	Database JDBC URL [jdbc:mysql://localhost:3306/inctureECommerceDatabase]
	Database driver: MySQL Connector/J
	Database dialect: MySQLDialect
	Database version: 8.0.34
	Default catalog/schema: inctureECommerceDatabase/undefined
	Autocommit mode: undefined/unknown
	Isolation level: REPEATABLE_READ [default REPEATABLE_READ]
	JDBC fetch size: none
	Pool: DataSourceConnectionProvider
	Minimum pool size: undefined/unknown
	Maximum pool size: undefined/unknown
2026-03-16T01:18:00.002+05:30  INFO 8476 --- [E_Commerce_Backend_System] [main] org.hibernate.orm.core                   : HHH000489: No JTA platform available (set 'hibernate.transaction.jta.platform' to enable JTA platform integration)
2026-03-16T01:18:00.092+05:30  INFO 8476 --- [E_Commerce_Backend_System] [main] j.LocalContainerEntityManagerFactoryBean : Initialized JPA EntityManagerFactory for persistence unit 'default'
2026-03-16T01:18:00.153+05:30  INFO 8476 --- [E_Commerce_Backend_System] [main] o.s.d.j.r.query.QueryEnhancerFactories   : Hibernate is in classpath; If applicable, HQL parser will be used.
2026-03-16T01:18:00.952+05:30  INFO 8476 --- [E_Commerce_Backend_System] [main] eAuthenticationProviderManagerConfigurer : Global AuthenticationManager configured with AuthenticationProvider bean with name authenticationProvider
2026-03-16T01:18:00.952+05:30  WARN 8476 --- [E_Commerce_Backend_System] [main] r$InitializeUserDetailsManagerConfigurer : Global AuthenticationManager configured with an AuthenticationProvider bean. UserDetailsService beans will not be used by Spring Security for automatically configuring username/password login. Consider removing the AuthenticationProvider bean. Alternatively, consider using the UserDetailsService in a manually instantiated DaoAuthenticationProvider. If the current configuration is intentional, to turn off this warning, increase the logging level of 'org.springframework.security.config.annotation.authentication.configuration.InitializeUserDetailsBeanManagerConfigurer' to ERROR
2026-03-16T01:18:01.090+05:30  WARN 8476 --- [E_Commerce_Backend_System] [main] JpaBaseConfiguration$JpaWebConfiguration : spring.jpa.open-in-view is enabled by default. Therefore, database queries may be performed during view rendering. Explicitly configure spring.jpa.open-in-view to disable this warning
2026-03-16T01:18:01.364+05:30  INFO 8476 --- [E_Commerce_Backend_System] [main] o.s.v.b.OptionalValidatorFactoryBean     : Failed to set up a Bean Validation provider: jakarta.validation.NoProviderFoundException: Unable to create a Configuration, because no Jakarta Validation provider could be found. Add a provider like Hibernate Validator (RI) to your classpath.
2026-03-16T01:18:01.799+05:30  INFO 8476 --- [E_Commerce_Backend_System] [main] o.s.boot.tomcat.TomcatWebServer          : Tomcat started on port 8080 (http) with context path '/'
2026-03-16T01:18:01.806+05:30  INFO 8476 --- [E_Commerce_Backend_System] [main] c.i.E.ECommerceBackendSystemApplication  : Started ECommerceBackendSystemApplication in 5.121 seconds (process running for 5.711)
2026-03-16T01:18:05.653+05:30  INFO 8476 --- [E_Commerce_Backend_System] [http-nio-8080-exec-1] o.a.c.c.C.[Tomcat].[localhost].[/]       : Initializing Spring DispatcherServlet 'dispatcherServlet'
2026-03-16T01:18:05.654+05:30  INFO 8476 --- [E_Commerce_Backend_System] [http-nio-8080-exec-1] o.s.web.servlet.DispatcherServlet        : Initializing Servlet 'dispatcherServlet'
2026-03-16T01:18:05.656+05:30  INFO 8476 --- [E_Commerce_Backend_System] [http-nio-8080-exec-1] o.s.web.servlet.DispatcherServlet        : Completed initialization in 2 ms
2026-03-16T01:18:06.297+05:30 DEBUG 8476 --- [E_Commerce_Backend_System] [http-nio-8080-exec-1] c.i.E.service.DemoUserService            : Attempting to load user details for username: 'Rajesh'
2026-03-16T01:18:06.517+05:30 DEBUG 8476 --- [E_Commerce_Backend_System] [http-nio-8080-exec-1] c.i.E.service.DemoUserService            : Successfully loaded user details for username: 'Rajesh'
2026-03-16T01:18:07.179+05:30 DEBUG 8476 --- [E_Commerce_Backend_System] [http-nio-8080-exec-7] c.i.E.service.DemoUserService            : Attempting to load user details for username: 'Rajesh'
2026-03-16T01:18:07.179+05:30 DEBUG 8476 --- [E_Commerce_Backend_System] [http-nio-8080-exec-2] c.i.E.service.DemoUserService            : Attempting to load user details for username: 'Rajesh'
2026-03-16T01:18:07.179+05:30 DEBUG 8476 --- [E_Commerce_Backend_System] [http-nio-8080-exec-4] c.i.E.service.DemoUserService            : Attempting to load user details for username: 'Rajesh'
2026-03-16T01:18:07.179+05:30 DEBUG 8476 --- [E_Commerce_Backend_System] [http-nio-8080-exec-5] c.i.E.service.DemoUserService            : Attempting to load user details for username: 'Rajesh'
2026-03-16T01:18:07.183+05:30 DEBUG 8476 --- [E_Commerce_Backend_System] [http-nio-8080-exec-6] c.i.E.service.DemoUserService            : Attempting to load user details for username: 'Rajesh'
2026-03-16T01:18:07.186+05:30 DEBUG 8476 --- [E_Commerce_Backend_System] [http-nio-8080-exec-4] c.i.E.service.DemoUserService            : Successfully loaded user details for username: 'Rajesh'
2026-03-16T01:18:07.186+05:30 DEBUG 8476 --- [E_Commerce_Backend_System] [http-nio-8080-exec-2] c.i.E.service.DemoUserService            : Successfully loaded user details for username: 'Rajesh'
2026-03-16T01:18:07.186+05:30 DEBUG 8476 --- [E_Commerce_Backend_System] [http-nio-8080-exec-7] c.i.E.service.DemoUserService            : Successfully loaded user details for username: 'Rajesh'
2026-03-16T01:18:07.187+05:30 DEBUG 8476 --- [E_Commerce_Backend_System] [http-nio-8080-exec-5] c.i.E.service.DemoUserService            : Successfully loaded user details for username: 'Rajesh'
2026-03-16T01:18:07.191+05:30 DEBUG 8476 --- [E_Commerce_Backend_System] [http-nio-8080-exec-6] c.i.E.service.DemoUserService            : Successfully loaded user details for username: 'Rajesh'
2026-03-16T01:18:08.070+05:30 DEBUG 8476 --- [E_Commerce_Backend_System] [http-nio-8080-exec-8] c.i.E.service.DemoUserService            : Attempting to load user details for username: 'Rajesh'
2026-03-16T01:18:08.083+05:30 DEBUG 8476 --- [E_Commerce_Backend_System] [http-nio-8080-exec-3] c.i.E.service.DemoUserService            : Attempting to load user details for username: 'Rajesh'
2026-03-16T01:18:08.085+05:30 DEBUG 8476 --- [E_Commerce_Backend_System] [http-nio-8080-exec-8] c.i.E.service.DemoUserService            : Successfully loaded user details for username: 'Rajesh'
2026-03-16T01:18:08.095+05:30 DEBUG 8476 --- [E_Commerce_Backend_System] [http-nio-8080-exec-3] c.i.E.service.DemoUserService            : Successfully loaded user details for username: 'Rajesh'
2026-03-16T01:18:08.890+05:30 DEBUG 8476 --- [E_Commerce_Backend_System] [http-nio-8080-exec-10] c.i.E.service.DemoUserService            : Attempting to load user details for username: 'Rajesh'
2026-03-16T01:18:08.898+05:30 DEBUG 8476 --- [E_Commerce_Backend_System] [http-nio-8080-exec-10] c.i.E.service.DemoUserService            : Successfully loaded user details for username: 'Rajesh'
2026-03-16T01:18:10.319+05:30  INFO 8476 --- [E_Commerce_Backend_System] [http-nio-8080-exec-10] o.springdoc.api.AbstractOpenApiResource  : Init duration for springdoc-openapi is: 782 ms
2026-03-16T01:18:59.836+05:30 DEBUG 8476 --- [E_Commerce_Backend_System] [http-nio-8080-exec-9] c.i.E.service.DemoUserService            : Attempting to load user details for username: 'Rajesh'
2026-03-16T01:18:59.846+05:30 DEBUG 8476 --- [E_Commerce_Backend_System] [http-nio-8080-exec-9] c.i.E.service.DemoUserService            : Successfully loaded user details for username: 'Rajesh'
2026-03-16T01:20:04.776+05:30  INFO 8476 --- [E_Commerce_Backend_System] [RMI TCP Connection(4)-127.0.0.1] inMXBeanRegistrar$SpringApplicationAdmin : Application shutdown requested.
2026-03-16T01:20:04.779+05:30  INFO 8476 --- [E_Commerce_Backend_System] [RMI TCP Connection(4)-127.0.0.1] o.s.boot.tomcat.GracefulShutdown         : Commencing graceful shutdown. Waiting for active requests to complete
2026-03-16T01:20:04.788+05:30  INFO 8476 --- [E_Commerce_Backend_System] [tomcat-shutdown] o.s.boot.tomcat.GracefulShutdown         : Graceful shutdown complete
2026-03-16T01:20:04.794+05:30  INFO 8476 --- [E_Commerce_Backend_System] [RMI TCP Connection(4)-127.0.0.1] j.LocalContainerEntityManagerFactoryBean : Closing JPA EntityManagerFactory for persistence unit 'default'
2026-03-16T01:20:04.796+05:30  INFO 8476 --- [E_Commerce_Backend_System] [RMI TCP Connection(4)-127.0.0.1] com.zaxxer.hikari.HikariDataSource       : ECommerceBackendSystemApplication - Shutdown initiated...
2026-03-16T01:20:04.805+05:30  INFO 8476 --- [E_Commerce_Backend_System] [RMI TCP Connection(4)-127.0.0.1] com.zaxxer.hikari.HikariDataSource       : ECommerceBackendSystemApplication - Shutdown completed.
2026-03-16T01:25:11.943+05:30  INFO 17012 --- [E_Commerce_Backend_System] [main] c.i.E.ECommerceBackendSystemApplication  : Starting ECommerceBackendSystemApplication using Java 21.0.9 with PID 17012 (D:\JAVA-PROGRAMMING\ProductionJava\E_Commerce_Backend_System\target\classes started by rkjra in D:\JAVA-PROGRAMMING\ProductionJava\E_Commerce_Backend_System)
2026-03-16T01:25:11.945+05:30  INFO 17012 --- [E_Commerce_Backend_System] [main] c.i.E.ECommerceBackendSystemApplication  : No active profile set, falling back to 1 default profile: "default"
2026-03-16T01:25:12.664+05:30  INFO 17012 --- [E_Commerce_Backend_System] [main] .s.d.r.c.RepositoryConfigurationDelegate : Bootstrapping Spring Data JPA repositories in DEFAULT mode.
2026-03-16T01:25:12.720+05:30  INFO 17012 --- [E_Commerce_Backend_System] [main] .s.d.r.c.RepositoryConfigurationDelegate : Finished Spring Data repository scanning in 48 ms. Found 6 JPA repository interfaces.
2026-03-16T01:25:13.233+05:30  INFO 17012 --- [E_Commerce_Backend_System] [main] o.s.boot.tomcat.TomcatWebServer          : Tomcat initialized with port 8080 (http)
2026-03-16T01:25:13.247+05:30  INFO 17012 --- [E_Commerce_Backend_System] [main] o.apache.catalina.core.StandardService   : Starting service [Tomcat]
2026-03-16T01:25:13.247+05:30  INFO 17012 --- [E_Commerce_Backend_System] [main] o.apache.catalina.core.StandardEngine    : Starting Servlet engine: [Apache Tomcat/11.0.18]
2026-03-16T01:25:13.303+05:30  INFO 17012 --- [E_Commerce_Backend_System] [main] b.w.c.s.WebApplicationContextInitializer : Root WebApplicationContext: initialization completed in 1310 ms
2026-03-16T01:25:13.445+05:30  INFO 17012 --- [E_Commerce_Backend_System] [main] org.hibernate.orm.jpa                    : HHH008540: Processing PersistenceUnitInfo [name: default]
2026-03-16T01:25:13.513+05:30  INFO 17012 --- [E_Commerce_Backend_System] [main] org.hibernate.orm.core                   : HHH000001: Hibernate ORM core version 7.2.4.Final
2026-03-16T01:25:13.971+05:30  INFO 17012 --- [E_Commerce_Backend_System] [main] o.s.o.j.p.SpringPersistenceUnitInfo      : No LoadTimeWeaver setup: ignoring JPA class transformer
2026-03-16T01:25:14.012+05:30  INFO 17012 --- [E_Commerce_Backend_System] [main] com.zaxxer.hikari.HikariDataSource       : ECommerceBackendSystemApplication - Starting...
2026-03-16T01:25:14.324+05:30  INFO 17012 --- [E_Commerce_Backend_System] [main] com.zaxxer.hikari.pool.HikariPool        : ECommerceBackendSystemApplication - Added connection com.mysql.cj.jdbc.ConnectionImpl@a80a896
2026-03-16T01:25:14.326+05:30  INFO 17012 --- [E_Commerce_Backend_System] [main] com.zaxxer.hikari.HikariDataSource       : ECommerceBackendSystemApplication - Start completed.
2026-03-16T01:25:14.390+05:30  WARN 17012 --- [E_Commerce_Backend_System] [main] org.hibernate.orm.deprecation            : HHH90000025: MySQLDialect does not need to be specified explicitly using 'hibernate.dialect' (remove the property setting and it will be selected by default)
2026-03-16T01:25:14.412+05:30  INFO 17012 --- [E_Commerce_Backend_System] [main] org.hibernate.orm.connections.pooling    : HHH10001005: Database info:
	Database JDBC URL [jdbc:mysql://localhost:3306/inctureECommerceDatabase]
	Database driver: MySQL Connector/J
	Database dialect: MySQLDialect
	Database version: 8.0.34
	Default catalog/schema: inctureECommerceDatabase/undefined
	Autocommit mode: undefined/unknown
	Isolation level: REPEATABLE_READ [default REPEATABLE_READ]
	JDBC fetch size: none
	Pool: DataSourceConnectionProvider
	Minimum pool size: undefined/unknown
	Maximum pool size: undefined/unknown
2026-03-16T01:25:15.444+05:30  INFO 17012 --- [E_Commerce_Backend_System] [main] org.hibernate.orm.core                   : HHH000489: No JTA platform available (set 'hibernate.transaction.jta.platform' to enable JTA platform integration)
2026-03-16T01:25:15.527+05:30  INFO 17012 --- [E_Commerce_Backend_System] [main] j.LocalContainerEntityManagerFactoryBean : Initialized JPA EntityManagerFactory for persistence unit 'default'
2026-03-16T01:25:15.587+05:30  INFO 17012 --- [E_Commerce_Backend_System] [main] o.s.d.j.r.query.QueryEnhancerFactories   : Hibernate is in classpath; If applicable, HQL parser will be used.
2026-03-16T01:25:16.423+05:30  INFO 17012 --- [E_Commerce_Backend_System] [main] eAuthenticationProviderManagerConfigurer : Global AuthenticationManager configured with AuthenticationProvider bean with name authenticationProvider
2026-03-16T01:25:16.424+05:30  WARN 17012 --- [E_Commerce_Backend_System] [main] r$InitializeUserDetailsManagerConfigurer : Global AuthenticationManager configured with an AuthenticationProvider bean. UserDetailsService beans will not be used by Spring Security for automatically configuring username/password login. Consider removing the AuthenticationProvider bean. Alternatively, consider using the UserDetailsService in a manually instantiated DaoAuthenticationProvider. If the current configuration is intentional, to turn off this warning, increase the logging level of 'org.springframework.security.config.annotation.authentication.configuration.InitializeUserDetailsBeanManagerConfigurer' to ERROR
2026-03-16T01:25:16.558+05:30  WARN 17012 --- [E_Commerce_Backend_System] [main] JpaBaseConfiguration$JpaWebConfiguration : spring.jpa.open-in-view is enabled by default. Therefore, database queries may be performed during view rendering. Explicitly configure spring.jpa.open-in-view to disable this warning
2026-03-16T01:25:16.830+05:30  INFO 17012 --- [E_Commerce_Backend_System] [main] o.s.v.b.OptionalValidatorFactoryBean     : Failed to set up a Bean Validation provider: jakarta.validation.NoProviderFoundException: Unable to create a Configuration, because no Jakarta Validation provider could be found. Add a provider like Hibernate Validator (RI) to your classpath.
2026-03-16T01:25:17.233+05:30  INFO 17012 --- [E_Commerce_Backend_System] [main] o.s.boot.tomcat.TomcatWebServer          : Tomcat started on port 8080 (http) with context path '/'
2026-03-16T01:25:17.239+05:30  INFO 17012 --- [E_Commerce_Backend_System] [main] c.i.E.ECommerceBackendSystemApplication  : Started ECommerceBackendSystemApplication in 5.663 seconds (process running for 6.265)
2026-03-16T01:25:25.483+05:30  INFO 17012 --- [E_Commerce_Backend_System] [http-nio-8080-exec-3] o.a.c.c.C.[Tomcat].[localhost].[/]       : Initializing Spring DispatcherServlet 'dispatcherServlet'
2026-03-16T01:25:25.483+05:30  INFO 17012 --- [E_Commerce_Backend_System] [http-nio-8080-exec-3] o.s.web.servlet.DispatcherServlet        : Initializing Servlet 'dispatcherServlet'
2026-03-16T01:25:25.486+05:30  INFO 17012 --- [E_Commerce_Backend_System] [http-nio-8080-exec-3] o.s.web.servlet.DispatcherServlet        : Completed initialization in 2 ms
2026-03-16T01:25:26.040+05:30 DEBUG 17012 --- [E_Commerce_Backend_System] [http-nio-8080-exec-3] c.i.E.service.DemoUserService            : Attempting to load user details for username: 'Rajesh'
2026-03-16T01:25:26.278+05:30 DEBUG 17012 --- [E_Commerce_Backend_System] [http-nio-8080-exec-3] c.i.E.service.DemoUserService            : Successfully loaded user details for username: 'Rajesh'
2026-03-16T01:25:26.980+05:30 DEBUG 17012 --- [E_Commerce_Backend_System] [http-nio-8080-exec-1] c.i.E.service.DemoUserService            : Attempting to load user details for username: 'Rajesh'
2026-03-16T01:25:26.989+05:30 DEBUG 17012 --- [E_Commerce_Backend_System] [http-nio-8080-exec-2] c.i.E.service.DemoUserService            : Attempting to load user details for username: 'Rajesh'
2026-03-16T01:25:26.989+05:30 DEBUG 17012 --- [E_Commerce_Backend_System] [http-nio-8080-exec-6] c.i.E.service.DemoUserService            : Attempting to load user details for username: 'Rajesh'
2026-03-16T01:25:26.990+05:30 DEBUG 17012 --- [E_Commerce_Backend_System] [http-nio-8080-exec-4] c.i.E.service.DemoUserService            : Attempting to load user details for username: 'Rajesh'
2026-03-16T01:25:26.993+05:30 DEBUG 17012 --- [E_Commerce_Backend_System] [http-nio-8080-exec-5] c.i.E.service.DemoUserService            : Attempting to load user details for username: 'Rajesh'
2026-03-16T01:25:26.994+05:30 DEBUG 17012 --- [E_Commerce_Backend_System] [http-nio-8080-exec-1] c.i.E.service.DemoUserService            : Successfully loaded user details for username: 'Rajesh'
2026-03-16T01:25:26.996+05:30 DEBUG 17012 --- [E_Commerce_Backend_System] [http-nio-8080-exec-6] c.i.E.service.DemoUserService            : Successfully loaded user details for username: 'Rajesh'
2026-03-16T01:25:26.996+05:30 DEBUG 17012 --- [E_Commerce_Backend_System] [http-nio-8080-exec-2] c.i.E.service.DemoUserService            : Successfully loaded user details for username: 'Rajesh'
2026-03-16T01:25:26.996+05:30 DEBUG 17012 --- [E_Commerce_Backend_System] [http-nio-8080-exec-4] c.i.E.service.DemoUserService            : Successfully loaded user details for username: 'Rajesh'
2026-03-16T01:25:27.000+05:30 DEBUG 17012 --- [E_Commerce_Backend_System] [http-nio-8080-exec-5] c.i.E.service.DemoUserService            : Successfully loaded user details for username: 'Rajesh'
2026-03-16T01:25:27.716+05:30 DEBUG 17012 --- [E_Commerce_Backend_System] [http-nio-8080-exec-7] c.i.E.service.DemoUserService            : Attempting to load user details for username: 'Rajesh'
2026-03-16T01:25:27.758+05:30 DEBUG 17012 --- [E_Commerce_Backend_System] [http-nio-8080-exec-7] c.i.E.service.DemoUserService            : Successfully loaded user details for username: 'Rajesh'
2026-03-16T01:25:28.462+05:30 DEBUG 17012 --- [E_Commerce_Backend_System] [http-nio-8080-exec-8] c.i.E.service.DemoUserService            : Attempting to load user details for username: 'Rajesh'
2026-03-16T01:25:28.470+05:30 DEBUG 17012 --- [E_Commerce_Backend_System] [http-nio-8080-exec-8] c.i.E.service.DemoUserService            : Successfully loaded user details for username: 'Rajesh'
2026-03-16T01:25:29.908+05:30  INFO 17012 --- [E_Commerce_Backend_System] [http-nio-8080-exec-8] o.springdoc.api.AbstractOpenApiResource  : Init duration for springdoc-openapi is: 921 ms
2026-03-16T01:28:22.684+05:30  INFO 17012 --- [E_Commerce_Backend_System] [RMI TCP Connection(5)-127.0.0.1] inMXBeanRegistrar$SpringApplicationAdmin : Application shutdown requested.
2026-03-16T01:28:22.688+05:30  INFO 17012 --- [E_Commerce_Backend_System] [RMI TCP Connection(5)-127.0.0.1] o.s.boot.tomcat.GracefulShutdown         : Commencing graceful shutdown. Waiting for active requests to complete
2026-03-16T01:28:22.694+05:30  INFO 17012 --- [E_Commerce_Backend_System] [tomcat-shutdown] o.s.boot.tomcat.GracefulShutdown         : Graceful shutdown complete
2026-03-16T01:28:22.699+05:30  INFO 17012 --- [E_Commerce_Backend_System] [RMI TCP Connection(5)-127.0.0.1] j.LocalContainerEntityManagerFactoryBean : Closing JPA EntityManagerFactory for persistence unit 'default'
2026-03-16T01:28:22.701+05:30  INFO 17012 --- [E_Commerce_Backend_System] [RMI TCP Connection(5)-127.0.0.1] com.zaxxer.hikari.HikariDataSource       : ECommerceBackendSystemApplication - Shutdown initiated...
2026-03-16T01:28:22.711+05:30  INFO 17012 --- [E_Commerce_Backend_System] [RMI TCP Connection(5)-127.0.0.1] com.zaxxer.hikari.HikariDataSource       : ECommerceBackendSystemApplication - Shutdown completed.
2026-03-16T01:29:36.916+05:30  INFO 16340 --- [E_Commerce_Backend_System] [main] c.i.E.ECommerceBackendSystemApplication  : Starting ECommerceBackendSystemApplication using Java 21.0.9 with PID 16340 (D:\JAVA-PROGRAMMING\ProductionJava\E_Commerce_Backend_System\target\classes started by rkjra in D:\JAVA-PROGRAMMING\ProductionJava\E_Commerce_Backend_System)
2026-03-16T01:29:36.919+05:30  INFO 16340 --- [E_Commerce_Backend_System] [main] c.i.E.ECommerceBackendSystemApplication  : No active profile set, falling back to 1 default profile: "default"
2026-03-16T01:29:37.627+05:30  INFO 16340 --- [E_Commerce_Backend_System] [main] .s.d.r.c.RepositoryConfigurationDelegate : Bootstrapping Spring Data JPA repositories in DEFAULT mode.
2026-03-16T01:29:37.680+05:30  INFO 16340 --- [E_Commerce_Backend_System] [main] .s.d.r.c.RepositoryConfigurationDelegate : Finished Spring Data repository scanning in 44 ms. Found 6 JPA repository interfaces.
2026-03-16T01:29:38.159+05:30  INFO 16340 --- [E_Commerce_Backend_System] [main] o.s.boot.tomcat.TomcatWebServer          : Tomcat initialized with port 8080 (http)
2026-03-16T01:29:38.181+05:30  INFO 16340 --- [E_Commerce_Backend_System] [main] o.apache.catalina.core.StandardService   : Starting service [Tomcat]
2026-03-16T01:29:38.181+05:30  INFO 16340 --- [E_Commerce_Backend_System] [main] o.apache.catalina.core.StandardEngine    : Starting Servlet engine: [Apache Tomcat/11.0.18]
2026-03-16T01:29:38.241+05:30  INFO 16340 --- [E_Commerce_Backend_System] [main] b.w.c.s.WebApplicationContextInitializer : Root WebApplicationContext: initialization completed in 1281 ms
2026-03-16T01:29:38.398+05:30  INFO 16340 --- [E_Commerce_Backend_System] [main] org.hibernate.orm.jpa                    : HHH008540: Processing PersistenceUnitInfo [name: default]
2026-03-16T01:29:38.469+05:30  INFO 16340 --- [E_Commerce_Backend_System] [main] org.hibernate.orm.core                   : HHH000001: Hibernate ORM core version 7.2.4.Final
2026-03-16T01:29:38.933+05:30  INFO 16340 --- [E_Commerce_Backend_System] [main] o.s.o.j.p.SpringPersistenceUnitInfo      : No LoadTimeWeaver setup: ignoring JPA class transformer
2026-03-16T01:29:38.970+05:30  INFO 16340 --- [E_Commerce_Backend_System] [main] com.zaxxer.hikari.HikariDataSource       : ECommerceBackendSystemApplication - Starting...
2026-03-16T01:29:39.270+05:30  INFO 16340 --- [E_Commerce_Backend_System] [main] com.zaxxer.hikari.pool.HikariPool        : ECommerceBackendSystemApplication - Added connection com.mysql.cj.jdbc.ConnectionImpl@3ad558bf
2026-03-16T01:29:39.272+05:30  INFO 16340 --- [E_Commerce_Backend_System] [main] com.zaxxer.hikari.HikariDataSource       : ECommerceBackendSystemApplication - Start completed.
2026-03-16T01:29:39.328+05:30  WARN 16340 --- [E_Commerce_Backend_System] [main] org.hibernate.orm.deprecation            : HHH90000025: MySQLDialect does not need to be specified explicitly using 'hibernate.dialect' (remove the property setting and it will be selected by default)
2026-03-16T01:29:39.348+05:30  INFO 16340 --- [E_Commerce_Backend_System] [main] org.hibernate.orm.connections.pooling    : HHH10001005: Database info:
	Database JDBC URL [jdbc:mysql://localhost:3306/inctureECommerceDatabase]
	Database driver: MySQL Connector/J
	Database dialect: MySQLDialect
	Database version: 8.0.34
	Default catalog/schema: inctureECommerceDatabase/undefined
	Autocommit mode: undefined/unknown
	Isolation level: REPEATABLE_READ [default REPEATABLE_READ]
	JDBC fetch size: none
	Pool: DataSourceConnectionProvider
	Minimum pool size: undefined/unknown
	Maximum pool size: undefined/unknown
2026-03-16T01:29:40.338+05:30  INFO 16340 --- [E_Commerce_Backend_System] [main] org.hibernate.orm.core                   : HHH000489: No JTA platform available (set 'hibernate.transaction.jta.platform' to enable JTA platform integration)
2026-03-16T01:29:40.426+05:30  INFO 16340 --- [E_Commerce_Backend_System] [main] j.LocalContainerEntityManagerFactoryBean : Initialized JPA EntityManagerFactory for persistence unit 'default'
2026-03-16T01:29:40.498+05:30  INFO 16340 --- [E_Commerce_Backend_System] [main] o.s.d.j.r.query.QueryEnhancerFactories   : Hibernate is in classpath; If applicable, HQL parser will be used.
2026-03-16T01:29:41.543+05:30  INFO 16340 --- [E_Commerce_Backend_System] [main] eAuthenticationProviderManagerConfigurer : Global AuthenticationManager configured with AuthenticationProvider bean with name authenticationProvider
2026-03-16T01:29:41.543+05:30  WARN 16340 --- [E_Commerce_Backend_System] [main] r$InitializeUserDetailsManagerConfigurer : Global AuthenticationManager configured with an AuthenticationProvider bean. UserDetailsService beans will not be used by Spring Security for automatically configuring username/password login. Consider removing the AuthenticationProvider bean. Alternatively, consider using the UserDetailsService in a manually instantiated DaoAuthenticationProvider. If the current configuration is intentional, to turn off this warning, increase the logging level of 'org.springframework.security.config.annotation.authentication.configuration.InitializeUserDetailsBeanManagerConfigurer' to ERROR
2026-03-16T01:29:41.667+05:30  WARN 16340 --- [E_Commerce_Backend_System] [main] JpaBaseConfiguration$JpaWebConfiguration : spring.jpa.open-in-view is enabled by default. Therefore, database queries may be performed during view rendering. Explicitly configure spring.jpa.open-in-view to disable this warning
2026-03-16T01:29:41.952+05:30  INFO 16340 --- [E_Commerce_Backend_System] [main] o.s.v.b.OptionalValidatorFactoryBean     : Failed to set up a Bean Validation provider: jakarta.validation.NoProviderFoundException: Unable to create a Configuration, because no Jakarta Validation provider could be found. Add a provider like Hibernate Validator (RI) to your classpath.
2026-03-16T01:29:42.342+05:30  INFO 16340 --- [E_Commerce_Backend_System] [main] o.s.boot.tomcat.TomcatWebServer          : Tomcat started on port 8080 (http) with context path '/'
2026-03-16T01:29:42.349+05:30  INFO 16340 --- [E_Commerce_Backend_System] [main] c.i.E.ECommerceBackendSystemApplication  : Started ECommerceBackendSystemApplication in 5.798 seconds (process running for 6.455)
2026-03-16T01:29:44.971+05:30  INFO 16340 --- [E_Commerce_Backend_System] [http-nio-8080-exec-1] o.a.c.c.C.[Tomcat].[localhost].[/]       : Initializing Spring DispatcherServlet 'dispatcherServlet'
2026-03-16T01:29:44.972+05:30  INFO 16340 --- [E_Commerce_Backend_System] [http-nio-8080-exec-1] o.s.web.servlet.DispatcherServlet        : Initializing Servlet 'dispatcherServlet'
2026-03-16T01:29:44.974+05:30  INFO 16340 --- [E_Commerce_Backend_System] [http-nio-8080-exec-1] o.s.web.servlet.DispatcherServlet        : Completed initialization in 2 ms
2026-03-16T01:29:45.485+05:30 DEBUG 16340 --- [E_Commerce_Backend_System] [http-nio-8080-exec-1] c.i.E.service.DemoUserService            : Attempting to load user details for username: 'Rajesh'
2026-03-16T01:29:45.760+05:30 DEBUG 16340 --- [E_Commerce_Backend_System] [http-nio-8080-exec-1] c.i.E.service.DemoUserService            : Successfully loaded user details for username: 'Rajesh'
2026-03-16T01:29:46.634+05:30 DEBUG 16340 --- [E_Commerce_Backend_System] [http-nio-8080-exec-3] c.i.E.service.DemoUserService            : Attempting to load user details for username: 'Rajesh'
2026-03-16T01:29:46.634+05:30 DEBUG 16340 --- [E_Commerce_Backend_System] [http-nio-8080-exec-4] c.i.E.service.DemoUserService            : Attempting to load user details for username: 'Rajesh'
2026-03-16T01:29:46.635+05:30 DEBUG 16340 --- [E_Commerce_Backend_System] [http-nio-8080-exec-6] c.i.E.service.DemoUserService            : Attempting to load user details for username: 'Rajesh'
2026-03-16T01:29:46.636+05:30 DEBUG 16340 --- [E_Commerce_Backend_System] [http-nio-8080-exec-2] c.i.E.service.DemoUserService            : Attempting to load user details for username: 'Rajesh'
2026-03-16T01:29:46.638+05:30 DEBUG 16340 --- [E_Commerce_Backend_System] [http-nio-8080-exec-5] c.i.E.service.DemoUserService            : Attempting to load user details for username: 'Rajesh'
2026-03-16T01:29:46.643+05:30 DEBUG 16340 --- [E_Commerce_Backend_System] [http-nio-8080-exec-6] c.i.E.service.DemoUserService            : Successfully loaded user details for username: 'Rajesh'
2026-03-16T01:29:46.642+05:30 DEBUG 16340 --- [E_Commerce_Backend_System] [http-nio-8080-exec-3] c.i.E.service.DemoUserService            : Successfully loaded user details for username: 'Rajesh'
2026-03-16T01:29:46.642+05:30 DEBUG 16340 --- [E_Commerce_Backend_System] [http-nio-8080-exec-2] c.i.E.service.DemoUserService            : Successfully loaded user details for username: 'Rajesh'
2026-03-16T01:29:46.644+05:30 DEBUG 16340 --- [E_Commerce_Backend_System] [http-nio-8080-exec-4] c.i.E.service.DemoUserService            : Successfully loaded user details for username: 'Rajesh'
2026-03-16T01:29:46.646+05:30 DEBUG 16340 --- [E_Commerce_Backend_System] [http-nio-8080-exec-5] c.i.E.service.DemoUserService            : Successfully loaded user details for username: 'Rajesh'
2026-03-16T01:29:47.515+05:30 DEBUG 16340 --- [E_Commerce_Backend_System] [http-nio-8080-exec-7] c.i.E.service.DemoUserService            : Attempting to load user details for username: 'Rajesh'
2026-03-16T01:29:47.524+05:30 DEBUG 16340 --- [E_Commerce_Backend_System] [http-nio-8080-exec-8] c.i.E.service.DemoUserService            : Attempting to load user details for username: 'Rajesh'
2026-03-16T01:29:47.530+05:30 DEBUG 16340 --- [E_Commerce_Backend_System] [http-nio-8080-exec-7] c.i.E.service.DemoUserService            : Successfully loaded user details for username: 'Rajesh'
2026-03-16T01:29:47.533+05:30 DEBUG 16340 --- [E_Commerce_Backend_System] [http-nio-8080-exec-8] c.i.E.service.DemoUserService            : Successfully loaded user details for username: 'Rajesh'
2026-03-16T01:29:48.251+05:30 DEBUG 16340 --- [E_Commerce_Backend_System] [http-nio-8080-exec-9] c.i.E.service.DemoUserService            : Attempting to load user details for username: 'Rajesh'
2026-03-16T01:29:48.258+05:30 DEBUG 16340 --- [E_Commerce_Backend_System] [http-nio-8080-exec-9] c.i.E.service.DemoUserService            : Successfully loaded user details for username: 'Rajesh'
2026-03-16T01:29:49.678+05:30  INFO 16340 --- [E_Commerce_Backend_System] [http-nio-8080-exec-9] o.springdoc.api.AbstractOpenApiResource  : Init duration for springdoc-openapi is: 914 ms
2026-03-16T01:30:48.180+05:30  INFO 16340 --- [E_Commerce_Backend_System] [RMI TCP Connection(3)-127.0.0.1] inMXBeanRegistrar$SpringApplicationAdmin : Application shutdown requested.
2026-03-16T01:30:48.183+05:30  INFO 16340 --- [E_Commerce_Backend_System] [RMI TCP Connection(3)-127.0.0.1] o.s.boot.tomcat.GracefulShutdown         : Commencing graceful shutdown. Waiting for active requests to complete
2026-03-16T01:30:48.190+05:30  INFO 16340 --- [E_Commerce_Backend_System] [tomcat-shutdown] o.s.boot.tomcat.GracefulShutdown         : Graceful shutdown complete
2026-03-16T01:30:48.195+05:30  INFO 16340 --- [E_Commerce_Backend_System] [RMI TCP Connection(3)-127.0.0.1] j.LocalContainerEntityManagerFactoryBean : Closing JPA EntityManagerFactory for persistence unit 'default'
2026-03-16T01:30:48.197+05:30  INFO 16340 --- [E_Commerce_Backend_System] [RMI TCP Connection(3)-127.0.0.1] com.zaxxer.hikari.HikariDataSource       : ECommerceBackendSystemApplication - Shutdown initiated...
2026-03-16T01:30:48.207+05:30  INFO 16340 --- [E_Commerce_Backend_System] [RMI TCP Connection(3)-127.0.0.1] com.zaxxer.hikari.HikariDataSource       : ECommerceBackendSystemApplication - Shutdown completed.
2026-03-16T01:30:50.742+05:30  INFO 15100 --- [E_Commerce_Backend_System] [main] c.i.E.ECommerceBackendSystemApplication  : Starting ECommerceBackendSystemApplication using Java 21.0.9 with PID 15100 (D:\JAVA-PROGRAMMING\ProductionJava\E_Commerce_Backend_System\target\classes started by rkjra in D:\JAVA-PROGRAMMING\ProductionJava\E_Commerce_Backend_System)
2026-03-16T01:30:50.746+05:30  INFO 15100 --- [E_Commerce_Backend_System] [main] c.i.E.ECommerceBackendSystemApplication  : No active profile set, falling back to 1 default profile: "default"
2026-03-16T01:30:51.608+05:30  INFO 15100 --- [E_Commerce_Backend_System] [main] .s.d.r.c.RepositoryConfigurationDelegate : Bootstrapping Spring Data JPA repositories in DEFAULT mode.
2026-03-16T01:30:51.674+05:30  INFO 15100 --- [E_Commerce_Backend_System] [main] .s.d.r.c.RepositoryConfigurationDelegate : Finished Spring Data repository scanning in 56 ms. Found 6 JPA repository interfaces.
2026-03-16T01:30:52.194+05:30  INFO 15100 --- [E_Commerce_Backend_System] [main] o.s.boot.tomcat.TomcatWebServer          : Tomcat initialized with port 8080 (http)
2026-03-16T01:30:52.210+05:30  INFO 15100 --- [E_Commerce_Backend_System] [main] o.apache.catalina.core.StandardService   : Starting service [Tomcat]
2026-03-16T01:30:52.210+05:30  INFO 15100 --- [E_Commerce_Backend_System] [main] o.apache.catalina.core.StandardEngine    : Starting Servlet engine: [Apache Tomcat/11.0.18]
2026-03-16T01:30:52.259+05:30  INFO 15100 --- [E_Commerce_Backend_System] [main] b.w.c.s.WebApplicationContextInitializer : Root WebApplicationContext: initialization completed in 1460 ms
2026-03-16T01:30:52.411+05:30  INFO 15100 --- [E_Commerce_Backend_System] [main] org.hibernate.orm.jpa                    : HHH008540: Processing PersistenceUnitInfo [name: default]
2026-03-16T01:30:52.457+05:30  INFO 15100 --- [E_Commerce_Backend_System] [main] org.hibernate.orm.core                   : HHH000001: Hibernate ORM core version 7.2.4.Final
2026-03-16T01:30:52.833+05:30  INFO 15100 --- [E_Commerce_Backend_System] [main] o.s.o.j.p.SpringPersistenceUnitInfo      : No LoadTimeWeaver setup: ignoring JPA class transformer
2026-03-16T01:30:52.858+05:30  INFO 15100 --- [E_Commerce_Backend_System] [main] com.zaxxer.hikari.HikariDataSource       : ECommerceBackendSystemApplication - Starting...
2026-03-16T01:30:53.144+05:30  INFO 15100 --- [E_Commerce_Backend_System] [main] com.zaxxer.hikari.pool.HikariPool        : ECommerceBackendSystemApplication - Added connection com.mysql.cj.jdbc.ConnectionImpl@664254b6
2026-03-16T01:30:53.145+05:30  INFO 15100 --- [E_Commerce_Backend_System] [main] com.zaxxer.hikari.HikariDataSource       : ECommerceBackendSystemApplication - Start completed.
2026-03-16T01:30:53.192+05:30  WARN 15100 --- [E_Commerce_Backend_System] [main] org.hibernate.orm.deprecation            : HHH90000025: MySQLDialect does not need to be specified explicitly using 'hibernate.dialect' (remove the property setting and it will be selected by default)
2026-03-16T01:30:53.208+05:30  INFO 15100 --- [E_Commerce_Backend_System] [main] org.hibernate.orm.connections.pooling    : HHH10001005: Database info:
	Database JDBC URL [jdbc:mysql://localhost:3306/inctureECommerceDatabase]
	Database driver: MySQL Connector/J
	Database dialect: MySQLDialect
	Database version: 8.0.34
	Default catalog/schema: inctureECommerceDatabase/undefined
	Autocommit mode: undefined/unknown
	Isolation level: REPEATABLE_READ [default REPEATABLE_READ]
	JDBC fetch size: none
	Pool: DataSourceConnectionProvider
	Minimum pool size: undefined/unknown
	Maximum pool size: undefined/unknown
2026-03-16T01:30:54.050+05:30  INFO 15100 --- [E_Commerce_Backend_System] [main] org.hibernate.orm.core                   : HHH000489: No JTA platform available (set 'hibernate.transaction.jta.platform' to enable JTA platform integration)
2026-03-16T01:30:54.132+05:30  INFO 15100 --- [E_Commerce_Backend_System] [main] j.LocalContainerEntityManagerFactoryBean : Initialized JPA EntityManagerFactory for persistence unit 'default'
2026-03-16T01:30:54.191+05:30  INFO 15100 --- [E_Commerce_Backend_System] [main] o.s.d.j.r.query.QueryEnhancerFactories   : Hibernate is in classpath; If applicable, HQL parser will be used.
2026-03-16T01:30:54.992+05:30  INFO 15100 --- [E_Commerce_Backend_System] [main] eAuthenticationProviderManagerConfigurer : Global AuthenticationManager configured with AuthenticationProvider bean with name authenticationProvider
2026-03-16T01:30:54.992+05:30  WARN 15100 --- [E_Commerce_Backend_System] [main] r$InitializeUserDetailsManagerConfigurer : Global AuthenticationManager configured with an AuthenticationProvider bean. UserDetailsService beans will not be used by Spring Security for automatically configuring username/password login. Consider removing the AuthenticationProvider bean. Alternatively, consider using the UserDetailsService in a manually instantiated DaoAuthenticationProvider. If the current configuration is intentional, to turn off this warning, increase the logging level of 'org.springframework.security.config.annotation.authentication.configuration.InitializeUserDetailsBeanManagerConfigurer' to ERROR
2026-03-16T01:30:55.105+05:30  WARN 15100 --- [E_Commerce_Backend_System] [main] JpaBaseConfiguration$JpaWebConfiguration : spring.jpa.open-in-view is enabled by default. Therefore, database queries may be performed during view rendering. Explicitly configure spring.jpa.open-in-view to disable this warning
2026-03-16T01:30:55.375+05:30  INFO 15100 --- [E_Commerce_Backend_System] [main] o.s.v.b.OptionalValidatorFactoryBean     : Failed to set up a Bean Validation provider: jakarta.validation.NoProviderFoundException: Unable to create a Configuration, because no Jakarta Validation provider could be found. Add a provider like Hibernate Validator (RI) to your classpath.
2026-03-16T01:30:55.770+05:30  INFO 15100 --- [E_Commerce_Backend_System] [main] o.s.boot.tomcat.TomcatWebServer          : Tomcat started on port 8080 (http) with context path '/'
2026-03-16T01:30:55.777+05:30  INFO 15100 --- [E_Commerce_Backend_System] [main] c.i.E.ECommerceBackendSystemApplication  : Started ECommerceBackendSystemApplication in 5.433 seconds (process running for 6.135)
2026-03-16T01:31:04.136+05:30  INFO 15100 --- [E_Commerce_Backend_System] [http-nio-8080-exec-3] o.a.c.c.C.[Tomcat].[localhost].[/]       : Initializing Spring DispatcherServlet 'dispatcherServlet'
2026-03-16T01:31:04.137+05:30  INFO 15100 --- [E_Commerce_Backend_System] [http-nio-8080-exec-3] o.s.web.servlet.DispatcherServlet        : Initializing Servlet 'dispatcherServlet'
2026-03-16T01:31:04.141+05:30  INFO 15100 --- [E_Commerce_Backend_System] [http-nio-8080-exec-3] o.s.web.servlet.DispatcherServlet        : Completed initialization in 4 ms
2026-03-16T01:31:04.930+05:30 DEBUG 15100 --- [E_Commerce_Backend_System] [http-nio-8080-exec-3] c.i.E.service.DemoUserService            : Attempting to load user details for username: 'Rajesh'
2026-03-16T01:31:05.145+05:30 DEBUG 15100 --- [E_Commerce_Backend_System] [http-nio-8080-exec-3] c.i.E.service.DemoUserService            : Successfully loaded user details for username: 'Rajesh'
2026-03-16T01:31:05.860+05:30 DEBUG 15100 --- [E_Commerce_Backend_System] [http-nio-8080-exec-1] c.i.E.service.DemoUserService            : Attempting to load user details for username: 'Rajesh'
2026-03-16T01:31:05.865+05:30 DEBUG 15100 --- [E_Commerce_Backend_System] [http-nio-8080-exec-4] c.i.E.service.DemoUserService            : Attempting to load user details for username: 'Rajesh'
2026-03-16T01:31:05.865+05:30 DEBUG 15100 --- [E_Commerce_Backend_System] [http-nio-8080-exec-5] c.i.E.service.DemoUserService            : Attempting to load user details for username: 'Rajesh'
2026-03-16T01:31:05.865+05:30 DEBUG 15100 --- [E_Commerce_Backend_System] [http-nio-8080-exec-2] c.i.E.service.DemoUserService            : Attempting to load user details for username: 'Rajesh'
2026-03-16T01:31:05.870+05:30 DEBUG 15100 --- [E_Commerce_Backend_System] [http-nio-8080-exec-1] c.i.E.service.DemoUserService            : Successfully loaded user details for username: 'Rajesh'
2026-03-16T01:31:05.872+05:30 DEBUG 15100 --- [E_Commerce_Backend_System] [http-nio-8080-exec-5] c.i.E.service.DemoUserService            : Successfully loaded user details for username: 'Rajesh'
2026-03-16T01:31:05.872+05:30 DEBUG 15100 --- [E_Commerce_Backend_System] [http-nio-8080-exec-4] c.i.E.service.DemoUserService            : Successfully loaded user details for username: 'Rajesh'
2026-03-16T01:31:05.872+05:30 DEBUG 15100 --- [E_Commerce_Backend_System] [http-nio-8080-exec-2] c.i.E.service.DemoUserService            : Successfully loaded user details for username: 'Rajesh'
2026-03-16T01:31:06.699+05:30 DEBUG 15100 --- [E_Commerce_Backend_System] [http-nio-8080-exec-6] c.i.E.service.DemoUserService            : Attempting to load user details for username: 'Rajesh'
2026-03-16T01:31:06.713+05:30 DEBUG 15100 --- [E_Commerce_Backend_System] [http-nio-8080-exec-6] c.i.E.service.DemoUserService            : Successfully loaded user details for username: 'Rajesh'
2026-03-16T01:31:07.329+05:30 DEBUG 15100 --- [E_Commerce_Backend_System] [http-nio-8080-exec-7] c.i.E.service.DemoUserService            : Attempting to load user details for username: 'Rajesh'
2026-03-16T01:31:07.338+05:30 DEBUG 15100 --- [E_Commerce_Backend_System] [http-nio-8080-exec-7] c.i.E.service.DemoUserService            : Successfully loaded user details for username: 'Rajesh'
2026-03-16T01:31:08.788+05:30  INFO 15100 --- [E_Commerce_Backend_System] [http-nio-8080-exec-7] o.springdoc.api.AbstractOpenApiResource  : Init duration for springdoc-openapi is: 887 ms
2026-03-16T01:32:26.876+05:30  INFO 15100 --- [E_Commerce_Backend_System] [RMI TCP Connection(5)-127.0.0.1] inMXBeanRegistrar$SpringApplicationAdmin : Application shutdown requested.
2026-03-16T01:32:26.879+05:30  INFO 15100 --- [E_Commerce_Backend_System] [RMI TCP Connection(5)-127.0.0.1] o.s.boot.tomcat.GracefulShutdown         : Commencing graceful shutdown. Waiting for active requests to complete
2026-03-16T01:32:26.888+05:30  INFO 15100 --- [E_Commerce_Backend_System] [tomcat-shutdown] o.s.boot.tomcat.GracefulShutdown         : Graceful shutdown complete
2026-03-16T01:32:26.893+05:30  INFO 15100 --- [E_Commerce_Backend_System] [RMI TCP Connection(5)-127.0.0.1] j.LocalContainerEntityManagerFactoryBean : Closing JPA EntityManagerFactory for persistence unit 'default'
2026-03-16T01:32:26.895+05:30  INFO 15100 --- [E_Commerce_Backend_System] [RMI TCP Connection(5)-127.0.0.1] com.zaxxer.hikari.HikariDataSource       : ECommerceBackendSystemApplication - Shutdown initiated...
2026-03-16T01:32:26.903+05:30  INFO 15100 --- [E_Commerce_Backend_System] [RMI TCP Connection(5)-127.0.0.1] com.zaxxer.hikari.HikariDataSource       : ECommerceBackendSystemApplication - Shutdown completed.
2026-03-16T01:32:28.901+05:30  INFO 20236 --- [E_Commerce_Backend_System] [main] c.i.E.ECommerceBackendSystemApplication  : Starting ECommerceBackendSystemApplication using Java 21.0.9 with PID 20236 (D:\JAVA-PROGRAMMING\ProductionJava\E_Commerce_Backend_System\target\classes started by rkjra in D:\JAVA-PROGRAMMING\ProductionJava\E_Commerce_Backend_System)
2026-03-16T01:32:28.904+05:30  INFO 20236 --- [E_Commerce_Backend_System] [main] c.i.E.ECommerceBackendSystemApplication  : No active profile set, falling back to 1 default profile: "default"
2026-03-16T01:32:29.611+05:30  INFO 20236 --- [E_Commerce_Backend_System] [main] .s.d.r.c.RepositoryConfigurationDelegate : Bootstrapping Spring Data JPA repositories in DEFAULT mode.
2026-03-16T01:32:29.665+05:30  INFO 20236 --- [E_Commerce_Backend_System] [main] .s.d.r.c.RepositoryConfigurationDelegate : Finished Spring Data repository scanning in 46 ms. Found 6 JPA repository interfaces.
2026-03-16T01:32:30.132+05:30  INFO 20236 --- [E_Commerce_Backend_System] [main] o.s.boot.tomcat.TomcatWebServer          : Tomcat initialized with port 8080 (http)
2026-03-16T01:32:30.143+05:30  INFO 20236 --- [E_Commerce_Backend_System] [main] o.apache.catalina.core.StandardService   : Starting service [Tomcat]
2026-03-16T01:32:30.143+05:30  INFO 20236 --- [E_Commerce_Backend_System] [main] o.apache.catalina.core.StandardEngine    : Starting Servlet engine: [Apache Tomcat/11.0.18]
2026-03-16T01:32:30.189+05:30  INFO 20236 --- [E_Commerce_Backend_System] [main] b.w.c.s.WebApplicationContextInitializer : Root WebApplicationContext: initialization completed in 1242 ms
2026-03-16T01:32:30.317+05:30  INFO 20236 --- [E_Commerce_Backend_System] [main] org.hibernate.orm.jpa                    : HHH008540: Processing PersistenceUnitInfo [name: default]
2026-03-16T01:32:30.352+05:30  INFO 20236 --- [E_Commerce_Backend_System] [main] org.hibernate.orm.core                   : HHH000001: Hibernate ORM core version 7.2.4.Final
2026-03-16T01:32:30.678+05:30  INFO 20236 --- [E_Commerce_Backend_System] [main] o.s.o.j.p.SpringPersistenceUnitInfo      : No LoadTimeWeaver setup: ignoring JPA class transformer
2026-03-16T01:32:30.701+05:30  INFO 20236 --- [E_Commerce_Backend_System] [main] com.zaxxer.hikari.HikariDataSource       : ECommerceBackendSystemApplication - Starting...
2026-03-16T01:32:30.999+05:30  INFO 20236 --- [E_Commerce_Backend_System] [main] com.zaxxer.hikari.pool.HikariPool        : ECommerceBackendSystemApplication - Added connection com.mysql.cj.jdbc.ConnectionImpl@14b96c1e
2026-03-16T01:32:31.002+05:30  INFO 20236 --- [E_Commerce_Backend_System] [main] com.zaxxer.hikari.HikariDataSource       : ECommerceBackendSystemApplication - Start completed.
2026-03-16T01:32:31.052+05:30  WARN 20236 --- [E_Commerce_Backend_System] [main] org.hibernate.orm.deprecation            : HHH90000025: MySQLDialect does not need to be specified explicitly using 'hibernate.dialect' (remove the property setting and it will be selected by default)
2026-03-16T01:32:31.067+05:30  INFO 20236 --- [E_Commerce_Backend_System] [main] org.hibernate.orm.connections.pooling    : HHH10001005: Database info:
	Database JDBC URL [jdbc:mysql://localhost:3306/inctureECommerceDatabase]
	Database driver: MySQL Connector/J
	Database dialect: MySQLDialect
	Database version: 8.0.34
	Default catalog/schema: inctureECommerceDatabase/undefined
	Autocommit mode: undefined/unknown
	Isolation level: REPEATABLE_READ [default REPEATABLE_READ]
	JDBC fetch size: none
	Pool: DataSourceConnectionProvider
	Minimum pool size: undefined/unknown
	Maximum pool size: undefined/unknown
2026-03-16T01:32:31.902+05:30  INFO 20236 --- [E_Commerce_Backend_System] [main] org.hibernate.orm.core                   : HHH000489: No JTA platform available (set 'hibernate.transaction.jta.platform' to enable JTA platform integration)
2026-03-16T01:32:31.983+05:30  INFO 20236 --- [E_Commerce_Backend_System] [main] j.LocalContainerEntityManagerFactoryBean : Initialized JPA EntityManagerFactory for persistence unit 'default'
2026-03-16T01:32:32.053+05:30  INFO 20236 --- [E_Commerce_Backend_System] [main] o.s.d.j.r.query.QueryEnhancerFactories   : Hibernate is in classpath; If applicable, HQL parser will be used.
2026-03-16T01:32:32.846+05:30  INFO 20236 --- [E_Commerce_Backend_System] [main] eAuthenticationProviderManagerConfigurer : Global AuthenticationManager configured with AuthenticationProvider bean with name authenticationProvider
2026-03-16T01:32:32.846+05:30  WARN 20236 --- [E_Commerce_Backend_System] [main] r$InitializeUserDetailsManagerConfigurer : Global AuthenticationManager configured with an AuthenticationProvider bean. UserDetailsService beans will not be used by Spring Security for automatically configuring username/password login. Consider removing the AuthenticationProvider bean. Alternatively, consider using the UserDetailsService in a manually instantiated DaoAuthenticationProvider. If the current configuration is intentional, to turn off this warning, increase the logging level of 'org.springframework.security.config.annotation.authentication.configuration.InitializeUserDetailsBeanManagerConfigurer' to ERROR
2026-03-16T01:32:32.976+05:30  WARN 20236 --- [E_Commerce_Backend_System] [main] JpaBaseConfiguration$JpaWebConfiguration : spring.jpa.open-in-view is enabled by default. Therefore, database queries may be performed during view rendering. Explicitly configure spring.jpa.open-in-view to disable this warning
2026-03-16T01:32:33.250+05:30  INFO 20236 --- [E_Commerce_Backend_System] [main] o.s.v.b.OptionalValidatorFactoryBean     : Failed to set up a Bean Validation provider: jakarta.validation.NoProviderFoundException: Unable to create a Configuration, because no Jakarta Validation provider could be found. Add a provider like Hibernate Validator (RI) to your classpath.
2026-03-16T01:32:33.667+05:30  INFO 20236 --- [E_Commerce_Backend_System] [main] o.s.boot.tomcat.TomcatWebServer          : Tomcat started on port 8080 (http) with context path '/'
2026-03-16T01:32:33.673+05:30  INFO 20236 --- [E_Commerce_Backend_System] [main] c.i.E.ECommerceBackendSystemApplication  : Started ECommerceBackendSystemApplication in 5.113 seconds (process running for 5.748)
2026-03-16T01:32:38.511+05:30  INFO 20236 --- [E_Commerce_Backend_System] [http-nio-8080-exec-1] o.a.c.c.C.[Tomcat].[localhost].[/]       : Initializing Spring DispatcherServlet 'dispatcherServlet'
2026-03-16T01:32:38.511+05:30  INFO 20236 --- [E_Commerce_Backend_System] [http-nio-8080-exec-1] o.s.web.servlet.DispatcherServlet        : Initializing Servlet 'dispatcherServlet'
2026-03-16T01:32:38.513+05:30  INFO 20236 --- [E_Commerce_Backend_System] [http-nio-8080-exec-1] o.s.web.servlet.DispatcherServlet        : Completed initialization in 2 ms
2026-03-16T01:32:39.091+05:30 DEBUG 20236 --- [E_Commerce_Backend_System] [http-nio-8080-exec-1] c.i.E.service.DemoUserService            : Attempting to load user details for username: 'Rajesh'
2026-03-16T01:32:39.311+05:30 DEBUG 20236 --- [E_Commerce_Backend_System] [http-nio-8080-exec-1] c.i.E.service.DemoUserService            : Successfully loaded user details for username: 'Rajesh'
2026-03-16T01:32:40.016+05:30 DEBUG 20236 --- [E_Commerce_Backend_System] [http-nio-8080-exec-2] c.i.E.service.DemoUserService            : Attempting to load user details for username: 'Rajesh'
2026-03-16T01:32:40.019+05:30 DEBUG 20236 --- [E_Commerce_Backend_System] [http-nio-8080-exec-4] c.i.E.service.DemoUserService            : Attempting to load user details for username: 'Rajesh'
2026-03-16T01:32:40.019+05:30 DEBUG 20236 --- [E_Commerce_Backend_System] [http-nio-8080-exec-5] c.i.E.service.DemoUserService            : Attempting to load user details for username: 'Rajesh'
2026-03-16T01:32:40.022+05:30 DEBUG 20236 --- [E_Commerce_Backend_System] [http-nio-8080-exec-3] c.i.E.service.DemoUserService            : Attempting to load user details for username: 'Rajesh'
2026-03-16T01:32:40.025+05:30 DEBUG 20236 --- [E_Commerce_Backend_System] [http-nio-8080-exec-4] c.i.E.service.DemoUserService            : Successfully loaded user details for username: 'Rajesh'
2026-03-16T01:32:40.026+05:30 DEBUG 20236 --- [E_Commerce_Backend_System] [http-nio-8080-exec-2] c.i.E.service.DemoUserService            : Successfully loaded user details for username: 'Rajesh'
2026-03-16T01:32:40.026+05:30 DEBUG 20236 --- [E_Commerce_Backend_System] [http-nio-8080-exec-5] c.i.E.service.DemoUserService            : Successfully loaded user details for username: 'Rajesh'
2026-03-16T01:32:40.028+05:30 DEBUG 20236 --- [E_Commerce_Backend_System] [http-nio-8080-exec-8] c.i.E.service.DemoUserService            : Attempting to load user details for username: 'Rajesh'
2026-03-16T01:32:40.028+05:30 DEBUG 20236 --- [E_Commerce_Backend_System] [http-nio-8080-exec-3] c.i.E.service.DemoUserService            : Successfully loaded user details for username: 'Rajesh'
2026-03-16T01:32:40.032+05:30 DEBUG 20236 --- [E_Commerce_Backend_System] [http-nio-8080-exec-8] c.i.E.service.DemoUserService            : Successfully loaded user details for username: 'Rajesh'
2026-03-16T01:32:40.649+05:30 DEBUG 20236 --- [E_Commerce_Backend_System] [http-nio-8080-exec-6] c.i.E.service.DemoUserService            : Attempting to load user details for username: 'Rajesh'
2026-03-16T01:32:40.662+05:30 DEBUG 20236 --- [E_Commerce_Backend_System] [http-nio-8080-exec-7] c.i.E.service.DemoUserService            : Attempting to load user details for username: 'Rajesh'
2026-03-16T01:32:40.665+05:30 DEBUG 20236 --- [E_Commerce_Backend_System] [http-nio-8080-exec-6] c.i.E.service.DemoUserService            : Successfully loaded user details for username: 'Rajesh'
2026-03-16T01:32:40.674+05:30 DEBUG 20236 --- [E_Commerce_Backend_System] [http-nio-8080-exec-7] c.i.E.service.DemoUserService            : Successfully loaded user details for username: 'Rajesh'
2026-03-16T01:32:41.277+05:30 DEBUG 20236 --- [E_Commerce_Backend_System] [http-nio-8080-exec-10] c.i.E.service.DemoUserService            : Attempting to load user details for username: 'Rajesh'
2026-03-16T01:32:41.283+05:30 DEBUG 20236 --- [E_Commerce_Backend_System] [http-nio-8080-exec-10] c.i.E.service.DemoUserService            : Successfully loaded user details for username: 'Rajesh'
2026-03-16T01:32:42.712+05:30  INFO 20236 --- [E_Commerce_Backend_System] [http-nio-8080-exec-10] o.springdoc.api.AbstractOpenApiResource  : Init duration for springdoc-openapi is: 879 ms
2026-03-16T01:33:44.387+05:30 DEBUG 20236 --- [E_Commerce_Backend_System] [http-nio-8080-exec-5] c.i.E.service.DemoUserService            : Attempting to load user details for username: 'Rajesh'
2026-03-16T01:33:44.395+05:30 DEBUG 20236 --- [E_Commerce_Backend_System] [http-nio-8080-exec-5] c.i.E.service.DemoUserService            : Successfully loaded user details for username: 'Rajesh'
2026-03-16T01:33:44.995+05:30  INFO 20236 --- [E_Commerce_Backend_System] [http-nio-8080-exec-5] c.i.E.controller.UserController          : Received request to fetch all users.
2026-03-16T01:33:44.996+05:30 DEBUG 20236 --- [E_Commerce_Backend_System] [http-nio-8080-exec-5] c.i.E.service.UserService                : Attempting to fetch all users from the database.
2026-03-16T01:33:45.180+05:30 DEBUG 20236 --- [E_Commerce_Backend_System] [http-nio-8080-exec-5] c.i.E.service.UserService                : Successfully fetched and mapped 7 users.
2026-03-16T01:33:45.180+05:30  INFO 20236 --- [E_Commerce_Backend_System] [http-nio-8080-exec-5] c.i.E.controller.UserController          : Successfully fetched 7 users.
2026-03-16T01:38:36.490+05:30  INFO 20236 --- [E_Commerce_Backend_System] [RMI TCP Connection(9)-127.0.0.1] inMXBeanRegistrar$SpringApplicationAdmin : Application shutdown requested.
2026-03-16T01:38:36.494+05:30  INFO 20236 --- [E_Commerce_Backend_System] [RMI TCP Connection(9)-127.0.0.1] o.s.boot.tomcat.GracefulShutdown         : Commencing graceful shutdown. Waiting for active requests to complete
2026-03-16T01:38:36.504+05:30  INFO 20236 --- [E_Commerce_Backend_System] [tomcat-shutdown] o.s.boot.tomcat.GracefulShutdown         : Graceful shutdown complete
2026-03-16T01:38:36.509+05:30  INFO 20236 --- [E_Commerce_Backend_System] [RMI TCP Connection(9)-127.0.0.1] j.LocalContainerEntityManagerFactoryBean : Closing JPA EntityManagerFactory for persistence unit 'default'
2026-03-16T01:38:36.512+05:30  INFO 20236 --- [E_Commerce_Backend_System] [RMI TCP Connection(9)-127.0.0.1] com.zaxxer.hikari.HikariDataSource       : ECommerceBackendSystemApplication - Shutdown initiated...
2026-03-16T01:38:36.518+05:30  INFO 20236 --- [E_Commerce_Backend_System] [RMI TCP Connection(9)-127.0.0.1] com.zaxxer.hikari.HikariDataSource       : ECommerceBackendSystemApplication - Shutdown completed.
2026-03-16T01:38:38.460+05:30  INFO 17572 --- [E_Commerce_Backend_System] [main] c.i.E.ECommerceBackendSystemApplication  : Starting ECommerceBackendSystemApplication using Java 21.0.9 with PID 17572 (D:\JAVA-PROGRAMMING\ProductionJava\E_Commerce_Backend_System\target\classes started by rkjra in D:\JAVA-PROGRAMMING\ProductionJava\E_Commerce_Backend_System)
2026-03-16T01:38:38.463+05:30  INFO 17572 --- [E_Commerce_Backend_System] [main] c.i.E.ECommerceBackendSystemApplication  : No active profile set, falling back to 1 default profile: "default"
2026-03-16T01:38:39.155+05:30  INFO 17572 --- [E_Commerce_Backend_System] [main] .s.d.r.c.RepositoryConfigurationDelegate : Bootstrapping Spring Data JPA repositories in DEFAULT mode.
2026-03-16T01:38:39.208+05:30  INFO 17572 --- [E_Commerce_Backend_System] [main] .s.d.r.c.RepositoryConfigurationDelegate : Finished Spring Data repository scanning in 46 ms. Found 6 JPA repository interfaces.
2026-03-16T01:38:39.678+05:30  INFO 17572 --- [E_Commerce_Backend_System] [main] o.s.boot.tomcat.TomcatWebServer          : Tomcat initialized with port 8080 (http)
2026-03-16T01:38:39.690+05:30  INFO 17572 --- [E_Commerce_Backend_System] [main] o.apache.catalina.core.StandardService   : Starting service [Tomcat]
2026-03-16T01:38:39.690+05:30  INFO 17572 --- [E_Commerce_Backend_System] [main] o.apache.catalina.core.StandardEngine    : Starting Servlet engine: [Apache Tomcat/11.0.18]
2026-03-16T01:38:39.738+05:30  INFO 17572 --- [E_Commerce_Backend_System] [main] b.w.c.s.WebApplicationContextInitializer : Root WebApplicationContext: initialization completed in 1234 ms
2026-03-16T01:38:39.864+05:30  INFO 17572 --- [E_Commerce_Backend_System] [main] org.hibernate.orm.jpa                    : HHH008540: Processing PersistenceUnitInfo [name: default]
2026-03-16T01:38:39.901+05:30  INFO 17572 --- [E_Commerce_Backend_System] [main] org.hibernate.orm.core                   : HHH000001: Hibernate ORM core version 7.2.4.Final
2026-03-16T01:38:40.247+05:30  INFO 17572 --- [E_Commerce_Backend_System] [main] o.s.o.j.p.SpringPersistenceUnitInfo      : No LoadTimeWeaver setup: ignoring JPA class transformer
2026-03-16T01:38:40.273+05:30  INFO 17572 --- [E_Commerce_Backend_System] [main] com.zaxxer.hikari.HikariDataSource       : ECommerceBackendSystemApplication - Starting...
2026-03-16T01:38:40.572+05:30  INFO 17572 --- [E_Commerce_Backend_System] [main] com.zaxxer.hikari.pool.HikariPool        : ECommerceBackendSystemApplication - Added connection com.mysql.cj.jdbc.ConnectionImpl@3d50a3d9
2026-03-16T01:38:40.573+05:30  INFO 17572 --- [E_Commerce_Backend_System] [main] com.zaxxer.hikari.HikariDataSource       : ECommerceBackendSystemApplication - Start completed.
2026-03-16T01:38:40.624+05:30  WARN 17572 --- [E_Commerce_Backend_System] [main] org.hibernate.orm.deprecation            : HHH90000025: MySQLDialect does not need to be specified explicitly using 'hibernate.dialect' (remove the property setting and it will be selected by default)
2026-03-16T01:38:40.639+05:30  INFO 17572 --- [E_Commerce_Backend_System] [main] org.hibernate.orm.connections.pooling    : HHH10001005: Database info:
	Database JDBC URL [jdbc:mysql://localhost:3306/inctureECommerceDatabase]
	Database driver: MySQL Connector/J
	Database dialect: MySQLDialect
	Database version: 8.0.34
	Default catalog/schema: inctureECommerceDatabase/undefined
	Autocommit mode: undefined/unknown
	Isolation level: REPEATABLE_READ [default REPEATABLE_READ]
	JDBC fetch size: none
	Pool: DataSourceConnectionProvider
	Minimum pool size: undefined/unknown
	Maximum pool size: undefined/unknown
2026-03-16T01:38:41.485+05:30  INFO 17572 --- [E_Commerce_Backend_System] [main] org.hibernate.orm.core                   : HHH000489: No JTA platform available (set 'hibernate.transaction.jta.platform' to enable JTA platform integration)
2026-03-16T01:38:41.559+05:30  INFO 17572 --- [E_Commerce_Backend_System] [main] j.LocalContainerEntityManagerFactoryBean : Initialized JPA EntityManagerFactory for persistence unit 'default'
2026-03-16T01:38:41.620+05:30  INFO 17572 --- [E_Commerce_Backend_System] [main] o.s.d.j.r.query.QueryEnhancerFactories   : Hibernate is in classpath; If applicable, HQL parser will be used.
2026-03-16T01:38:42.666+05:30  INFO 17572 --- [E_Commerce_Backend_System] [main] eAuthenticationProviderManagerConfigurer : Global AuthenticationManager configured with AuthenticationProvider bean with name authenticationProvider
2026-03-16T01:38:42.666+05:30  WARN 17572 --- [E_Commerce_Backend_System] [main] r$InitializeUserDetailsManagerConfigurer : Global AuthenticationManager configured with an AuthenticationProvider bean. UserDetailsService beans will not be used by Spring Security for automatically configuring username/password login. Consider removing the AuthenticationProvider bean. Alternatively, consider using the UserDetailsService in a manually instantiated DaoAuthenticationProvider. If the current configuration is intentional, to turn off this warning, increase the logging level of 'org.springframework.security.config.annotation.authentication.configuration.InitializeUserDetailsBeanManagerConfigurer' to ERROR
2026-03-16T01:38:42.895+05:30  WARN 17572 --- [E_Commerce_Backend_System] [main] JpaBaseConfiguration$JpaWebConfiguration : spring.jpa.open-in-view is enabled by default. Therefore, database queries may be performed during view rendering. Explicitly configure spring.jpa.open-in-view to disable this warning
2026-03-16T01:38:43.495+05:30  INFO 17572 --- [E_Commerce_Backend_System] [main] o.s.v.b.OptionalValidatorFactoryBean     : Failed to set up a Bean Validation provider: jakarta.validation.NoProviderFoundException: Unable to create a Configuration, because no Jakarta Validation provider could be found. Add a provider like Hibernate Validator (RI) to your classpath.
2026-03-16T01:38:44.357+05:30  INFO 17572 --- [E_Commerce_Backend_System] [main] o.s.boot.tomcat.TomcatWebServer          : Tomcat started on port 8080 (http) with context path '/'
2026-03-16T01:38:44.376+05:30  INFO 17572 --- [E_Commerce_Backend_System] [main] c.i.E.ECommerceBackendSystemApplication  : Started ECommerceBackendSystemApplication in 6.25 seconds (process running for 6.873)
2026-03-16T01:38:44.610+05:30  INFO 17572 --- [E_Commerce_Backend_System] [http-nio-8080-exec-1] o.a.c.c.C.[Tomcat].[localhost].[/]       : Initializing Spring DispatcherServlet 'dispatcherServlet'
2026-03-16T01:38:44.611+05:30  INFO 17572 --- [E_Commerce_Backend_System] [http-nio-8080-exec-1] o.s.web.servlet.DispatcherServlet        : Initializing Servlet 'dispatcherServlet'
2026-03-16T01:38:44.613+05:30  INFO 17572 --- [E_Commerce_Backend_System] [http-nio-8080-exec-1] o.s.web.servlet.DispatcherServlet        : Completed initialization in 2 ms
2026-03-16T01:38:45.154+05:30 DEBUG 17572 --- [E_Commerce_Backend_System] [http-nio-8080-exec-1] c.i.E.service.DemoUserService            : Attempting to load user details for username: 'Rajesh'
2026-03-16T01:38:45.397+05:30 DEBUG 17572 --- [E_Commerce_Backend_System] [http-nio-8080-exec-1] c.i.E.service.DemoUserService            : Successfully loaded user details for username: 'Rajesh'
2026-03-16T01:38:46.106+05:30 DEBUG 17572 --- [E_Commerce_Backend_System] [http-nio-8080-exec-2] c.i.E.service.DemoUserService            : Attempting to load user details for username: 'Rajesh'
2026-03-16T01:38:46.113+05:30 DEBUG 17572 --- [E_Commerce_Backend_System] [http-nio-8080-exec-4] c.i.E.service.DemoUserService            : Attempting to load user details for username: 'Rajesh'
2026-03-16T01:38:46.113+05:30 DEBUG 17572 --- [E_Commerce_Backend_System] [http-nio-8080-exec-3] c.i.E.service.DemoUserService            : Attempting to load user details for username: 'Rajesh'
2026-03-16T01:38:46.113+05:30 DEBUG 17572 --- [E_Commerce_Backend_System] [http-nio-8080-exec-5] c.i.E.service.DemoUserService            : Attempting to load user details for username: 'Rajesh'
2026-03-16T01:38:46.118+05:30 DEBUG 17572 --- [E_Commerce_Backend_System] [http-nio-8080-exec-6] c.i.E.service.DemoUserService            : Attempting to load user details for username: 'Rajesh'
2026-03-16T01:38:46.118+05:30 DEBUG 17572 --- [E_Commerce_Backend_System] [http-nio-8080-exec-2] c.i.E.service.DemoUserService            : Successfully loaded user details for username: 'Rajesh'
2026-03-16T01:38:46.119+05:30 DEBUG 17572 --- [E_Commerce_Backend_System] [http-nio-8080-exec-3] c.i.E.service.DemoUserService            : Successfully loaded user details for username: 'Rajesh'
2026-03-16T01:38:46.119+05:30 DEBUG 17572 --- [E_Commerce_Backend_System] [http-nio-8080-exec-4] c.i.E.service.DemoUserService            : Successfully loaded user details for username: 'Rajesh'
2026-03-16T01:38:46.119+05:30 DEBUG 17572 --- [E_Commerce_Backend_System] [http-nio-8080-exec-5] c.i.E.service.DemoUserService            : Successfully loaded user details for username: 'Rajesh'
2026-03-16T01:38:46.123+05:30 DEBUG 17572 --- [E_Commerce_Backend_System] [http-nio-8080-exec-6] c.i.E.service.DemoUserService            : Successfully loaded user details for username: 'Rajesh'
2026-03-16T01:38:46.999+05:30 DEBUG 17572 --- [E_Commerce_Backend_System] [http-nio-8080-exec-7] c.i.E.service.DemoUserService            : Attempting to load user details for username: 'Rajesh'
2026-03-16T01:38:47.012+05:30 DEBUG 17572 --- [E_Commerce_Backend_System] [http-nio-8080-exec-8] c.i.E.service.DemoUserService            : Attempting to load user details for username: 'Rajesh'
2026-03-16T01:38:47.013+05:30 DEBUG 17572 --- [E_Commerce_Backend_System] [http-nio-8080-exec-7] c.i.E.service.DemoUserService            : Successfully loaded user details for username: 'Rajesh'
2026-03-16T01:38:47.023+05:30 DEBUG 17572 --- [E_Commerce_Backend_System] [http-nio-8080-exec-8] c.i.E.service.DemoUserService            : Successfully loaded user details for username: 'Rajesh'
2026-03-16T01:38:47.813+05:30 DEBUG 17572 --- [E_Commerce_Backend_System] [http-nio-8080-exec-9] c.i.E.service.DemoUserService            : Attempting to load user details for username: 'Rajesh'
2026-03-16T01:38:47.820+05:30 DEBUG 17572 --- [E_Commerce_Backend_System] [http-nio-8080-exec-9] c.i.E.service.DemoUserService            : Successfully loaded user details for username: 'Rajesh'
2026-03-16T01:38:49.266+05:30  INFO 17572 --- [E_Commerce_Backend_System] [http-nio-8080-exec-9] o.springdoc.api.AbstractOpenApiResource  : Init duration for springdoc-openapi is: 889 ms
2026-03-16T01:39:23.942+05:30  INFO 17572 --- [E_Commerce_Backend_System] [RMI TCP Connection(3)-127.0.0.1] inMXBeanRegistrar$SpringApplicationAdmin : Application shutdown requested.
2026-03-16T01:39:23.946+05:30  INFO 17572 --- [E_Commerce_Backend_System] [RMI TCP Connection(3)-127.0.0.1] o.s.boot.tomcat.GracefulShutdown         : Commencing graceful shutdown. Waiting for active requests to complete
2026-03-16T01:39:23.953+05:30  INFO 17572 --- [E_Commerce_Backend_System] [tomcat-shutdown] o.s.boot.tomcat.GracefulShutdown         : Graceful shutdown complete
2026-03-16T01:39:23.959+05:30  INFO 17572 --- [E_Commerce_Backend_System] [RMI TCP Connection(3)-127.0.0.1] j.LocalContainerEntityManagerFactoryBean : Closing JPA EntityManagerFactory for persistence unit 'default'
2026-03-16T01:39:23.961+05:30  INFO 17572 --- [E_Commerce_Backend_System] [RMI TCP Connection(3)-127.0.0.1] com.zaxxer.hikari.HikariDataSource       : ECommerceBackendSystemApplication - Shutdown initiated...
2026-03-16T01:39:23.970+05:30  INFO 17572 --- [E_Commerce_Backend_System] [RMI TCP Connection(3)-127.0.0.1] com.zaxxer.hikari.HikariDataSource       : ECommerceBackendSystemApplication - Shutdown completed.
2026-03-16T01:41:49.845+05:30  INFO 21260 --- [E_Commerce_Backend_System] [main] c.i.E.ECommerceBackendSystemApplication  : Starting ECommerceBackendSystemApplication using Java 21.0.9 with PID 21260 (D:\JAVA-PROGRAMMING\ProductionJava\E_Commerce_Backend_System\target\classes started by rkjra in D:\JAVA-PROGRAMMING\ProductionJava\E_Commerce_Backend_System)
2026-03-16T01:41:49.848+05:30  INFO 21260 --- [E_Commerce_Backend_System] [main] c.i.E.ECommerceBackendSystemApplication  : No active profile set, falling back to 1 default profile: "default"
2026-03-16T01:41:50.582+05:30  INFO 21260 --- [E_Commerce_Backend_System] [main] .s.d.r.c.RepositoryConfigurationDelegate : Bootstrapping Spring Data JPA repositories in DEFAULT mode.
2026-03-16T01:41:50.635+05:30  INFO 21260 --- [E_Commerce_Backend_System] [main] .s.d.r.c.RepositoryConfigurationDelegate : Finished Spring Data repository scanning in 46 ms. Found 6 JPA repository interfaces.
2026-03-16T01:41:51.112+05:30  INFO 21260 --- [E_Commerce_Backend_System] [main] o.s.boot.tomcat.TomcatWebServer          : Tomcat initialized with port 8080 (http)
2026-03-16T01:41:51.123+05:30  INFO 21260 --- [E_Commerce_Backend_System] [main] o.apache.catalina.core.StandardService   : Starting service [Tomcat]
2026-03-16T01:41:51.124+05:30  INFO 21260 --- [E_Commerce_Backend_System] [main] o.apache.catalina.core.StandardEngine    : Starting Servlet engine: [Apache Tomcat/11.0.18]
2026-03-16T01:41:51.170+05:30  INFO 21260 --- [E_Commerce_Backend_System] [main] b.w.c.s.WebApplicationContextInitializer : Root WebApplicationContext: initialization completed in 1271 ms
2026-03-16T01:41:51.295+05:30  INFO 21260 --- [E_Commerce_Backend_System] [main] org.hibernate.orm.jpa                    : HHH008540: Processing PersistenceUnitInfo [name: default]
2026-03-16T01:41:51.332+05:30  INFO 21260 --- [E_Commerce_Backend_System] [main] org.hibernate.orm.core                   : HHH000001: Hibernate ORM core version 7.2.4.Final
2026-03-16T01:41:51.674+05:30  INFO 21260 --- [E_Commerce_Backend_System] [main] o.s.o.j.p.SpringPersistenceUnitInfo      : No LoadTimeWeaver setup: ignoring JPA class transformer
2026-03-16T01:41:51.700+05:30  INFO 21260 --- [E_Commerce_Backend_System] [main] com.zaxxer.hikari.HikariDataSource       : ECommerceBackendSystemApplication - Starting...
2026-03-16T01:41:52.009+05:30  INFO 21260 --- [E_Commerce_Backend_System] [main] com.zaxxer.hikari.pool.HikariPool        : ECommerceBackendSystemApplication - Added connection com.mysql.cj.jdbc.ConnectionImpl@1cfd6f63
2026-03-16T01:41:52.010+05:30  INFO 21260 --- [E_Commerce_Backend_System] [main] com.zaxxer.hikari.HikariDataSource       : ECommerceBackendSystemApplication - Start completed.
2026-03-16T01:41:52.059+05:30  WARN 21260 --- [E_Commerce_Backend_System] [main] org.hibernate.orm.deprecation            : HHH90000025: MySQLDialect does not need to be specified explicitly using 'hibernate.dialect' (remove the property setting and it will be selected by default)
2026-03-16T01:41:52.077+05:30  INFO 21260 --- [E_Commerce_Backend_System] [main] org.hibernate.orm.connections.pooling    : HHH10001005: Database info:
	Database JDBC URL [jdbc:mysql://localhost:3306/inctureECommerceDatabase]
	Database driver: MySQL Connector/J
	Database dialect: MySQLDialect
	Database version: 8.0.34
	Default catalog/schema: inctureECommerceDatabase/undefined
	Autocommit mode: undefined/unknown
	Isolation level: REPEATABLE_READ [default REPEATABLE_READ]
	JDBC fetch size: none
	Pool: DataSourceConnectionProvider
	Minimum pool size: undefined/unknown
	Maximum pool size: undefined/unknown
2026-03-16T01:41:52.899+05:30  INFO 21260 --- [E_Commerce_Backend_System] [main] org.hibernate.orm.core                   : HHH000489: No JTA platform available (set 'hibernate.transaction.jta.platform' to enable JTA platform integration)
2026-03-16T01:41:52.985+05:30  INFO 21260 --- [E_Commerce_Backend_System] [main] j.LocalContainerEntityManagerFactoryBean : Initialized JPA EntityManagerFactory for persistence unit 'default'
2026-03-16T01:41:53.053+05:30  INFO 21260 --- [E_Commerce_Backend_System] [main] o.s.d.j.r.query.QueryEnhancerFactories   : Hibernate is in classpath; If applicable, HQL parser will be used.
2026-03-16T01:41:53.947+05:30  INFO 21260 --- [E_Commerce_Backend_System] [main] eAuthenticationProviderManagerConfigurer : Global AuthenticationManager configured with AuthenticationProvider bean with name authenticationProvider
2026-03-16T01:41:53.948+05:30  WARN 21260 --- [E_Commerce_Backend_System] [main] r$InitializeUserDetailsManagerConfigurer : Global AuthenticationManager configured with an AuthenticationProvider bean. UserDetailsService beans will not be used by Spring Security for automatically configuring username/password login. Consider removing the AuthenticationProvider bean. Alternatively, consider using the UserDetailsService in a manually instantiated DaoAuthenticationProvider. If the current configuration is intentional, to turn off this warning, increase the logging level of 'org.springframework.security.config.annotation.authentication.configuration.InitializeUserDetailsBeanManagerConfigurer' to ERROR
2026-03-16T01:41:54.108+05:30  WARN 21260 --- [E_Commerce_Backend_System] [main] JpaBaseConfiguration$JpaWebConfiguration : spring.jpa.open-in-view is enabled by default. Therefore, database queries may be performed during view rendering. Explicitly configure spring.jpa.open-in-view to disable this warning
2026-03-16T01:41:54.393+05:30  INFO 21260 --- [E_Commerce_Backend_System] [main] o.s.v.b.OptionalValidatorFactoryBean     : Failed to set up a Bean Validation provider: jakarta.validation.NoProviderFoundException: Unable to create a Configuration, because no Jakarta Validation provider could be found. Add a provider like Hibernate Validator (RI) to your classpath.
2026-03-16T01:41:54.775+05:30  INFO 21260 --- [E_Commerce_Backend_System] [main] o.s.boot.tomcat.TomcatWebServer          : Tomcat started on port 8080 (http) with context path '/'
2026-03-16T01:41:54.780+05:30  INFO 21260 --- [E_Commerce_Backend_System] [main] c.i.E.ECommerceBackendSystemApplication  : Started ECommerceBackendSystemApplication in 5.289 seconds (process running for 5.87)
2026-03-16T01:42:19.789+05:30  INFO 21260 --- [E_Commerce_Backend_System] [http-nio-8080-exec-1] o.a.c.c.C.[Tomcat].[localhost].[/]       : Initializing Spring DispatcherServlet 'dispatcherServlet'
2026-03-16T01:42:19.790+05:30  INFO 21260 --- [E_Commerce_Backend_System] [http-nio-8080-exec-1] o.s.web.servlet.DispatcherServlet        : Initializing Servlet 'dispatcherServlet'
2026-03-16T01:42:19.793+05:30  INFO 21260 --- [E_Commerce_Backend_System] [http-nio-8080-exec-1] o.s.web.servlet.DispatcherServlet        : Completed initialization in 3 ms
2026-03-16T01:42:20.407+05:30 DEBUG 21260 --- [E_Commerce_Backend_System] [http-nio-8080-exec-1] c.i.E.service.DemoUserService            : Attempting to load user details for username: 'Rajesh'
2026-03-16T01:42:20.672+05:30 DEBUG 21260 --- [E_Commerce_Backend_System] [http-nio-8080-exec-1] c.i.E.service.DemoUserService            : Successfully loaded user details for username: 'Rajesh'
2026-03-16T01:42:21.499+05:30 DEBUG 21260 --- [E_Commerce_Backend_System] [http-nio-8080-exec-3] c.i.E.service.DemoUserService            : Attempting to load user details for username: 'Rajesh'
2026-03-16T01:42:21.506+05:30 DEBUG 21260 --- [E_Commerce_Backend_System] [http-nio-8080-exec-4] c.i.E.service.DemoUserService            : Attempting to load user details for username: 'Rajesh'
2026-03-16T01:42:21.507+05:30 DEBUG 21260 --- [E_Commerce_Backend_System] [http-nio-8080-exec-5] c.i.E.service.DemoUserService            : Attempting to load user details for username: 'Rajesh'
2026-03-16T01:42:21.506+05:30 DEBUG 21260 --- [E_Commerce_Backend_System] [http-nio-8080-exec-6] c.i.E.service.DemoUserService            : Attempting to load user details for username: 'Rajesh'
2026-03-16T01:42:21.506+05:30 DEBUG 21260 --- [E_Commerce_Backend_System] [http-nio-8080-exec-2] c.i.E.service.DemoUserService            : Attempting to load user details for username: 'Rajesh'
2026-03-16T01:42:21.510+05:30 DEBUG 21260 --- [E_Commerce_Backend_System] [http-nio-8080-exec-3] c.i.E.service.DemoUserService            : Successfully loaded user details for username: 'Rajesh'
2026-03-16T01:42:21.512+05:30 DEBUG 21260 --- [E_Commerce_Backend_System] [http-nio-8080-exec-2] c.i.E.service.DemoUserService            : Successfully loaded user details for username: 'Rajesh'
2026-03-16T01:42:21.512+05:30 DEBUG 21260 --- [E_Commerce_Backend_System] [http-nio-8080-exec-5] c.i.E.service.DemoUserService            : Successfully loaded user details for username: 'Rajesh'
2026-03-16T01:42:21.512+05:30 DEBUG 21260 --- [E_Commerce_Backend_System] [http-nio-8080-exec-4] c.i.E.service.DemoUserService            : Successfully loaded user details for username: 'Rajesh'
2026-03-16T01:42:21.514+05:30 DEBUG 21260 --- [E_Commerce_Backend_System] [http-nio-8080-exec-6] c.i.E.service.DemoUserService            : Successfully loaded user details for username: 'Rajesh'
2026-03-16T01:42:22.159+05:30 DEBUG 21260 --- [E_Commerce_Backend_System] [http-nio-8080-exec-8] c.i.E.service.DemoUserService            : Attempting to load user details for username: 'Rajesh'
2026-03-16T01:42:22.167+05:30 DEBUG 21260 --- [E_Commerce_Backend_System] [http-nio-8080-exec-7] c.i.E.service.DemoUserService            : Attempting to load user details for username: 'Rajesh'
2026-03-16T01:42:22.175+05:30 DEBUG 21260 --- [E_Commerce_Backend_System] [http-nio-8080-exec-8] c.i.E.service.DemoUserService            : Successfully loaded user details for username: 'Rajesh'
2026-03-16T01:42:22.176+05:30 DEBUG 21260 --- [E_Commerce_Backend_System] [http-nio-8080-exec-7] c.i.E.service.DemoUserService            : Successfully loaded user details for username: 'Rajesh'
2026-03-16T01:42:22.762+05:30 DEBUG 21260 --- [E_Commerce_Backend_System] [http-nio-8080-exec-9] c.i.E.service.DemoUserService            : Attempting to load user details for username: 'Rajesh'
2026-03-16T01:42:22.772+05:30 DEBUG 21260 --- [E_Commerce_Backend_System] [http-nio-8080-exec-9] c.i.E.service.DemoUserService            : Successfully loaded user details for username: 'Rajesh'
2026-03-16T01:42:24.185+05:30  INFO 21260 --- [E_Commerce_Backend_System] [http-nio-8080-exec-9] o.springdoc.api.AbstractOpenApiResource  : Init duration for springdoc-openapi is: 864 ms
2026-03-16T01:43:31.243+05:30  INFO 21260 --- [E_Commerce_Backend_System] [RMI TCP Connection(5)-127.0.0.1] inMXBeanRegistrar$SpringApplicationAdmin : Application shutdown requested.
2026-03-16T01:43:31.247+05:30  INFO 21260 --- [E_Commerce_Backend_System] [RMI TCP Connection(5)-127.0.0.1] o.s.boot.tomcat.GracefulShutdown         : Commencing graceful shutdown. Waiting for active requests to complete
2026-03-16T01:43:31.255+05:30  INFO 21260 --- [E_Commerce_Backend_System] [tomcat-shutdown] o.s.boot.tomcat.GracefulShutdown         : Graceful shutdown complete
2026-03-16T01:43:31.260+05:30  INFO 21260 --- [E_Commerce_Backend_System] [RMI TCP Connection(5)-127.0.0.1] j.LocalContainerEntityManagerFactoryBean : Closing JPA EntityManagerFactory for persistence unit 'default'
2026-03-16T01:43:31.262+05:30  INFO 21260 --- [E_Commerce_Backend_System] [RMI TCP Connection(5)-127.0.0.1] com.zaxxer.hikari.HikariDataSource       : ECommerceBackendSystemApplication - Shutdown initiated...
2026-03-16T01:43:31.272+05:30  INFO 21260 --- [E_Commerce_Backend_System] [RMI TCP Connection(5)-127.0.0.1] com.zaxxer.hikari.HikariDataSource       : ECommerceBackendSystemApplication - Shutdown completed.
2026-03-16T01:43:33.277+05:30  INFO 100 --- [E_Commerce_Backend_System] [main] c.i.E.ECommerceBackendSystemApplication  : Starting ECommerceBackendSystemApplication using Java 21.0.9 with PID 100 (D:\JAVA-PROGRAMMING\ProductionJava\E_Commerce_Backend_System\target\classes started by rkjra in D:\JAVA-PROGRAMMING\ProductionJava\E_Commerce_Backend_System)
2026-03-16T01:43:33.279+05:30  INFO 100 --- [E_Commerce_Backend_System] [main] c.i.E.ECommerceBackendSystemApplication  : No active profile set, falling back to 1 default profile: "default"
2026-03-16T01:43:33.972+05:30  INFO 100 --- [E_Commerce_Backend_System] [main] .s.d.r.c.RepositoryConfigurationDelegate : Bootstrapping Spring Data JPA repositories in DEFAULT mode.
2026-03-16T01:43:34.029+05:30  INFO 100 --- [E_Commerce_Backend_System] [main] .s.d.r.c.RepositoryConfigurationDelegate : Finished Spring Data repository scanning in 50 ms. Found 6 JPA repository interfaces.
2026-03-16T01:43:34.488+05:30  INFO 100 --- [E_Commerce_Backend_System] [main] o.s.boot.tomcat.TomcatWebServer          : Tomcat initialized with port 8080 (http)
2026-03-16T01:43:34.499+05:30  INFO 100 --- [E_Commerce_Backend_System] [main] o.apache.catalina.core.StandardService   : Starting service [Tomcat]
2026-03-16T01:43:34.499+05:30  INFO 100 --- [E_Commerce_Backend_System] [main] o.apache.catalina.core.StandardEngine    : Starting Servlet engine: [Apache Tomcat/11.0.18]
2026-03-16T01:43:34.547+05:30  INFO 100 --- [E_Commerce_Backend_System] [main] b.w.c.s.WebApplicationContextInitializer : Root WebApplicationContext: initialization completed in 1229 ms
2026-03-16T01:43:34.670+05:30  INFO 100 --- [E_Commerce_Backend_System] [main] org.hibernate.orm.jpa                    : HHH008540: Processing PersistenceUnitInfo [name: default]
2026-03-16T01:43:34.705+05:30  INFO 100 --- [E_Commerce_Backend_System] [main] org.hibernate.orm.core                   : HHH000001: Hibernate ORM core version 7.2.4.Final
2026-03-16T01:43:35.039+05:30  INFO 100 --- [E_Commerce_Backend_System] [main] o.s.o.j.p.SpringPersistenceUnitInfo      : No LoadTimeWeaver setup: ignoring JPA class transformer
2026-03-16T01:43:35.064+05:30  INFO 100 --- [E_Commerce_Backend_System] [main] com.zaxxer.hikari.HikariDataSource       : ECommerceBackendSystemApplication - Starting...
2026-03-16T01:43:35.353+05:30  INFO 100 --- [E_Commerce_Backend_System] [main] com.zaxxer.hikari.pool.HikariPool        : ECommerceBackendSystemApplication - Added connection com.mysql.cj.jdbc.ConnectionImpl@5111f814
2026-03-16T01:43:35.355+05:30  INFO 100 --- [E_Commerce_Backend_System] [main] com.zaxxer.hikari.HikariDataSource       : ECommerceBackendSystemApplication - Start completed.
2026-03-16T01:43:35.399+05:30  WARN 100 --- [E_Commerce_Backend_System] [main] org.hibernate.orm.deprecation            : HHH90000025: MySQLDialect does not need to be specified explicitly using 'hibernate.dialect' (remove the property setting and it will be selected by default)
2026-03-16T01:43:35.414+05:30  INFO 100 --- [E_Commerce_Backend_System] [main] org.hibernate.orm.connections.pooling    : HHH10001005: Database info:
	Database JDBC URL [jdbc:mysql://localhost:3306/inctureECommerceDatabase]
	Database driver: MySQL Connector/J
	Database dialect: MySQLDialect
	Database version: 8.0.34
	Default catalog/schema: inctureECommerceDatabase/undefined
	Autocommit mode: undefined/unknown
	Isolation level: REPEATABLE_READ [default REPEATABLE_READ]
	JDBC fetch size: none
	Pool: DataSourceConnectionProvider
	Minimum pool size: undefined/unknown
	Maximum pool size: undefined/unknown
2026-03-16T01:43:36.235+05:30  INFO 100 --- [E_Commerce_Backend_System] [main] org.hibernate.orm.core                   : HHH000489: No JTA platform available (set 'hibernate.transaction.jta.platform' to enable JTA platform integration)
2026-03-16T01:43:36.315+05:30  INFO 100 --- [E_Commerce_Backend_System] [main] j.LocalContainerEntityManagerFactoryBean : Initialized JPA EntityManagerFactory for persistence unit 'default'
2026-03-16T01:43:36.375+05:30  INFO 100 --- [E_Commerce_Backend_System] [main] o.s.d.j.r.query.QueryEnhancerFactories   : Hibernate is in classpath; If applicable, HQL parser will be used.
2026-03-16T01:43:37.164+05:30  INFO 100 --- [E_Commerce_Backend_System] [main] eAuthenticationProviderManagerConfigurer : Global AuthenticationManager configured with AuthenticationProvider bean with name authenticationProvider
2026-03-16T01:43:37.165+05:30  WARN 100 --- [E_Commerce_Backend_System] [main] r$InitializeUserDetailsManagerConfigurer : Global AuthenticationManager configured with an AuthenticationProvider bean. UserDetailsService beans will not be used by Spring Security for automatically configuring username/password login. Consider removing the AuthenticationProvider bean. Alternatively, consider using the UserDetailsService in a manually instantiated DaoAuthenticationProvider. If the current configuration is intentional, to turn off this warning, increase the logging level of 'org.springframework.security.config.annotation.authentication.configuration.InitializeUserDetailsBeanManagerConfigurer' to ERROR
2026-03-16T01:43:37.309+05:30  WARN 100 --- [E_Commerce_Backend_System] [main] JpaBaseConfiguration$JpaWebConfiguration : spring.jpa.open-in-view is enabled by default. Therefore, database queries may be performed during view rendering. Explicitly configure spring.jpa.open-in-view to disable this warning
2026-03-16T01:43:37.579+05:30  INFO 100 --- [E_Commerce_Backend_System] [main] o.s.v.b.OptionalValidatorFactoryBean     : Failed to set up a Bean Validation provider: jakarta.validation.NoProviderFoundException: Unable to create a Configuration, because no Jakarta Validation provider could be found. Add a provider like Hibernate Validator (RI) to your classpath.
2026-03-16T01:43:37.946+05:30  INFO 100 --- [E_Commerce_Backend_System] [main] o.s.boot.tomcat.TomcatWebServer          : Tomcat started on port 8080 (http) with context path '/'
2026-03-16T01:43:37.952+05:30  INFO 100 --- [E_Commerce_Backend_System] [main] c.i.E.ECommerceBackendSystemApplication  : Started ECommerceBackendSystemApplication in 5.027 seconds (process running for 5.668)
2026-03-16T01:43:41.774+05:30  INFO 100 --- [E_Commerce_Backend_System] [http-nio-8080-exec-1] o.a.c.c.C.[Tomcat].[localhost].[/]       : Initializing Spring DispatcherServlet 'dispatcherServlet'
2026-03-16T01:43:41.775+05:30  INFO 100 --- [E_Commerce_Backend_System] [http-nio-8080-exec-1] o.s.web.servlet.DispatcherServlet        : Initializing Servlet 'dispatcherServlet'
2026-03-16T01:43:41.780+05:30  INFO 100 --- [E_Commerce_Backend_System] [http-nio-8080-exec-1] o.s.web.servlet.DispatcherServlet        : Completed initialization in 5 ms
2026-03-16T01:43:42.321+05:30 DEBUG 100 --- [E_Commerce_Backend_System] [http-nio-8080-exec-1] c.i.E.service.DemoUserService            : Attempting to load user details for username: 'Rajesh'
2026-03-16T01:43:42.517+05:30 DEBUG 100 --- [E_Commerce_Backend_System] [http-nio-8080-exec-1] c.i.E.service.DemoUserService            : Successfully loaded user details for username: 'Rajesh'
2026-03-16T01:43:43.249+05:30 DEBUG 100 --- [E_Commerce_Backend_System] [http-nio-8080-exec-3] c.i.E.service.DemoUserService            : Attempting to load user details for username: 'Rajesh'
2026-03-16T01:43:43.257+05:30 DEBUG 100 --- [E_Commerce_Backend_System] [http-nio-8080-exec-2] c.i.E.service.DemoUserService            : Attempting to load user details for username: 'Rajesh'
2026-03-16T01:43:43.257+05:30 DEBUG 100 --- [E_Commerce_Backend_System] [http-nio-8080-exec-5] c.i.E.service.DemoUserService            : Attempting to load user details for username: 'Rajesh'
2026-03-16T01:43:43.259+05:30 DEBUG 100 --- [E_Commerce_Backend_System] [http-nio-8080-exec-4] c.i.E.service.DemoUserService            : Attempting to load user details for username: 'Rajesh'
2026-03-16T01:43:43.260+05:30 DEBUG 100 --- [E_Commerce_Backend_System] [http-nio-8080-exec-3] c.i.E.service.DemoUserService            : Successfully loaded user details for username: 'Rajesh'
2026-03-16T01:43:43.263+05:30 DEBUG 100 --- [E_Commerce_Backend_System] [http-nio-8080-exec-2] c.i.E.service.DemoUserService            : Successfully loaded user details for username: 'Rajesh'
2026-03-16T01:43:43.263+05:30 DEBUG 100 --- [E_Commerce_Backend_System] [http-nio-8080-exec-5] c.i.E.service.DemoUserService            : Successfully loaded user details for username: 'Rajesh'
2026-03-16T01:43:43.266+05:30 DEBUG 100 --- [E_Commerce_Backend_System] [http-nio-8080-exec-4] c.i.E.service.DemoUserService            : Successfully loaded user details for username: 'Rajesh'
2026-03-16T01:43:44.042+05:30 DEBUG 100 --- [E_Commerce_Backend_System] [http-nio-8080-exec-6] c.i.E.service.DemoUserService            : Attempting to load user details for username: 'Rajesh'
2026-03-16T01:43:44.056+05:30 DEBUG 100 --- [E_Commerce_Backend_System] [http-nio-8080-exec-6] c.i.E.service.DemoUserService            : Successfully loaded user details for username: 'Rajesh'
2026-03-16T01:43:44.683+05:30 DEBUG 100 --- [E_Commerce_Backend_System] [http-nio-8080-exec-7] c.i.E.service.DemoUserService            : Attempting to load user details for username: 'Rajesh'
2026-03-16T01:43:44.690+05:30 DEBUG 100 --- [E_Commerce_Backend_System] [http-nio-8080-exec-7] c.i.E.service.DemoUserService            : Successfully loaded user details for username: 'Rajesh'
2026-03-16T01:43:46.141+05:30  INFO 100 --- [E_Commerce_Backend_System] [http-nio-8080-exec-7] o.springdoc.api.AbstractOpenApiResource  : Init duration for springdoc-openapi is: 949 ms
2026-03-16T01:46:10.570+05:30  INFO 100 --- [E_Commerce_Backend_System] [RMI TCP Connection(6)-127.0.0.1] inMXBeanRegistrar$SpringApplicationAdmin : Application shutdown requested.
2026-03-16T01:46:10.574+05:30  INFO 100 --- [E_Commerce_Backend_System] [RMI TCP Connection(6)-127.0.0.1] o.s.boot.tomcat.GracefulShutdown         : Commencing graceful shutdown. Waiting for active requests to complete
2026-03-16T01:46:10.581+05:30  INFO 100 --- [E_Commerce_Backend_System] [tomcat-shutdown] o.s.boot.tomcat.GracefulShutdown         : Graceful shutdown complete
2026-03-16T01:46:10.586+05:30  INFO 100 --- [E_Commerce_Backend_System] [RMI TCP Connection(6)-127.0.0.1] j.LocalContainerEntityManagerFactoryBean : Closing JPA EntityManagerFactory for persistence unit 'default'
2026-03-16T01:46:10.588+05:30  INFO 100 --- [E_Commerce_Backend_System] [RMI TCP Connection(6)-127.0.0.1] com.zaxxer.hikari.HikariDataSource       : ECommerceBackendSystemApplication - Shutdown initiated...
2026-03-16T01:46:10.597+05:30  INFO 100 --- [E_Commerce_Backend_System] [RMI TCP Connection(6)-127.0.0.1] com.zaxxer.hikari.HikariDataSource       : ECommerceBackendSystemApplication - Shutdown completed.
2026-03-16T01:53:20.916+05:30  INFO 8520 --- [E_Commerce_Backend_System] [main] c.i.E.ECommerceBackendSystemApplication  : Starting ECommerceBackendSystemApplication using Java 21.0.9 with PID 8520 (D:\JAVA-PROGRAMMING\ProductionJava\E_Commerce_Backend_System\target\classes started by rkjra in D:\JAVA-PROGRAMMING\ProductionJava\E_Commerce_Backend_System)
2026-03-16T01:53:20.919+05:30  INFO 8520 --- [E_Commerce_Backend_System] [main] c.i.E.ECommerceBackendSystemApplication  : No active profile set, falling back to 1 default profile: "default"
2026-03-16T01:53:21.916+05:30  INFO 8520 --- [E_Commerce_Backend_System] [main] .s.d.r.c.RepositoryConfigurationDelegate : Bootstrapping Spring Data JPA repositories in DEFAULT mode.
2026-03-16T01:53:22.020+05:30  INFO 8520 --- [E_Commerce_Backend_System] [main] .s.d.r.c.RepositoryConfigurationDelegate : Finished Spring Data repository scanning in 91 ms. Found 6 JPA repository interfaces.
2026-03-16T01:53:22.643+05:30  INFO 8520 --- [E_Commerce_Backend_System] [main] o.s.boot.tomcat.TomcatWebServer          : Tomcat initialized with port 8080 (http)
2026-03-16T01:53:22.657+05:30  INFO 8520 --- [E_Commerce_Backend_System] [main] o.apache.catalina.core.StandardService   : Starting service [Tomcat]
2026-03-16T01:53:22.657+05:30  INFO 8520 --- [E_Commerce_Backend_System] [main] o.apache.catalina.core.StandardEngine    : Starting Servlet engine: [Apache Tomcat/11.0.18]
2026-03-16T01:53:22.716+05:30  INFO 8520 --- [E_Commerce_Backend_System] [main] b.w.c.s.WebApplicationContextInitializer : Root WebApplicationContext: initialization completed in 1756 ms
2026-03-16T01:53:22.871+05:30  INFO 8520 --- [E_Commerce_Backend_System] [main] org.hibernate.orm.jpa                    : HHH008540: Processing PersistenceUnitInfo [name: default]
2026-03-16T01:53:22.959+05:30  INFO 8520 --- [E_Commerce_Backend_System] [main] org.hibernate.orm.core                   : HHH000001: Hibernate ORM core version 7.2.4.Final
2026-03-16T01:53:23.447+05:30  INFO 8520 --- [E_Commerce_Backend_System] [main] o.s.o.j.p.SpringPersistenceUnitInfo      : No LoadTimeWeaver setup: ignoring JPA class transformer
2026-03-16T01:53:23.490+05:30  INFO 8520 --- [E_Commerce_Backend_System] [main] com.zaxxer.hikari.HikariDataSource       : ECommerceBackendSystemApplication - Starting...
2026-03-16T01:53:23.860+05:30  INFO 8520 --- [E_Commerce_Backend_System] [main] com.zaxxer.hikari.pool.HikariPool        : ECommerceBackendSystemApplication - Added connection com.mysql.cj.jdbc.ConnectionImpl@4070c4ff
2026-03-16T01:53:23.862+05:30  INFO 8520 --- [E_Commerce_Backend_System] [main] com.zaxxer.hikari.HikariDataSource       : ECommerceBackendSystemApplication - Start completed.
2026-03-16T01:53:23.920+05:30  WARN 8520 --- [E_Commerce_Backend_System] [main] org.hibernate.orm.deprecation            : HHH90000025: MySQLDialect does not need to be specified explicitly using 'hibernate.dialect' (remove the property setting and it will be selected by default)
2026-03-16T01:53:23.940+05:30  INFO 8520 --- [E_Commerce_Backend_System] [main] org.hibernate.orm.connections.pooling    : HHH10001005: Database info:
	Database JDBC URL [jdbc:mysql://localhost:3306/inctureECommerceDatabase]
	Database driver: MySQL Connector/J
	Database dialect: MySQLDialect
	Database version: 8.0.34
	Default catalog/schema: inctureECommerceDatabase/undefined
	Autocommit mode: undefined/unknown
	Isolation level: REPEATABLE_READ [default REPEATABLE_READ]
	JDBC fetch size: none
	Pool: DataSourceConnectionProvider
	Minimum pool size: undefined/unknown
	Maximum pool size: undefined/unknown
2026-03-16T01:53:24.971+05:30  INFO 8520 --- [E_Commerce_Backend_System] [main] org.hibernate.orm.core                   : HHH000489: No JTA platform available (set 'hibernate.transaction.jta.platform' to enable JTA platform integration)
2026-03-16T01:53:25.057+05:30  INFO 8520 --- [E_Commerce_Backend_System] [main] j.LocalContainerEntityManagerFactoryBean : Initialized JPA EntityManagerFactory for persistence unit 'default'
2026-03-16T01:53:25.115+05:30  INFO 8520 --- [E_Commerce_Backend_System] [main] o.s.d.j.r.query.QueryEnhancerFactories   : Hibernate is in classpath; If applicable, HQL parser will be used.
2026-03-16T01:53:25.980+05:30  INFO 8520 --- [E_Commerce_Backend_System] [main] eAuthenticationProviderManagerConfigurer : Global AuthenticationManager configured with AuthenticationProvider bean with name authenticationProvider
2026-03-16T01:53:25.980+05:30  WARN 8520 --- [E_Commerce_Backend_System] [main] r$InitializeUserDetailsManagerConfigurer : Global AuthenticationManager configured with an AuthenticationProvider bean. UserDetailsService beans will not be used by Spring Security for automatically configuring username/password login. Consider removing the AuthenticationProvider bean. Alternatively, consider using the UserDetailsService in a manually instantiated DaoAuthenticationProvider. If the current configuration is intentional, to turn off this warning, increase the logging level of 'org.springframework.security.config.annotation.authentication.configuration.InitializeUserDetailsBeanManagerConfigurer' to ERROR
2026-03-16T01:53:26.121+05:30  WARN 8520 --- [E_Commerce_Backend_System] [main] JpaBaseConfiguration$JpaWebConfiguration : spring.jpa.open-in-view is enabled by default. Therefore, database queries may be performed during view rendering. Explicitly configure spring.jpa.open-in-view to disable this warning
2026-03-16T01:53:26.403+05:30  INFO 8520 --- [E_Commerce_Backend_System] [main] o.s.v.b.OptionalValidatorFactoryBean     : Failed to set up a Bean Validation provider: jakarta.validation.NoProviderFoundException: Unable to create a Configuration, because no Jakarta Validation provider could be found. Add a provider like Hibernate Validator (RI) to your classpath.
2026-03-16T01:53:26.849+05:30  INFO 8520 --- [E_Commerce_Backend_System] [main] o.s.boot.tomcat.TomcatWebServer          : Tomcat started on port 8080 (http) with context path '/'
2026-03-16T01:53:26.855+05:30  INFO 8520 --- [E_Commerce_Backend_System] [main] c.i.E.ECommerceBackendSystemApplication  : Started ECommerceBackendSystemApplication in 6.349 seconds (process running for 7.193)
2026-03-16T01:53:32.825+05:30  INFO 8520 --- [E_Commerce_Backend_System] [http-nio-8080-exec-2] o.a.c.c.C.[Tomcat].[localhost].[/]       : Initializing Spring DispatcherServlet 'dispatcherServlet'
2026-03-16T01:53:32.825+05:30  INFO 8520 --- [E_Commerce_Backend_System] [http-nio-8080-exec-2] o.s.web.servlet.DispatcherServlet        : Initializing Servlet 'dispatcherServlet'
2026-03-16T01:53:32.828+05:30  INFO 8520 --- [E_Commerce_Backend_System] [http-nio-8080-exec-2] o.s.web.servlet.DispatcherServlet        : Completed initialization in 2 ms
2026-03-16T01:53:33.387+05:30 DEBUG 8520 --- [E_Commerce_Backend_System] [http-nio-8080-exec-2] c.i.E.service.DemoUserService            : Attempting to load user details for username: 'Rajesh'
2026-03-16T01:53:33.586+05:30 DEBUG 8520 --- [E_Commerce_Backend_System] [http-nio-8080-exec-2] c.i.E.service.DemoUserService            : Successfully loaded user details for username: 'Rajesh'
2026-03-16T01:53:34.283+05:30 DEBUG 8520 --- [E_Commerce_Backend_System] [http-nio-8080-exec-3] c.i.E.service.DemoUserService            : Attempting to load user details for username: 'Rajesh'
2026-03-16T01:53:34.288+05:30 DEBUG 8520 --- [E_Commerce_Backend_System] [http-nio-8080-exec-6] c.i.E.service.DemoUserService            : Attempting to load user details for username: 'Rajesh'
2026-03-16T01:53:34.288+05:30 DEBUG 8520 --- [E_Commerce_Backend_System] [http-nio-8080-exec-4] c.i.E.service.DemoUserService            : Attempting to load user details for username: 'Rajesh'
2026-03-16T01:53:34.288+05:30 DEBUG 8520 --- [E_Commerce_Backend_System] [http-nio-8080-exec-5] c.i.E.service.DemoUserService            : Attempting to load user details for username: 'Rajesh'
2026-03-16T01:53:34.289+05:30 DEBUG 8520 --- [E_Commerce_Backend_System] [http-nio-8080-exec-1] c.i.E.service.DemoUserService            : Attempting to load user details for username: 'Rajesh'
2026-03-16T01:53:34.292+05:30 DEBUG 8520 --- [E_Commerce_Backend_System] [http-nio-8080-exec-3] c.i.E.service.DemoUserService            : Successfully loaded user details for username: 'Rajesh'
2026-03-16T01:53:34.293+05:30 DEBUG 8520 --- [E_Commerce_Backend_System] [http-nio-8080-exec-4] c.i.E.service.DemoUserService            : Successfully loaded user details for username: 'Rajesh'
2026-03-16T01:53:34.293+05:30 DEBUG 8520 --- [E_Commerce_Backend_System] [http-nio-8080-exec-6] c.i.E.service.DemoUserService            : Successfully loaded user details for username: 'Rajesh'
2026-03-16T01:53:34.293+05:30 DEBUG 8520 --- [E_Commerce_Backend_System] [http-nio-8080-exec-5] c.i.E.service.DemoUserService            : Successfully loaded user details for username: 'Rajesh'
2026-03-16T01:53:34.295+05:30 DEBUG 8520 --- [E_Commerce_Backend_System] [http-nio-8080-exec-1] c.i.E.service.DemoUserService            : Successfully loaded user details for username: 'Rajesh'
2026-03-16T01:53:35.154+05:30 DEBUG 8520 --- [E_Commerce_Backend_System] [http-nio-8080-exec-7] c.i.E.service.DemoUserService            : Attempting to load user details for username: 'Rajesh'
2026-03-16T01:53:35.178+05:30 DEBUG 8520 --- [E_Commerce_Backend_System] [http-nio-8080-exec-7] c.i.E.service.DemoUserService            : Successfully loaded user details for username: 'Rajesh'
2026-03-16T01:53:35.184+05:30 DEBUG 8520 --- [E_Commerce_Backend_System] [http-nio-8080-exec-8] c.i.E.service.DemoUserService            : Attempting to load user details for username: 'Rajesh'
2026-03-16T01:53:35.195+05:30 DEBUG 8520 --- [E_Commerce_Backend_System] [http-nio-8080-exec-8] c.i.E.service.DemoUserService            : Successfully loaded user details for username: 'Rajesh'
2026-03-16T01:53:35.824+05:30 DEBUG 8520 --- [E_Commerce_Backend_System] [http-nio-8080-exec-9] c.i.E.service.DemoUserService            : Attempting to load user details for username: 'Rajesh'
2026-03-16T01:53:35.831+05:30 DEBUG 8520 --- [E_Commerce_Backend_System] [http-nio-8080-exec-9] c.i.E.service.DemoUserService            : Successfully loaded user details for username: 'Rajesh'
2026-03-16T01:53:37.364+05:30  INFO 8520 --- [E_Commerce_Backend_System] [http-nio-8080-exec-9] o.springdoc.api.AbstractOpenApiResource  : Init duration for springdoc-openapi is: 978 ms
2026-03-16T01:58:26.978+05:30  INFO 8520 --- [E_Commerce_Backend_System] [RMI TCP Connection(8)-127.0.0.1] inMXBeanRegistrar$SpringApplicationAdmin : Application shutdown requested.
2026-03-16T01:58:26.988+05:30  INFO 8520 --- [E_Commerce_Backend_System] [RMI TCP Connection(8)-127.0.0.1] o.s.boot.tomcat.GracefulShutdown         : Commencing graceful shutdown. Waiting for active requests to complete
2026-03-16T01:58:27.000+05:30  INFO 8520 --- [E_Commerce_Backend_System] [tomcat-shutdown] o.s.boot.tomcat.GracefulShutdown         : Graceful shutdown complete
2026-03-16T01:58:27.008+05:30  INFO 8520 --- [E_Commerce_Backend_System] [RMI TCP Connection(8)-127.0.0.1] j.LocalContainerEntityManagerFactoryBean : Closing JPA EntityManagerFactory for persistence unit 'default'
2026-03-16T01:58:27.015+05:30  INFO 8520 --- [E_Commerce_Backend_System] [RMI TCP Connection(8)-127.0.0.1] com.zaxxer.hikari.HikariDataSource       : ECommerceBackendSystemApplication - Shutdown initiated...
2026-03-16T01:58:27.031+05:30  INFO 8520 --- [E_Commerce_Backend_System] [RMI TCP Connection(8)-127.0.0.1] com.zaxxer.hikari.HikariDataSource       : ECommerceBackendSystemApplication - Shutdown completed.
2026-03-16T01:58:29.052+05:30  INFO 16560 --- [E_Commerce_Backend_System] [main] c.i.E.ECommerceBackendSystemApplication  : Starting ECommerceBackendSystemApplication using Java 21.0.9 with PID 16560 (D:\JAVA-PROGRAMMING\ProductionJava\E_Commerce_Backend_System\target\classes started by rkjra in D:\JAVA-PROGRAMMING\ProductionJava\E_Commerce_Backend_System)
2026-03-16T01:58:29.055+05:30  INFO 16560 --- [E_Commerce_Backend_System] [main] c.i.E.ECommerceBackendSystemApplication  : No active profile set, falling back to 1 default profile: "default"
2026-03-16T01:58:29.785+05:30  INFO 16560 --- [E_Commerce_Backend_System] [main] .s.d.r.c.RepositoryConfigurationDelegate : Bootstrapping Spring Data JPA repositories in DEFAULT mode.
2026-03-16T01:58:29.841+05:30  INFO 16560 --- [E_Commerce_Backend_System] [main] .s.d.r.c.RepositoryConfigurationDelegate : Finished Spring Data repository scanning in 49 ms. Found 6 JPA repository interfaces.
2026-03-16T01:58:30.359+05:30  INFO 16560 --- [E_Commerce_Backend_System] [main] o.s.boot.tomcat.TomcatWebServer          : Tomcat initialized with port 8080 (http)
2026-03-16T01:58:30.373+05:30  INFO 16560 --- [E_Commerce_Backend_System] [main] o.apache.catalina.core.StandardService   : Starting service [Tomcat]
2026-03-16T01:58:30.373+05:30  INFO 16560 --- [E_Commerce_Backend_System] [main] o.apache.catalina.core.StandardEngine    : Starting Servlet engine: [Apache Tomcat/11.0.18]
2026-03-16T01:58:30.433+05:30  INFO 16560 --- [E_Commerce_Backend_System] [main] b.w.c.s.WebApplicationContextInitializer : Root WebApplicationContext: initialization completed in 1333 ms
2026-03-16T01:58:30.574+05:30  INFO 16560 --- [E_Commerce_Backend_System] [main] org.hibernate.orm.jpa                    : HHH008540: Processing PersistenceUnitInfo [name: default]
2026-03-16T01:58:30.642+05:30  INFO 16560 --- [E_Commerce_Backend_System] [main] org.hibernate.orm.core                   : HHH000001: Hibernate ORM core version 7.2.4.Final
2026-03-16T01:58:31.131+05:30  INFO 16560 --- [E_Commerce_Backend_System] [main] o.s.o.j.p.SpringPersistenceUnitInfo      : No LoadTimeWeaver setup: ignoring JPA class transformer
2026-03-16T01:58:31.175+05:30  INFO 16560 --- [E_Commerce_Backend_System] [main] com.zaxxer.hikari.HikariDataSource       : ECommerceBackendSystemApplication - Starting...
2026-03-16T01:58:31.477+05:30  INFO 16560 --- [E_Commerce_Backend_System] [main] com.zaxxer.hikari.pool.HikariPool        : ECommerceBackendSystemApplication - Added connection com.mysql.cj.jdbc.ConnectionImpl@62615be
2026-03-16T01:58:31.479+05:30  INFO 16560 --- [E_Commerce_Backend_System] [main] com.zaxxer.hikari.HikariDataSource       : ECommerceBackendSystemApplication - Start completed.
2026-03-16T01:58:31.550+05:30  WARN 16560 --- [E_Commerce_Backend_System] [main] org.hibernate.orm.deprecation            : HHH90000025: MySQLDialect does not need to be specified explicitly using 'hibernate.dialect' (remove the property setting and it will be selected by default)
2026-03-16T01:58:31.573+05:30  INFO 16560 --- [E_Commerce_Backend_System] [main] org.hibernate.orm.connections.pooling    : HHH10001005: Database info:
	Database JDBC URL [jdbc:mysql://localhost:3306/inctureECommerceDatabase]
	Database driver: MySQL Connector/J
	Database dialect: MySQLDialect
	Database version: 8.0.34
	Default catalog/schema: inctureECommerceDatabase/undefined
	Autocommit mode: undefined/unknown
	Isolation level: REPEATABLE_READ [default REPEATABLE_READ]
	JDBC fetch size: none
	Pool: DataSourceConnectionProvider
	Minimum pool size: undefined/unknown
	Maximum pool size: undefined/unknown
2026-03-16T01:58:32.577+05:30  INFO 16560 --- [E_Commerce_Backend_System] [main] org.hibernate.orm.core                   : HHH000489: No JTA platform available (set 'hibernate.transaction.jta.platform' to enable JTA platform integration)
2026-03-16T01:58:32.669+05:30  INFO 16560 --- [E_Commerce_Backend_System] [main] j.LocalContainerEntityManagerFactoryBean : Initialized JPA EntityManagerFactory for persistence unit 'default'
2026-03-16T01:58:32.730+05:30  INFO 16560 --- [E_Commerce_Backend_System] [main] o.s.d.j.r.query.QueryEnhancerFactories   : Hibernate is in classpath; If applicable, HQL parser will be used.
2026-03-16T01:58:33.633+05:30  INFO 16560 --- [E_Commerce_Backend_System] [main] eAuthenticationProviderManagerConfigurer : Global AuthenticationManager configured with AuthenticationProvider bean with name authenticationProvider
2026-03-16T01:58:33.633+05:30  WARN 16560 --- [E_Commerce_Backend_System] [main] r$InitializeUserDetailsManagerConfigurer : Global AuthenticationManager configured with an AuthenticationProvider bean. UserDetailsService beans will not be used by Spring Security for automatically configuring username/password login. Consider removing the AuthenticationProvider bean. Alternatively, consider using the UserDetailsService in a manually instantiated DaoAuthenticationProvider. If the current configuration is intentional, to turn off this warning, increase the logging level of 'org.springframework.security.config.annotation.authentication.configuration.InitializeUserDetailsBeanManagerConfigurer' to ERROR
2026-03-16T01:58:33.750+05:30  WARN 16560 --- [E_Commerce_Backend_System] [main] JpaBaseConfiguration$JpaWebConfiguration : spring.jpa.open-in-view is enabled by default. Therefore, database queries may be performed during view rendering. Explicitly configure spring.jpa.open-in-view to disable this warning
2026-03-16T01:58:34.098+05:30  INFO 16560 --- [E_Commerce_Backend_System] [main] o.s.v.b.OptionalValidatorFactoryBean     : Failed to set up a Bean Validation provider: jakarta.validation.NoProviderFoundException: Unable to create a Configuration, because no Jakarta Validation provider could be found. Add a provider like Hibernate Validator (RI) to your classpath.
2026-03-16T01:58:34.904+05:30  INFO 16560 --- [E_Commerce_Backend_System] [main] o.s.boot.tomcat.TomcatWebServer          : Tomcat started on port 8080 (http) with context path '/'
2026-03-16T01:58:34.922+05:30  INFO 16560 --- [E_Commerce_Backend_System] [main] c.i.E.ECommerceBackendSystemApplication  : Started ECommerceBackendSystemApplication in 6.224 seconds (process running for 6.834)
2026-03-16T01:58:38.304+05:30  INFO 16560 --- [E_Commerce_Backend_System] [http-nio-8080-exec-2] o.a.c.c.C.[Tomcat].[localhost].[/]       : Initializing Spring DispatcherServlet 'dispatcherServlet'
2026-03-16T01:58:38.305+05:30  INFO 16560 --- [E_Commerce_Backend_System] [http-nio-8080-exec-2] o.s.web.servlet.DispatcherServlet        : Initializing Servlet 'dispatcherServlet'
2026-03-16T01:58:38.310+05:30  INFO 16560 --- [E_Commerce_Backend_System] [http-nio-8080-exec-2] o.s.web.servlet.DispatcherServlet        : Completed initialization in 5 ms
2026-03-16T01:58:38.980+05:30 DEBUG 16560 --- [E_Commerce_Backend_System] [http-nio-8080-exec-2] c.i.E.service.DemoUserService            : Attempting to load user details for username: 'Rajesh'
2026-03-16T01:58:39.167+05:30 DEBUG 16560 --- [E_Commerce_Backend_System] [http-nio-8080-exec-2] c.i.E.service.DemoUserService            : Successfully loaded user details for username: 'Rajesh'
2026-03-16T01:58:39.830+05:30 DEBUG 16560 --- [E_Commerce_Backend_System] [http-nio-8080-exec-1] c.i.E.service.DemoUserService            : Attempting to load user details for username: 'Rajesh'
2026-03-16T01:58:39.837+05:30 DEBUG 16560 --- [E_Commerce_Backend_System] [http-nio-8080-exec-3] c.i.E.service.DemoUserService            : Attempting to load user details for username: 'Rajesh'
2026-03-16T01:58:39.837+05:30 DEBUG 16560 --- [E_Commerce_Backend_System] [http-nio-8080-exec-6] c.i.E.service.DemoUserService            : Attempting to load user details for username: 'Rajesh'
2026-03-16T01:58:39.839+05:30 DEBUG 16560 --- [E_Commerce_Backend_System] [http-nio-8080-exec-4] c.i.E.service.DemoUserService            : Attempting to load user details for username: 'Rajesh'
2026-03-16T01:58:39.839+05:30 DEBUG 16560 --- [E_Commerce_Backend_System] [http-nio-8080-exec-5] c.i.E.service.DemoUserService            : Attempting to load user details for username: 'Rajesh'
2026-03-16T01:58:39.841+05:30 DEBUG 16560 --- [E_Commerce_Backend_System] [http-nio-8080-exec-1] c.i.E.service.DemoUserService            : Successfully loaded user details for username: 'Rajesh'
2026-03-16T01:58:39.842+05:30 DEBUG 16560 --- [E_Commerce_Backend_System] [http-nio-8080-exec-6] c.i.E.service.DemoUserService            : Successfully loaded user details for username: 'Rajesh'
2026-03-16T01:58:39.844+05:30 DEBUG 16560 --- [E_Commerce_Backend_System] [http-nio-8080-exec-4] c.i.E.service.DemoUserService            : Successfully loaded user details for username: 'Rajesh'
2026-03-16T01:58:39.844+05:30 DEBUG 16560 --- [E_Commerce_Backend_System] [http-nio-8080-exec-5] c.i.E.service.DemoUserService            : Successfully loaded user details for username: 'Rajesh'
2026-03-16T01:58:39.844+05:30 DEBUG 16560 --- [E_Commerce_Backend_System] [http-nio-8080-exec-3] c.i.E.service.DemoUserService            : Successfully loaded user details for username: 'Rajesh'
2026-03-16T01:58:40.757+05:30 DEBUG 16560 --- [E_Commerce_Backend_System] [http-nio-8080-exec-7] c.i.E.service.DemoUserService            : Attempting to load user details for username: 'Rajesh'
2026-03-16T01:58:40.768+05:30 DEBUG 16560 --- [E_Commerce_Backend_System] [http-nio-8080-exec-8] c.i.E.service.DemoUserService            : Attempting to load user details for username: 'Rajesh'
2026-03-16T01:58:40.773+05:30 DEBUG 16560 --- [E_Commerce_Backend_System] [http-nio-8080-exec-7] c.i.E.service.DemoUserService            : Successfully loaded user details for username: 'Rajesh'
2026-03-16T01:58:40.780+05:30 DEBUG 16560 --- [E_Commerce_Backend_System] [http-nio-8080-exec-8] c.i.E.service.DemoUserService            : Successfully loaded user details for username: 'Rajesh'
2026-03-16T01:58:41.631+05:30 DEBUG 16560 --- [E_Commerce_Backend_System] [http-nio-8080-exec-9] c.i.E.service.DemoUserService            : Attempting to load user details for username: 'Rajesh'
2026-03-16T01:58:41.640+05:30 DEBUG 16560 --- [E_Commerce_Backend_System] [http-nio-8080-exec-9] c.i.E.service.DemoUserService            : Successfully loaded user details for username: 'Rajesh'
2026-03-16T01:58:43.095+05:30  INFO 16560 --- [E_Commerce_Backend_System] [http-nio-8080-exec-9] o.springdoc.api.AbstractOpenApiResource  : Init duration for springdoc-openapi is: 870 ms
2026-03-16T02:02:50.218+05:30  INFO 16560 --- [E_Commerce_Backend_System] [RMI TCP Connection(6)-127.0.0.1] inMXBeanRegistrar$SpringApplicationAdmin : Application shutdown requested.
2026-03-16T02:02:50.222+05:30  INFO 16560 --- [E_Commerce_Backend_System] [RMI TCP Connection(6)-127.0.0.1] o.s.boot.tomcat.GracefulShutdown         : Commencing graceful shutdown. Waiting for active requests to complete
2026-03-16T02:02:50.230+05:30  INFO 16560 --- [E_Commerce_Backend_System] [tomcat-shutdown] o.s.boot.tomcat.GracefulShutdown         : Graceful shutdown complete
2026-03-16T02:02:50.235+05:30  INFO 16560 --- [E_Commerce_Backend_System] [RMI TCP Connection(6)-127.0.0.1] j.LocalContainerEntityManagerFactoryBean : Closing JPA EntityManagerFactory for persistence unit 'default'
2026-03-16T02:02:50.238+05:30  INFO 16560 --- [E_Commerce_Backend_System] [RMI TCP Connection(6)-127.0.0.1] com.zaxxer.hikari.HikariDataSource       : ECommerceBackendSystemApplication - Shutdown initiated...
2026-03-16T02:02:50.245+05:30  INFO 16560 --- [E_Commerce_Backend_System] [RMI TCP Connection(6)-127.0.0.1] com.zaxxer.hikari.HikariDataSource       : ECommerceBackendSystemApplication - Shutdown completed.
2026-03-16T02:02:52.030+05:30  INFO 21964 --- [E_Commerce_Backend_System] [main] c.i.E.ECommerceBackendSystemApplication  : Starting ECommerceBackendSystemApplication using Java 21.0.9 with PID 21964 (D:\JAVA-PROGRAMMING\ProductionJava\E_Commerce_Backend_System\target\classes started by rkjra in D:\JAVA-PROGRAMMING\ProductionJava\E_Commerce_Backend_System)
2026-03-16T02:02:52.033+05:30  INFO 21964 --- [E_Commerce_Backend_System] [main] c.i.E.ECommerceBackendSystemApplication  : No active profile set, falling back to 1 default profile: "default"
2026-03-16T02:02:52.731+05:30  INFO 21964 --- [E_Commerce_Backend_System] [main] .s.d.r.c.RepositoryConfigurationDelegate : Bootstrapping Spring Data JPA repositories in DEFAULT mode.
2026-03-16T02:02:52.786+05:30  INFO 21964 --- [E_Commerce_Backend_System] [main] .s.d.r.c.RepositoryConfigurationDelegate : Finished Spring Data repository scanning in 48 ms. Found 6 JPA repository interfaces.
2026-03-16T02:02:53.251+05:30  INFO 21964 --- [E_Commerce_Backend_System] [main] o.s.boot.tomcat.TomcatWebServer          : Tomcat initialized with port 8080 (http)
2026-03-16T02:02:53.262+05:30  INFO 21964 --- [E_Commerce_Backend_System] [main] o.apache.catalina.core.StandardService   : Starting service [Tomcat]
2026-03-16T02:02:53.263+05:30  INFO 21964 --- [E_Commerce_Backend_System] [main] o.apache.catalina.core.StandardEngine    : Starting Servlet engine: [Apache Tomcat/11.0.18]
2026-03-16T02:02:53.309+05:30  INFO 21964 --- [E_Commerce_Backend_System] [main] b.w.c.s.WebApplicationContextInitializer : Root WebApplicationContext: initialization completed in 1228 ms
2026-03-16T02:02:53.432+05:30  INFO 21964 --- [E_Commerce_Backend_System] [main] org.hibernate.orm.jpa                    : HHH008540: Processing PersistenceUnitInfo [name: default]
2026-03-16T02:02:53.467+05:30  INFO 21964 --- [E_Commerce_Backend_System] [main] org.hibernate.orm.core                   : HHH000001: Hibernate ORM core version 7.2.4.Final
2026-03-16T02:02:53.797+05:30  INFO 21964 --- [E_Commerce_Backend_System] [main] o.s.o.j.p.SpringPersistenceUnitInfo      : No LoadTimeWeaver setup: ignoring JPA class transformer
2026-03-16T02:02:53.821+05:30  INFO 21964 --- [E_Commerce_Backend_System] [main] com.zaxxer.hikari.HikariDataSource       : ECommerceBackendSystemApplication - Starting...
2026-03-16T02:02:54.100+05:30  INFO 21964 --- [E_Commerce_Backend_System] [main] com.zaxxer.hikari.pool.HikariPool        : ECommerceBackendSystemApplication - Added connection com.mysql.cj.jdbc.ConnectionImpl@5b0835cb
2026-03-16T02:02:54.102+05:30  INFO 21964 --- [E_Commerce_Backend_System] [main] com.zaxxer.hikari.HikariDataSource       : ECommerceBackendSystemApplication - Start completed.
2026-03-16T02:02:54.157+05:30  WARN 21964 --- [E_Commerce_Backend_System] [main] org.hibernate.orm.deprecation            : HHH90000025: MySQLDialect does not need to be specified explicitly using 'hibernate.dialect' (remove the property setting and it will be selected by default)
2026-03-16T02:02:54.173+05:30  INFO 21964 --- [E_Commerce_Backend_System] [main] org.hibernate.orm.connections.pooling    : HHH10001005: Database info:
	Database JDBC URL [jdbc:mysql://localhost:3306/inctureECommerceDatabase]
	Database driver: MySQL Connector/J
	Database dialect: MySQLDialect
	Database version: 8.0.34
	Default catalog/schema: inctureECommerceDatabase/undefined
	Autocommit mode: undefined/unknown
	Isolation level: REPEATABLE_READ [default REPEATABLE_READ]
	JDBC fetch size: none
	Pool: DataSourceConnectionProvider
	Minimum pool size: undefined/unknown
	Maximum pool size: undefined/unknown
2026-03-16T02:02:55.005+05:30  INFO 21964 --- [E_Commerce_Backend_System] [main] org.hibernate.orm.core                   : HHH000489: No JTA platform available (set 'hibernate.transaction.jta.platform' to enable JTA platform integration)
2026-03-16T02:02:55.077+05:30  INFO 21964 --- [E_Commerce_Backend_System] [main] j.LocalContainerEntityManagerFactoryBean : Initialized JPA EntityManagerFactory for persistence unit 'default'
2026-03-16T02:02:55.145+05:30  INFO 21964 --- [E_Commerce_Backend_System] [main] o.s.d.j.r.query.QueryEnhancerFactories   : Hibernate is in classpath; If applicable, HQL parser will be used.
2026-03-16T02:02:55.946+05:30  INFO 21964 --- [E_Commerce_Backend_System] [main] eAuthenticationProviderManagerConfigurer : Global AuthenticationManager configured with AuthenticationProvider bean with name authenticationProvider
2026-03-16T02:02:55.946+05:30  WARN 21964 --- [E_Commerce_Backend_System] [main] r$InitializeUserDetailsManagerConfigurer : Global AuthenticationManager configured with an AuthenticationProvider bean. UserDetailsService beans will not be used by Spring Security for automatically configuring username/password login. Consider removing the AuthenticationProvider bean. Alternatively, consider using the UserDetailsService in a manually instantiated DaoAuthenticationProvider. If the current configuration is intentional, to turn off this warning, increase the logging level of 'org.springframework.security.config.annotation.authentication.configuration.InitializeUserDetailsBeanManagerConfigurer' to ERROR
2026-03-16T02:02:56.063+05:30  WARN 21964 --- [E_Commerce_Backend_System] [main] JpaBaseConfiguration$JpaWebConfiguration : spring.jpa.open-in-view is enabled by default. Therefore, database queries may be performed during view rendering. Explicitly configure spring.jpa.open-in-view to disable this warning
2026-03-16T02:02:56.337+05:30  INFO 21964 --- [E_Commerce_Backend_System] [main] o.s.v.b.OptionalValidatorFactoryBean     : Failed to set up a Bean Validation provider: jakarta.validation.NoProviderFoundException: Unable to create a Configuration, because no Jakarta Validation provider could be found. Add a provider like Hibernate Validator (RI) to your classpath.
2026-03-16T02:02:56.715+05:30  INFO 21964 --- [E_Commerce_Backend_System] [main] o.s.boot.tomcat.TomcatWebServer          : Tomcat started on port 8080 (http) with context path '/'
2026-03-16T02:02:56.723+05:30  INFO 21964 --- [E_Commerce_Backend_System] [main] c.i.E.ECommerceBackendSystemApplication  : Started ECommerceBackendSystemApplication in 5.03 seconds (process running for 5.645)
2026-03-16T02:03:00.505+05:30  INFO 21964 --- [E_Commerce_Backend_System] [http-nio-8080-exec-1] o.a.c.c.C.[Tomcat].[localhost].[/]       : Initializing Spring DispatcherServlet 'dispatcherServlet'
2026-03-16T02:03:00.505+05:30  INFO 21964 --- [E_Commerce_Backend_System] [http-nio-8080-exec-1] o.s.web.servlet.DispatcherServlet        : Initializing Servlet 'dispatcherServlet'
2026-03-16T02:03:00.509+05:30  INFO 21964 --- [E_Commerce_Backend_System] [http-nio-8080-exec-1] o.s.web.servlet.DispatcherServlet        : Completed initialization in 3 ms
2026-03-16T02:03:01.130+05:30 DEBUG 21964 --- [E_Commerce_Backend_System] [http-nio-8080-exec-1] c.i.E.service.DemoUserService            : Attempting to load user details for username: 'Rajesh'
2026-03-16T02:03:01.286+05:30 DEBUG 21964 --- [E_Commerce_Backend_System] [http-nio-8080-exec-1] c.i.E.service.DemoUserService            : Successfully loaded user details for username: 'Rajesh'
2026-03-16T02:03:01.970+05:30 DEBUG 21964 --- [E_Commerce_Backend_System] [http-nio-8080-exec-2] c.i.E.service.DemoUserService            : Attempting to load user details for username: 'Rajesh'
2026-03-16T02:03:01.976+05:30 DEBUG 21964 --- [E_Commerce_Backend_System] [http-nio-8080-exec-5] c.i.E.service.DemoUserService            : Attempting to load user details for username: 'Rajesh'
2026-03-16T02:03:01.976+05:30 DEBUG 21964 --- [E_Commerce_Backend_System] [http-nio-8080-exec-6] c.i.E.service.DemoUserService            : Attempting to load user details for username: 'Rajesh'
2026-03-16T02:03:01.976+05:30 DEBUG 21964 --- [E_Commerce_Backend_System] [http-nio-8080-exec-4] c.i.E.service.DemoUserService            : Attempting to load user details for username: 'Rajesh'
2026-03-16T02:03:01.976+05:30 DEBUG 21964 --- [E_Commerce_Backend_System] [http-nio-8080-exec-3] c.i.E.service.DemoUserService            : Attempting to load user details for username: 'Rajesh'
2026-03-16T02:03:01.981+05:30 DEBUG 21964 --- [E_Commerce_Backend_System] [http-nio-8080-exec-2] c.i.E.service.DemoUserService            : Successfully loaded user details for username: 'Rajesh'
2026-03-16T02:03:01.982+05:30 DEBUG 21964 --- [E_Commerce_Backend_System] [http-nio-8080-exec-4] c.i.E.service.DemoUserService            : Successfully loaded user details for username: 'Rajesh'
2026-03-16T02:03:01.982+05:30 DEBUG 21964 --- [E_Commerce_Backend_System] [http-nio-8080-exec-3] c.i.E.service.DemoUserService            : Successfully loaded user details for username: 'Rajesh'
2026-03-16T02:03:01.982+05:30 DEBUG 21964 --- [E_Commerce_Backend_System] [http-nio-8080-exec-5] c.i.E.service.DemoUserService            : Successfully loaded user details for username: 'Rajesh'
2026-03-16T02:03:01.982+05:30 DEBUG 21964 --- [E_Commerce_Backend_System] [http-nio-8080-exec-6] c.i.E.service.DemoUserService            : Successfully loaded user details for username: 'Rajesh'
2026-03-16T02:03:02.633+05:30 DEBUG 21964 --- [E_Commerce_Backend_System] [http-nio-8080-exec-8] c.i.E.service.DemoUserService            : Attempting to load user details for username: 'Rajesh'
2026-03-16T02:03:02.638+05:30 DEBUG 21964 --- [E_Commerce_Backend_System] [http-nio-8080-exec-10] c.i.E.service.DemoUserService            : Attempting to load user details for username: 'Rajesh'
2026-03-16T02:03:02.648+05:30 DEBUG 21964 --- [E_Commerce_Backend_System] [http-nio-8080-exec-8] c.i.E.service.DemoUserService            : Successfully loaded user details for username: 'Rajesh'
2026-03-16T02:03:02.652+05:30 DEBUG 21964 --- [E_Commerce_Backend_System] [http-nio-8080-exec-10] c.i.E.service.DemoUserService            : Successfully loaded user details for username: 'Rajesh'
2026-03-16T02:03:03.393+05:30 DEBUG 21964 --- [E_Commerce_Backend_System] [http-nio-8080-exec-9] c.i.E.service.DemoUserService            : Attempting to load user details for username: 'Rajesh'
2026-03-16T02:03:03.400+05:30 DEBUG 21964 --- [E_Commerce_Backend_System] [http-nio-8080-exec-9] c.i.E.service.DemoUserService            : Successfully loaded user details for username: 'Rajesh'
2026-03-16T02:03:05.076+05:30  INFO 21964 --- [E_Commerce_Backend_System] [http-nio-8080-exec-9] o.springdoc.api.AbstractOpenApiResource  : Init duration for springdoc-openapi is: 1013 ms
2026-03-16T02:04:21.182+05:30 DEBUG 21964 --- [E_Commerce_Backend_System] [http-nio-8080-exec-3] c.i.E.service.DemoUserService            : Attempting to load user details for username: 'Rajesh'
2026-03-16T02:04:21.188+05:30 DEBUG 21964 --- [E_Commerce_Backend_System] [http-nio-8080-exec-3] c.i.E.service.DemoUserService            : Successfully loaded user details for username: 'Rajesh'
2026-03-16T02:04:21.850+05:30  INFO 21964 --- [E_Commerce_Backend_System] [http-nio-8080-exec-3] c.i.E.controller.UserController          : Received login request for user: Swati
2026-03-16T02:04:21.852+05:30 DEBUG 21964 --- [E_Commerce_Backend_System] [http-nio-8080-exec-3] c.i.E.service.UserService                : Attempting to authenticate credentials for user: 'Swati'
2026-03-16T02:04:21.854+05:30 DEBUG 21964 --- [E_Commerce_Backend_System] [http-nio-8080-exec-3] c.i.E.service.DemoUserService            : Attempting to load user details for username: 'Swati'
2026-03-16T02:04:21.860+05:30 DEBUG 21964 --- [E_Commerce_Backend_System] [http-nio-8080-exec-3] c.i.E.service.DemoUserService            : Successfully loaded user details for username: 'Swati'
2026-03-16T02:04:22.485+05:30 DEBUG 21964 --- [E_Commerce_Backend_System] [http-nio-8080-exec-3] c.i.E.service.UserService                : Authentication successful for user: 'Swati'. Generating JWT...
2026-03-16T02:04:22.598+05:30  INFO 21964 --- [E_Commerce_Backend_System] [http-nio-8080-exec-3] c.i.E.controller.UserController          : User 'Swati' logged in successfully.
2026-03-16T02:06:05.322+05:30 DEBUG 21964 --- [E_Commerce_Backend_System] [http-nio-8080-exec-10] c.i.E.service.DemoUserService            : Attempting to load user details for username: 'Swati'
2026-03-16T02:06:05.327+05:30 DEBUG 21964 --- [E_Commerce_Backend_System] [http-nio-8080-exec-10] c.i.E.service.DemoUserService            : Successfully loaded user details for username: 'Swati'
2026-03-16T02:06:57.724+05:30 DEBUG 21964 --- [E_Commerce_Backend_System] [http-nio-8080-exec-8] c.i.E.service.DemoUserService            : Attempting to load user details for username: 'Swati'
2026-03-16T02:06:57.732+05:30 DEBUG 21964 --- [E_Commerce_Backend_System] [http-nio-8080-exec-8] c.i.E.service.DemoUserService            : Successfully loaded user details for username: 'Swati'
2026-03-16T02:06:57.755+05:30  INFO 21964 --- [E_Commerce_Backend_System] [http-nio-8080-exec-8] c.i.E.controller.UserController          : Received login request for user: Rajesh
2026-03-16T02:06:57.755+05:30 DEBUG 21964 --- [E_Commerce_Backend_System] [http-nio-8080-exec-8] c.i.E.service.UserService                : Attempting to authenticate credentials for user: 'Rajesh'
2026-03-16T02:06:57.756+05:30 DEBUG 21964 --- [E_Commerce_Backend_System] [http-nio-8080-exec-8] c.i.E.service.DemoUserService            : Attempting to load user details for username: 'Rajesh'
2026-03-16T02:06:57.761+05:30 DEBUG 21964 --- [E_Commerce_Backend_System] [http-nio-8080-exec-8] c.i.E.service.DemoUserService            : Successfully loaded user details for username: 'Rajesh'
2026-03-16T02:06:58.286+05:30 DEBUG 21964 --- [E_Commerce_Backend_System] [http-nio-8080-exec-8] c.i.E.service.UserService                : Authentication successful for user: 'Rajesh'. Generating JWT...
2026-03-16T02:06:58.287+05:30  INFO 21964 --- [E_Commerce_Backend_System] [http-nio-8080-exec-8] c.i.E.controller.UserController          : User 'Rajesh' logged in successfully.
2026-03-16T02:07:19.410+05:30 DEBUG 21964 --- [E_Commerce_Backend_System] [http-nio-8080-exec-9] c.i.E.service.DemoUserService            : Attempting to load user details for username: 'Rajesh'
2026-03-16T02:07:19.422+05:30 DEBUG 21964 --- [E_Commerce_Backend_System] [http-nio-8080-exec-9] c.i.E.service.DemoUserService            : Successfully loaded user details for username: 'Rajesh'
2026-03-16T02:07:19.441+05:30  INFO 21964 --- [E_Commerce_Backend_System] [http-nio-8080-exec-9] c.i.E.controller.UserController          : Received request to fetch all users.
2026-03-16T02:07:19.443+05:30 DEBUG 21964 --- [E_Commerce_Backend_System] [http-nio-8080-exec-9] c.i.E.service.UserService                : Attempting to fetch all users from the database.
2026-03-16T02:07:19.500+05:30 DEBUG 21964 --- [E_Commerce_Backend_System] [http-nio-8080-exec-9] c.i.E.service.UserService                : Successfully fetched and mapped 7 users.
2026-03-16T02:07:19.501+05:30  INFO 21964 --- [E_Commerce_Backend_System] [http-nio-8080-exec-9] c.i.E.controller.UserController          : Successfully fetched 7 users.
2026-03-16T02:10:05.122+05:30 DEBUG 21964 --- [E_Commerce_Backend_System] [http-nio-8080-exec-7] c.i.E.service.DemoUserService            : Attempting to load user details for username: 'Rajesh'
2026-03-16T02:10:05.133+05:30 DEBUG 21964 --- [E_Commerce_Backend_System] [http-nio-8080-exec-7] c.i.E.service.DemoUserService            : Successfully loaded user details for username: 'Rajesh'
2026-03-16T02:10:05.148+05:30  INFO 21964 --- [E_Commerce_Backend_System] [http-nio-8080-exec-7] c.i.E.controller.UserController          : Received request to fetch details for user ID: 252
2026-03-16T02:10:05.148+05:30 DEBUG 21964 --- [E_Commerce_Backend_System] [http-nio-8080-exec-7] c.i.E.service.UserService                : Attempting to fetch details for user ID: 252
2026-03-16T02:10:05.171+05:30  WARN 21964 --- [E_Commerce_Backend_System] [http-nio-8080-exec-7] c.i.E.service.UserService                : Fetch aborted: No user found in database with ID: 252
2026-03-16T02:11:24.975+05:30  INFO 21964 --- [E_Commerce_Backend_System] [RMI TCP Connection(11)-127.0.0.1] inMXBeanRegistrar$SpringApplicationAdmin : Application shutdown requested.
2026-03-16T02:11:24.981+05:30  INFO 21964 --- [E_Commerce_Backend_System] [RMI TCP Connection(11)-127.0.0.1] o.s.boot.tomcat.GracefulShutdown         : Commencing graceful shutdown. Waiting for active requests to complete
2026-03-16T02:11:24.992+05:30  INFO 21964 --- [E_Commerce_Backend_System] [tomcat-shutdown] o.s.boot.tomcat.GracefulShutdown         : Graceful shutdown complete
2026-03-16T02:11:24.998+05:30  INFO 21964 --- [E_Commerce_Backend_System] [RMI TCP Connection(11)-127.0.0.1] j.LocalContainerEntityManagerFactoryBean : Closing JPA EntityManagerFactory for persistence unit 'default'
2026-03-16T02:11:25.002+05:30  INFO 21964 --- [E_Commerce_Backend_System] [RMI TCP Connection(11)-127.0.0.1] com.zaxxer.hikari.HikariDataSource       : ECommerceBackendSystemApplication - Shutdown initiated...
2026-03-16T02:11:25.014+05:30  INFO 21964 --- [E_Commerce_Backend_System] [RMI TCP Connection(11)-127.0.0.1] com.zaxxer.hikari.HikariDataSource       : ECommerceBackendSystemApplication - Shutdown completed.
2026-03-16T02:11:27.651+05:30  INFO 17272 --- [E_Commerce_Backend_System] [main] c.i.E.ECommerceBackendSystemApplication  : Starting ECommerceBackendSystemApplication using Java 21.0.9 with PID 17272 (D:\JAVA-PROGRAMMING\ProductionJava\E_Commerce_Backend_System\target\classes started by rkjra in D:\JAVA-PROGRAMMING\ProductionJava\E_Commerce_Backend_System)
2026-03-16T02:11:27.654+05:30  INFO 17272 --- [E_Commerce_Backend_System] [main] c.i.E.ECommerceBackendSystemApplication  : No active profile set, falling back to 1 default profile: "default"
2026-03-16T02:11:28.447+05:30  INFO 17272 --- [E_Commerce_Backend_System] [main] .s.d.r.c.RepositoryConfigurationDelegate : Bootstrapping Spring Data JPA repositories in DEFAULT mode.
2026-03-16T02:11:28.502+05:30  INFO 17272 --- [E_Commerce_Backend_System] [main] .s.d.r.c.RepositoryConfigurationDelegate : Finished Spring Data repository scanning in 49 ms. Found 6 JPA repository interfaces.
2026-03-16T02:11:29.073+05:30  INFO 17272 --- [E_Commerce_Backend_System] [main] o.s.boot.tomcat.TomcatWebServer          : Tomcat initialized with port 8080 (http)
2026-03-16T02:11:29.098+05:30  INFO 17272 --- [E_Commerce_Backend_System] [main] o.apache.catalina.core.StandardService   : Starting service [Tomcat]
2026-03-16T02:11:29.099+05:30  INFO 17272 --- [E_Commerce_Backend_System] [main] o.apache.catalina.core.StandardEngine    : Starting Servlet engine: [Apache Tomcat/11.0.18]
2026-03-16T02:11:29.244+05:30  INFO 17272 --- [E_Commerce_Backend_System] [main] b.w.c.s.WebApplicationContextInitializer : Root WebApplicationContext: initialization completed in 1541 ms
2026-03-16T02:11:29.413+05:30  INFO 17272 --- [E_Commerce_Backend_System] [main] org.hibernate.orm.jpa                    : HHH008540: Processing PersistenceUnitInfo [name: default]
2026-03-16T02:11:29.497+05:30  INFO 17272 --- [E_Commerce_Backend_System] [main] org.hibernate.orm.core                   : HHH000001: Hibernate ORM core version 7.2.4.Final
2026-03-16T02:11:29.965+05:30  INFO 17272 --- [E_Commerce_Backend_System] [main] o.s.o.j.p.SpringPersistenceUnitInfo      : No LoadTimeWeaver setup: ignoring JPA class transformer
2026-03-16T02:11:30.008+05:30  INFO 17272 --- [E_Commerce_Backend_System] [main] com.zaxxer.hikari.HikariDataSource       : ECommerceBackendSystemApplication - Starting...
2026-03-16T02:11:30.317+05:30  INFO 17272 --- [E_Commerce_Backend_System] [main] com.zaxxer.hikari.pool.HikariPool        : ECommerceBackendSystemApplication - Added connection com.mysql.cj.jdbc.ConnectionImpl@5b0835cb
2026-03-16T02:11:30.319+05:30  INFO 17272 --- [E_Commerce_Backend_System] [main] com.zaxxer.hikari.HikariDataSource       : ECommerceBackendSystemApplication - Start completed.
2026-03-16T02:11:30.383+05:30  WARN 17272 --- [E_Commerce_Backend_System] [main] org.hibernate.orm.deprecation            : HHH90000025: MySQLDialect does not need to be specified explicitly using 'hibernate.dialect' (remove the property setting and it will be selected by default)
2026-03-16T02:11:30.406+05:30  INFO 17272 --- [E_Commerce_Backend_System] [main] org.hibernate.orm.connections.pooling    : HHH10001005: Database info:
	Database JDBC URL [jdbc:mysql://localhost:3306/inctureECommerceDatabase]
	Database driver: MySQL Connector/J
	Database dialect: MySQLDialect
	Database version: 8.0.34
	Default catalog/schema: inctureECommerceDatabase/undefined
	Autocommit mode: undefined/unknown
	Isolation level: REPEATABLE_READ [default REPEATABLE_READ]
	JDBC fetch size: none
	Pool: DataSourceConnectionProvider
	Minimum pool size: undefined/unknown
	Maximum pool size: undefined/unknown
2026-03-16T02:11:31.440+05:30  INFO 17272 --- [E_Commerce_Backend_System] [main] org.hibernate.orm.core                   : HHH000489: No JTA platform available (set 'hibernate.transaction.jta.platform' to enable JTA platform integration)
2026-03-16T02:11:31.530+05:30  INFO 17272 --- [E_Commerce_Backend_System] [main] j.LocalContainerEntityManagerFactoryBean : Initialized JPA EntityManagerFactory for persistence unit 'default'
2026-03-16T02:11:31.591+05:30  INFO 17272 --- [E_Commerce_Backend_System] [main] o.s.d.j.r.query.QueryEnhancerFactories   : Hibernate is in classpath; If applicable, HQL parser will be used.
2026-03-16T02:11:32.446+05:30  INFO 17272 --- [E_Commerce_Backend_System] [main] eAuthenticationProviderManagerConfigurer : Global AuthenticationManager configured with AuthenticationProvider bean with name authenticationProvider
2026-03-16T02:11:32.446+05:30  WARN 17272 --- [E_Commerce_Backend_System] [main] r$InitializeUserDetailsManagerConfigurer : Global AuthenticationManager configured with an AuthenticationProvider bean. UserDetailsService beans will not be used by Spring Security for automatically configuring username/password login. Consider removing the AuthenticationProvider bean. Alternatively, consider using the UserDetailsService in a manually instantiated DaoAuthenticationProvider. If the current configuration is intentional, to turn off this warning, increase the logging level of 'org.springframework.security.config.annotation.authentication.configuration.InitializeUserDetailsBeanManagerConfigurer' to ERROR
2026-03-16T02:11:32.557+05:30  WARN 17272 --- [E_Commerce_Backend_System] [main] JpaBaseConfiguration$JpaWebConfiguration : spring.jpa.open-in-view is enabled by default. Therefore, database queries may be performed during view rendering. Explicitly configure spring.jpa.open-in-view to disable this warning
2026-03-16T02:11:32.842+05:30  INFO 17272 --- [E_Commerce_Backend_System] [main] o.s.v.b.OptionalValidatorFactoryBean     : Failed to set up a Bean Validation provider: jakarta.validation.NoProviderFoundException: Unable to create a Configuration, because no Jakarta Validation provider could be found. Add a provider like Hibernate Validator (RI) to your classpath.
2026-03-16T02:11:33.234+05:30  INFO 17272 --- [E_Commerce_Backend_System] [main] o.s.boot.tomcat.TomcatWebServer          : Tomcat started on port 8080 (http) with context path '/'
2026-03-16T02:11:33.240+05:30  INFO 17272 --- [E_Commerce_Backend_System] [main] c.i.E.ECommerceBackendSystemApplication  : Started ECommerceBackendSystemApplication in 5.963 seconds (process running for 6.602)
2026-03-16T02:11:40.769+05:30  INFO 17272 --- [E_Commerce_Backend_System] [http-nio-8080-exec-1] o.a.c.c.C.[Tomcat].[localhost].[/]       : Initializing Spring DispatcherServlet 'dispatcherServlet'
2026-03-16T02:11:40.770+05:30  INFO 17272 --- [E_Commerce_Backend_System] [http-nio-8080-exec-1] o.s.web.servlet.DispatcherServlet        : Initializing Servlet 'dispatcherServlet'
2026-03-16T02:11:40.776+05:30  INFO 17272 --- [E_Commerce_Backend_System] [http-nio-8080-exec-1] o.s.web.servlet.DispatcherServlet        : Completed initialization in 4 ms
2026-03-16T02:11:41.412+05:30 DEBUG 17272 --- [E_Commerce_Backend_System] [http-nio-8080-exec-1] c.i.E.service.DemoUserService            : Attempting to load user details for username: 'Rajesh'
2026-03-16T02:11:41.664+05:30 DEBUG 17272 --- [E_Commerce_Backend_System] [http-nio-8080-exec-1] c.i.E.service.DemoUserService            : Successfully loaded user details for username: 'Rajesh'
2026-03-16T02:11:42.450+05:30 DEBUG 17272 --- [E_Commerce_Backend_System] [http-nio-8080-exec-2] c.i.E.service.DemoUserService            : Attempting to load user details for username: 'Rajesh'
2026-03-16T02:11:42.459+05:30 DEBUG 17272 --- [E_Commerce_Backend_System] [http-nio-8080-exec-6] c.i.E.service.DemoUserService            : Attempting to load user details for username: 'Rajesh'
2026-03-16T02:11:42.459+05:30 DEBUG 17272 --- [E_Commerce_Backend_System] [http-nio-8080-exec-4] c.i.E.service.DemoUserService            : Attempting to load user details for username: 'Rajesh'
2026-03-16T02:11:42.460+05:30 DEBUG 17272 --- [E_Commerce_Backend_System] [http-nio-8080-exec-2] c.i.E.service.DemoUserService            : Successfully loaded user details for username: 'Rajesh'
2026-03-16T02:11:42.461+05:30 DEBUG 17272 --- [E_Commerce_Backend_System] [http-nio-8080-exec-3] c.i.E.service.DemoUserService            : Attempting to load user details for username: 'Rajesh'
2026-03-16T02:11:42.461+05:30 DEBUG 17272 --- [E_Commerce_Backend_System] [http-nio-8080-exec-5] c.i.E.service.DemoUserService            : Attempting to load user details for username: 'Rajesh'
2026-03-16T02:11:42.465+05:30 DEBUG 17272 --- [E_Commerce_Backend_System] [http-nio-8080-exec-6] c.i.E.service.DemoUserService            : Successfully loaded user details for username: 'Rajesh'
2026-03-16T02:11:42.466+05:30 DEBUG 17272 --- [E_Commerce_Backend_System] [http-nio-8080-exec-4] c.i.E.service.DemoUserService            : Successfully loaded user details for username: 'Rajesh'
2026-03-16T02:11:42.468+05:30 DEBUG 17272 --- [E_Commerce_Backend_System] [http-nio-8080-exec-3] c.i.E.service.DemoUserService            : Successfully loaded user details for username: 'Rajesh'
2026-03-16T02:11:42.469+05:30 DEBUG 17272 --- [E_Commerce_Backend_System] [http-nio-8080-exec-5] c.i.E.service.DemoUserService            : Successfully loaded user details for username: 'Rajesh'
2026-03-16T02:11:43.328+05:30 DEBUG 17272 --- [E_Commerce_Backend_System] [http-nio-8080-exec-9] c.i.E.service.DemoUserService            : Attempting to load user details for username: 'Rajesh'
2026-03-16T02:11:43.340+05:30 DEBUG 17272 --- [E_Commerce_Backend_System] [http-nio-8080-exec-7] c.i.E.service.DemoUserService            : Attempting to load user details for username: 'Rajesh'
2026-03-16T02:11:43.344+05:30 DEBUG 17272 --- [E_Commerce_Backend_System] [http-nio-8080-exec-9] c.i.E.service.DemoUserService            : Successfully loaded user details for username: 'Rajesh'
2026-03-16T02:11:43.352+05:30 DEBUG 17272 --- [E_Commerce_Backend_System] [http-nio-8080-exec-7] c.i.E.service.DemoUserService            : Successfully loaded user details for username: 'Rajesh'
2026-03-16T02:11:44.222+05:30 DEBUG 17272 --- [E_Commerce_Backend_System] [http-nio-8080-exec-10] c.i.E.service.DemoUserService            : Attempting to load user details for username: 'Rajesh'
2026-03-16T02:11:44.230+05:30 DEBUG 17272 --- [E_Commerce_Backend_System] [http-nio-8080-exec-10] c.i.E.service.DemoUserService            : Successfully loaded user details for username: 'Rajesh'
2026-03-16T02:11:45.707+05:30  INFO 17272 --- [E_Commerce_Backend_System] [http-nio-8080-exec-10] o.springdoc.api.AbstractOpenApiResource  : Init duration for springdoc-openapi is: 909 ms
2026-03-16T02:12:00.430+05:30 DEBUG 17272 --- [E_Commerce_Backend_System] [http-nio-8080-exec-8] c.i.E.service.DemoUserService            : Attempting to load user details for username: 'Rajesh'
2026-03-16T02:12:00.439+05:30 DEBUG 17272 --- [E_Commerce_Backend_System] [http-nio-8080-exec-8] c.i.E.service.DemoUserService            : Successfully loaded user details for username: 'Rajesh'
2026-03-16T02:12:00.458+05:30  INFO 17272 --- [E_Commerce_Backend_System] [http-nio-8080-exec-8] c.i.E.controller.UserController          : Received request to fetch details for user ID: 3
2026-03-16T02:12:00.458+05:30 DEBUG 17272 --- [E_Commerce_Backend_System] [http-nio-8080-exec-8] c.i.E.service.UserService                : Attempting to fetch details for user ID: 3
2026-03-16T02:12:00.508+05:30 DEBUG 17272 --- [E_Commerce_Backend_System] [http-nio-8080-exec-8] c.i.E.service.UserService                : Sanitizing response: Masking cart data from non-owner view.
2026-03-16T02:12:00.508+05:30 DEBUG 17272 --- [E_Commerce_Backend_System] [http-nio-8080-exec-8] c.i.E.service.UserService                : Successfully fetched details for user ID: 3
2026-03-16T02:12:00.509+05:30  INFO 17272 --- [E_Commerce_Backend_System] [http-nio-8080-exec-8] c.i.E.controller.UserController          : Successfully fetched details for user ID: 3
2026-03-16T02:12:05.932+05:30 DEBUG 17272 --- [E_Commerce_Backend_System] [http-nio-8080-exec-1] c.i.E.service.DemoUserService            : Attempting to load user details for username: 'Rajesh'
2026-03-16T02:12:05.939+05:30 DEBUG 17272 --- [E_Commerce_Backend_System] [http-nio-8080-exec-1] c.i.E.service.DemoUserService            : Successfully loaded user details for username: 'Rajesh'
2026-03-16T02:12:05.952+05:30  INFO 17272 --- [E_Commerce_Backend_System] [http-nio-8080-exec-1] c.i.E.controller.UserController          : Received request to fetch details for user ID: 252
2026-03-16T02:12:05.953+05:30 DEBUG 17272 --- [E_Commerce_Backend_System] [http-nio-8080-exec-1] c.i.E.service.UserService                : Attempting to fetch details for user ID: 252
2026-03-16T02:12:05.959+05:30  WARN 17272 --- [E_Commerce_Backend_System] [http-nio-8080-exec-1] c.i.E.service.UserService                : Fetch aborted: No user found in database with ID: 252
2026-03-16T02:13:11.492+05:30  INFO 17272 --- [E_Commerce_Backend_System] [RMI TCP Connection(5)-127.0.0.1] inMXBeanRegistrar$SpringApplicationAdmin : Application shutdown requested.
2026-03-16T02:13:11.495+05:30  INFO 17272 --- [E_Commerce_Backend_System] [RMI TCP Connection(5)-127.0.0.1] o.s.boot.tomcat.GracefulShutdown         : Commencing graceful shutdown. Waiting for active requests to complete
2026-03-16T02:13:11.506+05:30  INFO 17272 --- [E_Commerce_Backend_System] [tomcat-shutdown] o.s.boot.tomcat.GracefulShutdown         : Graceful shutdown complete
2026-03-16T02:13:11.511+05:30  INFO 17272 --- [E_Commerce_Backend_System] [RMI TCP Connection(5)-127.0.0.1] j.LocalContainerEntityManagerFactoryBean : Closing JPA EntityManagerFactory for persistence unit 'default'
2026-03-16T02:13:11.514+05:30  INFO 17272 --- [E_Commerce_Backend_System] [RMI TCP Connection(5)-127.0.0.1] com.zaxxer.hikari.HikariDataSource       : ECommerceBackendSystemApplication - Shutdown initiated...
2026-03-16T02:13:11.520+05:30  INFO 17272 --- [E_Commerce_Backend_System] [RMI TCP Connection(5)-127.0.0.1] com.zaxxer.hikari.HikariDataSource       : ECommerceBackendSystemApplication - Shutdown completed.
2026-03-16T02:17:18.470+05:30  INFO 21276 --- [E_Commerce_Backend_System] [main] c.i.E.ECommerceBackendSystemApplication  : Starting ECommerceBackendSystemApplication using Java 21.0.9 with PID 21276 (D:\JAVA-PROGRAMMING\ProductionJava\E_Commerce_Backend_System\target\classes started by rkjra in D:\JAVA-PROGRAMMING\ProductionJava\E_Commerce_Backend_System)
2026-03-16T02:17:18.473+05:30  INFO 21276 --- [E_Commerce_Backend_System] [main] c.i.E.ECommerceBackendSystemApplication  : No active profile set, falling back to 1 default profile: "default"
2026-03-16T02:17:19.229+05:30  INFO 21276 --- [E_Commerce_Backend_System] [main] .s.d.r.c.RepositoryConfigurationDelegate : Bootstrapping Spring Data JPA repositories in DEFAULT mode.
2026-03-16T02:17:19.286+05:30  INFO 21276 --- [E_Commerce_Backend_System] [main] .s.d.r.c.RepositoryConfigurationDelegate : Finished Spring Data repository scanning in 51 ms. Found 6 JPA repository interfaces.
2026-03-16T02:17:19.776+05:30  INFO 21276 --- [E_Commerce_Backend_System] [main] o.s.boot.tomcat.TomcatWebServer          : Tomcat initialized with port 8080 (http)
2026-03-16T02:17:19.788+05:30  INFO 21276 --- [E_Commerce_Backend_System] [main] o.apache.catalina.core.StandardService   : Starting service [Tomcat]
2026-03-16T02:17:19.788+05:30  INFO 21276 --- [E_Commerce_Backend_System] [main] o.apache.catalina.core.StandardEngine    : Starting Servlet engine: [Apache Tomcat/11.0.18]
2026-03-16T02:17:19.843+05:30  INFO 21276 --- [E_Commerce_Backend_System] [main] b.w.c.s.WebApplicationContextInitializer : Root WebApplicationContext: initialization completed in 1319 ms
2026-03-16T02:17:19.993+05:30  INFO 21276 --- [E_Commerce_Backend_System] [main] org.hibernate.orm.jpa                    : HHH008540: Processing PersistenceUnitInfo [name: default]
2026-03-16T02:17:20.031+05:30  INFO 21276 --- [E_Commerce_Backend_System] [main] org.hibernate.orm.core                   : HHH000001: Hibernate ORM core version 7.2.4.Final
2026-03-16T02:17:20.364+05:30  INFO 21276 --- [E_Commerce_Backend_System] [main] o.s.o.j.p.SpringPersistenceUnitInfo      : No LoadTimeWeaver setup: ignoring JPA class transformer
2026-03-16T02:17:20.390+05:30  INFO 21276 --- [E_Commerce_Backend_System] [main] com.zaxxer.hikari.HikariDataSource       : ECommerceBackendSystemApplication - Starting...
2026-03-16T02:17:20.686+05:30  INFO 21276 --- [E_Commerce_Backend_System] [main] com.zaxxer.hikari.pool.HikariPool        : ECommerceBackendSystemApplication - Added connection com.mysql.cj.jdbc.ConnectionImpl@5b0835cb
2026-03-16T02:17:20.687+05:30  INFO 21276 --- [E_Commerce_Backend_System] [main] com.zaxxer.hikari.HikariDataSource       : ECommerceBackendSystemApplication - Start completed.
2026-03-16T02:17:20.736+05:30  WARN 21276 --- [E_Commerce_Backend_System] [main] org.hibernate.orm.deprecation            : HHH90000025: MySQLDialect does not need to be specified explicitly using 'hibernate.dialect' (remove the property setting and it will be selected by default)
2026-03-16T02:17:20.751+05:30  INFO 21276 --- [E_Commerce_Backend_System] [main] org.hibernate.orm.connections.pooling    : HHH10001005: Database info:
	Database JDBC URL [jdbc:mysql://localhost:3306/inctureECommerceDatabase]
	Database driver: MySQL Connector/J
	Database dialect: MySQLDialect
	Database version: 8.0.34
	Default catalog/schema: inctureECommerceDatabase/undefined
	Autocommit mode: undefined/unknown
	Isolation level: REPEATABLE_READ [default REPEATABLE_READ]
	JDBC fetch size: none
	Pool: DataSourceConnectionProvider
	Minimum pool size: undefined/unknown
	Maximum pool size: undefined/unknown
2026-03-16T02:17:21.567+05:30  INFO 21276 --- [E_Commerce_Backend_System] [main] org.hibernate.orm.core                   : HHH000489: No JTA platform available (set 'hibernate.transaction.jta.platform' to enable JTA platform integration)
2026-03-16T02:17:21.652+05:30  INFO 21276 --- [E_Commerce_Backend_System] [main] j.LocalContainerEntityManagerFactoryBean : Initialized JPA EntityManagerFactory for persistence unit 'default'
2026-03-16T02:17:21.715+05:30  INFO 21276 --- [E_Commerce_Backend_System] [main] o.s.d.j.r.query.QueryEnhancerFactories   : Hibernate is in classpath; If applicable, HQL parser will be used.
2026-03-16T02:17:22.539+05:30  INFO 21276 --- [E_Commerce_Backend_System] [main] eAuthenticationProviderManagerConfigurer : Global AuthenticationManager configured with AuthenticationProvider bean with name authenticationProvider
2026-03-16T02:17:22.540+05:30  WARN 21276 --- [E_Commerce_Backend_System] [main] r$InitializeUserDetailsManagerConfigurer : Global AuthenticationManager configured with an AuthenticationProvider bean. UserDetailsService beans will not be used by Spring Security for automatically configuring username/password login. Consider removing the AuthenticationProvider bean. Alternatively, consider using the UserDetailsService in a manually instantiated DaoAuthenticationProvider. If the current configuration is intentional, to turn off this warning, increase the logging level of 'org.springframework.security.config.annotation.authentication.configuration.InitializeUserDetailsBeanManagerConfigurer' to ERROR
2026-03-16T02:17:22.646+05:30  WARN 21276 --- [E_Commerce_Backend_System] [main] JpaBaseConfiguration$JpaWebConfiguration : spring.jpa.open-in-view is enabled by default. Therefore, database queries may be performed during view rendering. Explicitly configure spring.jpa.open-in-view to disable this warning
2026-03-16T02:17:22.917+05:30  INFO 21276 --- [E_Commerce_Backend_System] [main] o.s.v.b.OptionalValidatorFactoryBean     : Failed to set up a Bean Validation provider: jakarta.validation.NoProviderFoundException: Unable to create a Configuration, because no Jakarta Validation provider could be found. Add a provider like Hibernate Validator (RI) to your classpath.
2026-03-16T02:17:23.314+05:30  INFO 21276 --- [E_Commerce_Backend_System] [main] o.s.boot.tomcat.TomcatWebServer          : Tomcat started on port 8080 (http) with context path '/'
2026-03-16T02:17:23.320+05:30  INFO 21276 --- [E_Commerce_Backend_System] [main] c.i.E.ECommerceBackendSystemApplication  : Started ECommerceBackendSystemApplication in 5.25 seconds (process running for 5.913)
2026-03-16T02:17:27.943+05:30  INFO 21276 --- [E_Commerce_Backend_System] [http-nio-8080-exec-1] o.a.c.c.C.[Tomcat].[localhost].[/]       : Initializing Spring DispatcherServlet 'dispatcherServlet'
2026-03-16T02:17:27.944+05:30  INFO 21276 --- [E_Commerce_Backend_System] [http-nio-8080-exec-1] o.s.web.servlet.DispatcherServlet        : Initializing Servlet 'dispatcherServlet'
2026-03-16T02:17:27.947+05:30  INFO 21276 --- [E_Commerce_Backend_System] [http-nio-8080-exec-1] o.s.web.servlet.DispatcherServlet        : Completed initialization in 2 ms
2026-03-16T02:17:28.529+05:30 DEBUG 21276 --- [E_Commerce_Backend_System] [http-nio-8080-exec-1] c.i.E.service.DemoUserService            : Attempting to load user details for username: 'Rajesh'
2026-03-16T02:17:28.711+05:30 DEBUG 21276 --- [E_Commerce_Backend_System] [http-nio-8080-exec-1] c.i.E.service.DemoUserService            : Successfully loaded user details for username: 'Rajesh'
2026-03-16T02:17:29.538+05:30 DEBUG 21276 --- [E_Commerce_Backend_System] [http-nio-8080-exec-3] c.i.E.service.DemoUserService            : Attempting to load user details for username: 'Rajesh'
2026-03-16T02:17:29.546+05:30 DEBUG 21276 --- [E_Commerce_Backend_System] [http-nio-8080-exec-2] c.i.E.service.DemoUserService            : Attempting to load user details for username: 'Rajesh'
2026-03-16T02:17:29.547+05:30 DEBUG 21276 --- [E_Commerce_Backend_System] [http-nio-8080-exec-6] c.i.E.service.DemoUserService            : Attempting to load user details for username: 'Rajesh'
2026-03-16T02:17:29.547+05:30 DEBUG 21276 --- [E_Commerce_Backend_System] [http-nio-8080-exec-4] c.i.E.service.DemoUserService            : Attempting to load user details for username: 'Rajesh'
2026-03-16T02:17:29.548+05:30 DEBUG 21276 --- [E_Commerce_Backend_System] [http-nio-8080-exec-5] c.i.E.service.DemoUserService            : Attempting to load user details for username: 'Rajesh'
2026-03-16T02:17:29.550+05:30 DEBUG 21276 --- [E_Commerce_Backend_System] [http-nio-8080-exec-3] c.i.E.service.DemoUserService            : Successfully loaded user details for username: 'Rajesh'
2026-03-16T02:17:29.552+05:30 DEBUG 21276 --- [E_Commerce_Backend_System] [http-nio-8080-exec-2] c.i.E.service.DemoUserService            : Successfully loaded user details for username: 'Rajesh'
2026-03-16T02:17:29.552+05:30 DEBUG 21276 --- [E_Commerce_Backend_System] [http-nio-8080-exec-5] c.i.E.service.DemoUserService            : Successfully loaded user details for username: 'Rajesh'
2026-03-16T02:17:29.552+05:30 DEBUG 21276 --- [E_Commerce_Backend_System] [http-nio-8080-exec-4] c.i.E.service.DemoUserService            : Successfully loaded user details for username: 'Rajesh'
2026-03-16T02:17:29.553+05:30 DEBUG 21276 --- [E_Commerce_Backend_System] [http-nio-8080-exec-6] c.i.E.service.DemoUserService            : Successfully loaded user details for username: 'Rajesh'
2026-03-16T02:17:30.403+05:30 DEBUG 21276 --- [E_Commerce_Backend_System] [http-nio-8080-exec-7] c.i.E.service.DemoUserService            : Attempting to load user details for username: 'Rajesh'
2026-03-16T02:17:30.414+05:30 DEBUG 21276 --- [E_Commerce_Backend_System] [http-nio-8080-exec-8] c.i.E.service.DemoUserService            : Attempting to load user details for username: 'Rajesh'
2026-03-16T02:17:30.420+05:30 DEBUG 21276 --- [E_Commerce_Backend_System] [http-nio-8080-exec-7] c.i.E.service.DemoUserService            : Successfully loaded user details for username: 'Rajesh'
2026-03-16T02:17:30.426+05:30 DEBUG 21276 --- [E_Commerce_Backend_System] [http-nio-8080-exec-8] c.i.E.service.DemoUserService            : Successfully loaded user details for username: 'Rajesh'
2026-03-16T02:17:31.176+05:30 DEBUG 21276 --- [E_Commerce_Backend_System] [http-nio-8080-exec-10] c.i.E.service.DemoUserService            : Attempting to load user details for username: 'Rajesh'
2026-03-16T02:17:31.186+05:30 DEBUG 21276 --- [E_Commerce_Backend_System] [http-nio-8080-exec-10] c.i.E.service.DemoUserService            : Successfully loaded user details for username: 'Rajesh'
2026-03-16T02:17:32.671+05:30  INFO 21276 --- [E_Commerce_Backend_System] [http-nio-8080-exec-10] o.springdoc.api.AbstractOpenApiResource  : Init duration for springdoc-openapi is: 915 ms
2026-03-16T02:22:27.995+05:30  INFO 21276 --- [E_Commerce_Backend_System] [RMI TCP Connection(7)-127.0.0.1] inMXBeanRegistrar$SpringApplicationAdmin : Application shutdown requested.
2026-03-16T02:22:27.999+05:30  INFO 21276 --- [E_Commerce_Backend_System] [RMI TCP Connection(7)-127.0.0.1] o.s.boot.tomcat.GracefulShutdown         : Commencing graceful shutdown. Waiting for active requests to complete
2026-03-16T02:22:28.008+05:30  INFO 21276 --- [E_Commerce_Backend_System] [tomcat-shutdown] o.s.boot.tomcat.GracefulShutdown         : Graceful shutdown complete
2026-03-16T02:22:28.013+05:30  INFO 21276 --- [E_Commerce_Backend_System] [RMI TCP Connection(7)-127.0.0.1] j.LocalContainerEntityManagerFactoryBean : Closing JPA EntityManagerFactory for persistence unit 'default'
2026-03-16T02:22:28.015+05:30  INFO 21276 --- [E_Commerce_Backend_System] [RMI TCP Connection(7)-127.0.0.1] com.zaxxer.hikari.HikariDataSource       : ECommerceBackendSystemApplication - Shutdown initiated...
2026-03-16T02:22:28.022+05:30  INFO 21276 --- [E_Commerce_Backend_System] [RMI TCP Connection(7)-127.0.0.1] com.zaxxer.hikari.HikariDataSource       : ECommerceBackendSystemApplication - Shutdown completed.
2026-03-16T02:29:20.761+05:30  INFO 9528 --- [E_Commerce_Backend_System] [main] c.i.E.ECommerceBackendSystemApplication  : Starting ECommerceBackendSystemApplication using Java 21.0.9 with PID 9528 (D:\JAVA-PROGRAMMING\ProductionJava\E_Commerce_Backend_System\target\classes started by rkjra in D:\JAVA-PROGRAMMING\ProductionJava\E_Commerce_Backend_System)
2026-03-16T02:29:20.764+05:30  INFO 9528 --- [E_Commerce_Backend_System] [main] c.i.E.ECommerceBackendSystemApplication  : No active profile set, falling back to 1 default profile: "default"
2026-03-16T02:29:21.488+05:30  INFO 9528 --- [E_Commerce_Backend_System] [main] .s.d.r.c.RepositoryConfigurationDelegate : Bootstrapping Spring Data JPA repositories in DEFAULT mode.
2026-03-16T02:29:21.540+05:30  INFO 9528 --- [E_Commerce_Backend_System] [main] .s.d.r.c.RepositoryConfigurationDelegate : Finished Spring Data repository scanning in 42 ms. Found 6 JPA repository interfaces.
2026-03-16T02:29:22.029+05:30  INFO 9528 --- [E_Commerce_Backend_System] [main] o.s.boot.tomcat.TomcatWebServer          : Tomcat initialized with port 8080 (http)
2026-03-16T02:29:22.044+05:30  INFO 9528 --- [E_Commerce_Backend_System] [main] o.apache.catalina.core.StandardService   : Starting service [Tomcat]
2026-03-16T02:29:22.044+05:30  INFO 9528 --- [E_Commerce_Backend_System] [main] o.apache.catalina.core.StandardEngine    : Starting Servlet engine: [Apache Tomcat/11.0.18]
2026-03-16T02:29:22.105+05:30  INFO 9528 --- [E_Commerce_Backend_System] [main] b.w.c.s.WebApplicationContextInitializer : Root WebApplicationContext: initialization completed in 1293 ms
2026-03-16T02:29:22.246+05:30  INFO 9528 --- [E_Commerce_Backend_System] [main] org.hibernate.orm.jpa                    : HHH008540: Processing PersistenceUnitInfo [name: default]
2026-03-16T02:29:22.325+05:30  INFO 9528 --- [E_Commerce_Backend_System] [main] org.hibernate.orm.core                   : HHH000001: Hibernate ORM core version 7.2.4.Final
2026-03-16T02:29:22.838+05:30  INFO 9528 --- [E_Commerce_Backend_System] [main] o.s.o.j.p.SpringPersistenceUnitInfo      : No LoadTimeWeaver setup: ignoring JPA class transformer
2026-03-16T02:29:22.882+05:30  INFO 9528 --- [E_Commerce_Backend_System] [main] com.zaxxer.hikari.HikariDataSource       : ECommerceBackendSystemApplication - Starting...
2026-03-16T02:29:23.209+05:30  INFO 9528 --- [E_Commerce_Backend_System] [main] com.zaxxer.hikari.pool.HikariPool        : ECommerceBackendSystemApplication - Added connection com.mysql.cj.jdbc.ConnectionImpl@5b0835cb
2026-03-16T02:29:23.211+05:30  INFO 9528 --- [E_Commerce_Backend_System] [main] com.zaxxer.hikari.HikariDataSource       : ECommerceBackendSystemApplication - Start completed.
2026-03-16T02:29:23.273+05:30  WARN 9528 --- [E_Commerce_Backend_System] [main] org.hibernate.orm.deprecation            : HHH90000025: MySQLDialect does not need to be specified explicitly using 'hibernate.dialect' (remove the property setting and it will be selected by default)
2026-03-16T02:29:23.295+05:30  INFO 9528 --- [E_Commerce_Backend_System] [main] org.hibernate.orm.connections.pooling    : HHH10001005: Database info:
	Database JDBC URL [jdbc:mysql://localhost:3306/inctureECommerceDatabase]
	Database driver: MySQL Connector/J
	Database dialect: MySQLDialect
	Database version: 8.0.34
	Default catalog/schema: inctureECommerceDatabase/undefined
	Autocommit mode: undefined/unknown
	Isolation level: REPEATABLE_READ [default REPEATABLE_READ]
	JDBC fetch size: none
	Pool: DataSourceConnectionProvider
	Minimum pool size: undefined/unknown
	Maximum pool size: undefined/unknown
2026-03-16T02:29:24.370+05:30  INFO 9528 --- [E_Commerce_Backend_System] [main] org.hibernate.orm.core                   : HHH000489: No JTA platform available (set 'hibernate.transaction.jta.platform' to enable JTA platform integration)
2026-03-16T02:29:24.470+05:30  INFO 9528 --- [E_Commerce_Backend_System] [main] j.LocalContainerEntityManagerFactoryBean : Initialized JPA EntityManagerFactory for persistence unit 'default'
2026-03-16T02:29:24.538+05:30  INFO 9528 --- [E_Commerce_Backend_System] [main] o.s.d.j.r.query.QueryEnhancerFactories   : Hibernate is in classpath; If applicable, HQL parser will be used.
2026-03-16T02:29:25.482+05:30  INFO 9528 --- [E_Commerce_Backend_System] [main] eAuthenticationProviderManagerConfigurer : Global AuthenticationManager configured with AuthenticationProvider bean with name authenticationProvider
2026-03-16T02:29:25.483+05:30  WARN 9528 --- [E_Commerce_Backend_System] [main] r$InitializeUserDetailsManagerConfigurer : Global AuthenticationManager configured with an AuthenticationProvider bean. UserDetailsService beans will not be used by Spring Security for automatically configuring username/password login. Consider removing the AuthenticationProvider bean. Alternatively, consider using the UserDetailsService in a manually instantiated DaoAuthenticationProvider. If the current configuration is intentional, to turn off this warning, increase the logging level of 'org.springframework.security.config.annotation.authentication.configuration.InitializeUserDetailsBeanManagerConfigurer' to ERROR
2026-03-16T02:29:25.604+05:30  WARN 9528 --- [E_Commerce_Backend_System] [main] JpaBaseConfiguration$JpaWebConfiguration : spring.jpa.open-in-view is enabled by default. Therefore, database queries may be performed during view rendering. Explicitly configure spring.jpa.open-in-view to disable this warning
2026-03-16T02:29:25.888+05:30  INFO 9528 --- [E_Commerce_Backend_System] [main] o.s.v.b.OptionalValidatorFactoryBean     : Failed to set up a Bean Validation provider: jakarta.validation.NoProviderFoundException: Unable to create a Configuration, because no Jakarta Validation provider could be found. Add a provider like Hibernate Validator (RI) to your classpath.
2026-03-16T02:29:26.289+05:30  INFO 9528 --- [E_Commerce_Backend_System] [main] o.s.boot.tomcat.TomcatWebServer          : Tomcat started on port 8080 (http) with context path '/'
2026-03-16T02:29:26.295+05:30  INFO 9528 --- [E_Commerce_Backend_System] [main] c.i.E.ECommerceBackendSystemApplication  : Started ECommerceBackendSystemApplication in 5.89 seconds (process running for 6.517)
2026-03-16T02:29:32.994+05:30  INFO 9528 --- [E_Commerce_Backend_System] [http-nio-8080-exec-2] o.a.c.c.C.[Tomcat].[localhost].[/]       : Initializing Spring DispatcherServlet 'dispatcherServlet'
2026-03-16T02:29:32.995+05:30  INFO 9528 --- [E_Commerce_Backend_System] [http-nio-8080-exec-2] o.s.web.servlet.DispatcherServlet        : Initializing Servlet 'dispatcherServlet'
2026-03-16T02:29:32.999+05:30  INFO 9528 --- [E_Commerce_Backend_System] [http-nio-8080-exec-2] o.s.web.servlet.DispatcherServlet        : Completed initialization in 4 ms
2026-03-16T02:29:33.535+05:30 DEBUG 9528 --- [E_Commerce_Backend_System] [http-nio-8080-exec-2] c.i.E.service.DemoUserService            : Attempting to load user details for username: 'Rajesh'
2026-03-16T02:29:33.743+05:30 DEBUG 9528 --- [E_Commerce_Backend_System] [http-nio-8080-exec-2] c.i.E.service.DemoUserService            : Successfully loaded user details for username: 'Rajesh'
2026-03-16T02:29:34.620+05:30 DEBUG 9528 --- [E_Commerce_Backend_System] [http-nio-8080-exec-1] c.i.E.service.DemoUserService            : Attempting to load user details for username: 'Rajesh'
2026-03-16T02:29:34.627+05:30 DEBUG 9528 --- [E_Commerce_Backend_System] [http-nio-8080-exec-3] c.i.E.service.DemoUserService            : Attempting to load user details for username: 'Rajesh'
2026-03-16T02:29:34.628+05:30 DEBUG 9528 --- [E_Commerce_Backend_System] [http-nio-8080-exec-5] c.i.E.service.DemoUserService            : Attempting to load user details for username: 'Rajesh'
2026-03-16T02:29:34.628+05:30 DEBUG 9528 --- [E_Commerce_Backend_System] [http-nio-8080-exec-4] c.i.E.service.DemoUserService            : Attempting to load user details for username: 'Rajesh'
2026-03-16T02:29:34.628+05:30 DEBUG 9528 --- [E_Commerce_Backend_System] [http-nio-8080-exec-6] c.i.E.service.DemoUserService            : Attempting to load user details for username: 'Rajesh'
2026-03-16T02:29:34.629+05:30 DEBUG 9528 --- [E_Commerce_Backend_System] [http-nio-8080-exec-1] c.i.E.service.DemoUserService            : Successfully loaded user details for username: 'Rajesh'
2026-03-16T02:29:34.634+05:30 DEBUG 9528 --- [E_Commerce_Backend_System] [http-nio-8080-exec-6] c.i.E.service.DemoUserService            : Successfully loaded user details for username: 'Rajesh'
2026-03-16T02:29:34.634+05:30 DEBUG 9528 --- [E_Commerce_Backend_System] [http-nio-8080-exec-5] c.i.E.service.DemoUserService            : Successfully loaded user details for username: 'Rajesh'
2026-03-16T02:29:34.634+05:30 DEBUG 9528 --- [E_Commerce_Backend_System] [http-nio-8080-exec-4] c.i.E.service.DemoUserService            : Successfully loaded user details for username: 'Rajesh'
2026-03-16T02:29:34.634+05:30 DEBUG 9528 --- [E_Commerce_Backend_System] [http-nio-8080-exec-3] c.i.E.service.DemoUserService            : Successfully loaded user details for username: 'Rajesh'
2026-03-16T02:29:35.508+05:30 DEBUG 9528 --- [E_Commerce_Backend_System] [http-nio-8080-exec-7] c.i.E.service.DemoUserService            : Attempting to load user details for username: 'Rajesh'
2026-03-16T02:29:35.517+05:30 DEBUG 9528 --- [E_Commerce_Backend_System] [http-nio-8080-exec-10] c.i.E.service.DemoUserService            : Attempting to load user details for username: 'Rajesh'
2026-03-16T02:29:35.523+05:30 DEBUG 9528 --- [E_Commerce_Backend_System] [http-nio-8080-exec-7] c.i.E.service.DemoUserService            : Successfully loaded user details for username: 'Rajesh'
2026-03-16T02:29:35.526+05:30 DEBUG 9528 --- [E_Commerce_Backend_System] [http-nio-8080-exec-10] c.i.E.service.DemoUserService            : Successfully loaded user details for username: 'Rajesh'
2026-03-16T02:29:36.232+05:30 DEBUG 9528 --- [E_Commerce_Backend_System] [http-nio-8080-exec-9] c.i.E.service.DemoUserService            : Attempting to load user details for username: 'Rajesh'
2026-03-16T02:29:36.242+05:30 DEBUG 9528 --- [E_Commerce_Backend_System] [http-nio-8080-exec-9] c.i.E.service.DemoUserService            : Successfully loaded user details for username: 'Rajesh'
2026-03-16T02:29:37.995+05:30  INFO 9528 --- [E_Commerce_Backend_System] [http-nio-8080-exec-9] o.springdoc.api.AbstractOpenApiResource  : Init duration for springdoc-openapi is: 1018 ms
2026-03-16T02:30:38.348+05:30  INFO 9528 --- [E_Commerce_Backend_System] [RMI TCP Connection(3)-127.0.0.1] inMXBeanRegistrar$SpringApplicationAdmin : Application shutdown requested.
2026-03-16T02:30:38.352+05:30  INFO 9528 --- [E_Commerce_Backend_System] [RMI TCP Connection(3)-127.0.0.1] o.s.boot.tomcat.GracefulShutdown         : Commencing graceful shutdown. Waiting for active requests to complete
2026-03-16T02:30:38.360+05:30  INFO 9528 --- [E_Commerce_Backend_System] [tomcat-shutdown] o.s.boot.tomcat.GracefulShutdown         : Graceful shutdown complete
2026-03-16T02:30:38.366+05:30  INFO 9528 --- [E_Commerce_Backend_System] [RMI TCP Connection(3)-127.0.0.1] j.LocalContainerEntityManagerFactoryBean : Closing JPA EntityManagerFactory for persistence unit 'default'
2026-03-16T02:30:38.368+05:30  INFO 9528 --- [E_Commerce_Backend_System] [RMI TCP Connection(3)-127.0.0.1] com.zaxxer.hikari.HikariDataSource       : ECommerceBackendSystemApplication - Shutdown initiated...
2026-03-16T02:30:38.377+05:30  INFO 9528 --- [E_Commerce_Backend_System] [RMI TCP Connection(3)-127.0.0.1] com.zaxxer.hikari.HikariDataSource       : ECommerceBackendSystemApplication - Shutdown completed.
2026-03-16T02:30:40.474+05:30  INFO 20036 --- [E_Commerce_Backend_System] [main] c.i.E.ECommerceBackendSystemApplication  : Starting ECommerceBackendSystemApplication using Java 21.0.9 with PID 20036 (D:\JAVA-PROGRAMMING\ProductionJava\E_Commerce_Backend_System\target\classes started by rkjra in D:\JAVA-PROGRAMMING\ProductionJava\E_Commerce_Backend_System)
2026-03-16T02:30:40.479+05:30  INFO 20036 --- [E_Commerce_Backend_System] [main] c.i.E.ECommerceBackendSystemApplication  : No active profile set, falling back to 1 default profile: "default"
2026-03-16T02:30:41.204+05:30  INFO 20036 --- [E_Commerce_Backend_System] [main] .s.d.r.c.RepositoryConfigurationDelegate : Bootstrapping Spring Data JPA repositories in DEFAULT mode.
2026-03-16T02:30:41.261+05:30  INFO 20036 --- [E_Commerce_Backend_System] [main] .s.d.r.c.RepositoryConfigurationDelegate : Finished Spring Data repository scanning in 50 ms. Found 6 JPA repository interfaces.
2026-03-16T02:30:41.741+05:30  INFO 20036 --- [E_Commerce_Backend_System] [main] o.s.boot.tomcat.TomcatWebServer          : Tomcat initialized with port 8080 (http)
2026-03-16T02:30:41.757+05:30  INFO 20036 --- [E_Commerce_Backend_System] [main] o.apache.catalina.core.StandardService   : Starting service [Tomcat]
2026-03-16T02:30:41.757+05:30  INFO 20036 --- [E_Commerce_Backend_System] [main] o.apache.catalina.core.StandardEngine    : Starting Servlet engine: [Apache Tomcat/11.0.18]
2026-03-16T02:30:41.804+05:30  INFO 20036 --- [E_Commerce_Backend_System] [main] b.w.c.s.WebApplicationContextInitializer : Root WebApplicationContext: initialization completed in 1271 ms
2026-03-16T02:30:41.938+05:30  INFO 20036 --- [E_Commerce_Backend_System] [main] org.hibernate.orm.jpa                    : HHH008540: Processing PersistenceUnitInfo [name: default]
2026-03-16T02:30:41.984+05:30  INFO 20036 --- [E_Commerce_Backend_System] [main] org.hibernate.orm.core                   : HHH000001: Hibernate ORM core version 7.2.4.Final
2026-03-16T02:30:42.356+05:30  INFO 20036 --- [E_Commerce_Backend_System] [main] o.s.o.j.p.SpringPersistenceUnitInfo      : No LoadTimeWeaver setup: ignoring JPA class transformer
2026-03-16T02:30:42.384+05:30  INFO 20036 --- [E_Commerce_Backend_System] [main] com.zaxxer.hikari.HikariDataSource       : ECommerceBackendSystemApplication - Starting...
2026-03-16T02:30:42.693+05:30  INFO 20036 --- [E_Commerce_Backend_System] [main] com.zaxxer.hikari.pool.HikariPool        : ECommerceBackendSystemApplication - Added connection com.mysql.cj.jdbc.ConnectionImpl@4a9ff419
2026-03-16T02:30:42.694+05:30  INFO 20036 --- [E_Commerce_Backend_System] [main] com.zaxxer.hikari.HikariDataSource       : ECommerceBackendSystemApplication - Start completed.
2026-03-16T02:30:42.742+05:30  WARN 20036 --- [E_Commerce_Backend_System] [main] org.hibernate.orm.deprecation            : HHH90000025: MySQLDialect does not need to be specified explicitly using 'hibernate.dialect' (remove the property setting and it will be selected by default)
2026-03-16T02:30:42.759+05:30  INFO 20036 --- [E_Commerce_Backend_System] [main] org.hibernate.orm.connections.pooling    : HHH10001005: Database info:
	Database JDBC URL [jdbc:mysql://localhost:3306/inctureECommerceDatabase]
	Database driver: MySQL Connector/J
	Database dialect: MySQLDialect
	Database version: 8.0.34
	Default catalog/schema: inctureECommerceDatabase/undefined
	Autocommit mode: undefined/unknown
	Isolation level: REPEATABLE_READ [default REPEATABLE_READ]
	JDBC fetch size: none
	Pool: DataSourceConnectionProvider
	Minimum pool size: undefined/unknown
	Maximum pool size: undefined/unknown
2026-03-16T02:30:43.576+05:30  INFO 20036 --- [E_Commerce_Backend_System] [main] org.hibernate.orm.core                   : HHH000489: No JTA platform available (set 'hibernate.transaction.jta.platform' to enable JTA platform integration)
2026-03-16T02:30:43.661+05:30  INFO 20036 --- [E_Commerce_Backend_System] [main] j.LocalContainerEntityManagerFactoryBean : Initialized JPA EntityManagerFactory for persistence unit 'default'
2026-03-16T02:30:43.729+05:30  INFO 20036 --- [E_Commerce_Backend_System] [main] o.s.d.j.r.query.QueryEnhancerFactories   : Hibernate is in classpath; If applicable, HQL parser will be used.
2026-03-16T02:30:44.532+05:30  INFO 20036 --- [E_Commerce_Backend_System] [main] eAuthenticationProviderManagerConfigurer : Global AuthenticationManager configured with AuthenticationProvider bean with name authenticationProvider
2026-03-16T02:30:44.532+05:30  WARN 20036 --- [E_Commerce_Backend_System] [main] r$InitializeUserDetailsManagerConfigurer : Global AuthenticationManager configured with an AuthenticationProvider bean. UserDetailsService beans will not be used by Spring Security for automatically configuring username/password login. Consider removing the AuthenticationProvider bean. Alternatively, consider using the UserDetailsService in a manually instantiated DaoAuthenticationProvider. If the current configuration is intentional, to turn off this warning, increase the logging level of 'org.springframework.security.config.annotation.authentication.configuration.InitializeUserDetailsBeanManagerConfigurer' to ERROR
2026-03-16T02:30:44.639+05:30  WARN 20036 --- [E_Commerce_Backend_System] [main] JpaBaseConfiguration$JpaWebConfiguration : spring.jpa.open-in-view is enabled by default. Therefore, database queries may be performed during view rendering. Explicitly configure spring.jpa.open-in-view to disable this warning
2026-03-16T02:30:44.916+05:30  INFO 20036 --- [E_Commerce_Backend_System] [main] o.s.v.b.OptionalValidatorFactoryBean     : Failed to set up a Bean Validation provider: jakarta.validation.NoProviderFoundException: Unable to create a Configuration, because no Jakarta Validation provider could be found. Add a provider like Hibernate Validator (RI) to your classpath.
2026-03-16T02:30:45.311+05:30  INFO 20036 --- [E_Commerce_Backend_System] [main] o.s.boot.tomcat.TomcatWebServer          : Tomcat started on port 8080 (http) with context path '/'
2026-03-16T02:30:45.317+05:30  INFO 20036 --- [E_Commerce_Backend_System] [main] c.i.E.ECommerceBackendSystemApplication  : Started ECommerceBackendSystemApplication in 5.256 seconds (process running for 5.885)
2026-03-16T02:30:48.680+05:30  INFO 20036 --- [E_Commerce_Backend_System] [http-nio-8080-exec-1] o.a.c.c.C.[Tomcat].[localhost].[/]       : Initializing Spring DispatcherServlet 'dispatcherServlet'
2026-03-16T02:30:48.681+05:30  INFO 20036 --- [E_Commerce_Backend_System] [http-nio-8080-exec-1] o.s.web.servlet.DispatcherServlet        : Initializing Servlet 'dispatcherServlet'
2026-03-16T02:30:48.684+05:30  INFO 20036 --- [E_Commerce_Backend_System] [http-nio-8080-exec-1] o.s.web.servlet.DispatcherServlet        : Completed initialization in 3 ms
2026-03-16T02:30:49.251+05:30 DEBUG 20036 --- [E_Commerce_Backend_System] [http-nio-8080-exec-1] c.i.E.service.DemoUserService            : Attempting to load user details for username: 'Rajesh'
2026-03-16T02:30:49.518+05:30 DEBUG 20036 --- [E_Commerce_Backend_System] [http-nio-8080-exec-1] c.i.E.service.DemoUserService            : Successfully loaded user details for username: 'Rajesh'
2026-03-16T02:30:50.359+05:30 DEBUG 20036 --- [E_Commerce_Backend_System] [http-nio-8080-exec-5] c.i.E.service.DemoUserService            : Attempting to load user details for username: 'Rajesh'
2026-03-16T02:30:50.359+05:30 DEBUG 20036 --- [E_Commerce_Backend_System] [http-nio-8080-exec-2] c.i.E.service.DemoUserService            : Attempting to load user details for username: 'Rajesh'
2026-03-16T02:30:50.360+05:30 DEBUG 20036 --- [E_Commerce_Backend_System] [http-nio-8080-exec-3] c.i.E.service.DemoUserService            : Attempting to load user details for username: 'Rajesh'
2026-03-16T02:30:50.360+05:30 DEBUG 20036 --- [E_Commerce_Backend_System] [http-nio-8080-exec-4] c.i.E.service.DemoUserService            : Attempting to load user details for username: 'Rajesh'
2026-03-16T02:30:50.366+05:30 DEBUG 20036 --- [E_Commerce_Backend_System] [http-nio-8080-exec-2] c.i.E.service.DemoUserService            : Successfully loaded user details for username: 'Rajesh'
2026-03-16T02:30:50.366+05:30 DEBUG 20036 --- [E_Commerce_Backend_System] [http-nio-8080-exec-4] c.i.E.service.DemoUserService            : Successfully loaded user details for username: 'Rajesh'
2026-03-16T02:30:50.367+05:30 DEBUG 20036 --- [E_Commerce_Backend_System] [http-nio-8080-exec-5] c.i.E.service.DemoUserService            : Successfully loaded user details for username: 'Rajesh'
2026-03-16T02:30:50.366+05:30 DEBUG 20036 --- [E_Commerce_Backend_System] [http-nio-8080-exec-3] c.i.E.service.DemoUserService            : Successfully loaded user details for username: 'Rajesh'
2026-03-16T02:30:51.306+05:30 DEBUG 20036 --- [E_Commerce_Backend_System] [http-nio-8080-exec-6] c.i.E.service.DemoUserService            : Attempting to load user details for username: 'Rajesh'
2026-03-16T02:30:51.319+05:30 DEBUG 20036 --- [E_Commerce_Backend_System] [http-nio-8080-exec-6] c.i.E.service.DemoUserService            : Successfully loaded user details for username: 'Rajesh'
2026-03-16T02:30:52.001+05:30 DEBUG 20036 --- [E_Commerce_Backend_System] [http-nio-8080-exec-7] c.i.E.service.DemoUserService            : Attempting to load user details for username: 'Rajesh'
2026-03-16T02:30:52.010+05:30 DEBUG 20036 --- [E_Commerce_Backend_System] [http-nio-8080-exec-7] c.i.E.service.DemoUserService            : Successfully loaded user details for username: 'Rajesh'
2026-03-16T02:30:53.374+05:30  INFO 20036 --- [E_Commerce_Backend_System] [http-nio-8080-exec-7] o.springdoc.api.AbstractOpenApiResource  : Init duration for springdoc-openapi is: 813 ms
2026-03-16T02:31:44.831+05:30  INFO 20036 --- [E_Commerce_Backend_System] [RMI TCP Connection(3)-127.0.0.1] inMXBeanRegistrar$SpringApplicationAdmin : Application shutdown requested.
2026-03-16T02:31:44.835+05:30  INFO 20036 --- [E_Commerce_Backend_System] [RMI TCP Connection(3)-127.0.0.1] o.s.boot.tomcat.GracefulShutdown         : Commencing graceful shutdown. Waiting for active requests to complete
2026-03-16T02:31:44.847+05:30  INFO 20036 --- [E_Commerce_Backend_System] [tomcat-shutdown] o.s.boot.tomcat.GracefulShutdown         : Graceful shutdown complete
2026-03-16T02:31:44.853+05:30  INFO 20036 --- [E_Commerce_Backend_System] [RMI TCP Connection(3)-127.0.0.1] j.LocalContainerEntityManagerFactoryBean : Closing JPA EntityManagerFactory for persistence unit 'default'
2026-03-16T02:31:44.857+05:30  INFO 20036 --- [E_Commerce_Backend_System] [RMI TCP Connection(3)-127.0.0.1] com.zaxxer.hikari.HikariDataSource       : ECommerceBackendSystemApplication - Shutdown initiated...
2026-03-16T02:31:44.864+05:30  INFO 20036 --- [E_Commerce_Backend_System] [RMI TCP Connection(3)-127.0.0.1] com.zaxxer.hikari.HikariDataSource       : ECommerceBackendSystemApplication - Shutdown completed.
2026-03-16T23:23:06.210+05:30  INFO 2440 --- [E_Commerce_Backend_System] [main] c.i.E.ECommerceBackendSystemApplication  : Starting ECommerceBackendSystemApplication using Java 21.0.9 with PID 2440 (D:\JAVA-PROGRAMMING\ProductionJava\E_Commerce_Backend_System\target\classes started by rkjra in D:\JAVA-PROGRAMMING\ProductionJava\E_Commerce_Backend_System)
2026-03-16T23:23:06.216+05:30  INFO 2440 --- [E_Commerce_Backend_System] [main] c.i.E.ECommerceBackendSystemApplication  : No active profile set, falling back to 1 default profile: "default"
2026-03-16T23:23:08.020+05:30  INFO 2440 --- [E_Commerce_Backend_System] [main] .s.d.r.c.RepositoryConfigurationDelegate : Bootstrapping Spring Data JPA repositories in DEFAULT mode.
2026-03-16T23:23:08.103+05:30  INFO 2440 --- [E_Commerce_Backend_System] [main] .s.d.r.c.RepositoryConfigurationDelegate : Finished Spring Data repository scanning in 71 ms. Found 6 JPA repository interfaces.
2026-03-16T23:23:08.871+05:30  INFO 2440 --- [E_Commerce_Backend_System] [main] o.s.boot.tomcat.TomcatWebServer          : Tomcat initialized with port 8080 (http)
2026-03-16T23:23:08.892+05:30  INFO 2440 --- [E_Commerce_Backend_System] [main] o.apache.catalina.core.StandardService   : Starting service [Tomcat]
2026-03-16T23:23:08.892+05:30  INFO 2440 --- [E_Commerce_Backend_System] [main] o.apache.catalina.core.StandardEngine    : Starting Servlet engine: [Apache Tomcat/11.0.18]
2026-03-16T23:23:08.968+05:30  INFO 2440 --- [E_Commerce_Backend_System] [main] b.w.c.s.WebApplicationContextInitializer : Root WebApplicationContext: initialization completed in 2689 ms
2026-03-16T23:23:09.181+05:30  INFO 2440 --- [E_Commerce_Backend_System] [main] org.hibernate.orm.jpa                    : HHH008540: Processing PersistenceUnitInfo [name: default]
2026-03-16T23:23:09.278+05:30  INFO 2440 --- [E_Commerce_Backend_System] [main] org.hibernate.orm.core                   : HHH000001: Hibernate ORM core version 7.2.4.Final
2026-03-16T23:23:09.907+05:30  INFO 2440 --- [E_Commerce_Backend_System] [main] o.s.o.j.p.SpringPersistenceUnitInfo      : No LoadTimeWeaver setup: ignoring JPA class transformer
2026-03-16T23:23:09.960+05:30  INFO 2440 --- [E_Commerce_Backend_System] [main] com.zaxxer.hikari.HikariDataSource       : ECommerceBackendSystemApplication - Starting...
2026-03-16T23:23:11.109+05:30  WARN 2440 --- [E_Commerce_Backend_System] [main] org.hibernate.orm.jdbc.error             : HHH000247: ErrorCode: 0, SQLState: 08S01
2026-03-16T23:23:11.109+05:30  WARN 2440 --- [E_Commerce_Backend_System] [main] org.hibernate.orm.jdbc.error             : Communications link failure

The last packet sent successfully to the server was 0 milliseconds ago. The driver has not received any packets from the server.
2026-03-16T23:23:11.111+05:30  WARN 2440 --- [E_Commerce_Backend_System] [main] org.hibernate.orm.jdbc                   : HHH100046: Could not obtain connection to query JDBC database metadata

org.hibernate.exception.JDBCConnectionException: Unable to obtain isolated JDBC connection [Communications link failure

The last packet sent successfully to the server was 0 milliseconds ago. The driver has not received any packets from the server.] [n/a]
	at org.hibernate.exception.internal.SQLStateConversionDelegate.convert(SQLStateConversionDelegate.java:80) ~[hibernate-core-7.2.4.Final.jar:7.2.4.Final]
	at org.hibernate.exception.internal.StandardSQLExceptionConverter.convert(StandardSQLExceptionConverter.java:34) ~[hibernate-core-7.2.4.Final.jar:7.2.4.Final]
	at org.hibernate.engine.jdbc.spi.SqlExceptionHelper.convert(SqlExceptionHelper.java:115) ~[hibernate-core-7.2.4.Final.jar:7.2.4.Final]
	at org.hibernate.engine.jdbc.spi.SqlExceptionHelper.convert(SqlExceptionHelper.java:101) ~[hibernate-core-7.2.4.Final.jar:7.2.4.Final]
	at org.hibernate.resource.transaction.backend.jdbc.internal.JdbcIsolationDelegate.delegateWork(JdbcIsolationDelegate.java:51) ~[hibernate-core-7.2.4.Final.jar:7.2.4.Final]
	at org.hibernate.engine.jdbc.env.internal.JdbcEnvironmentInitiator.getJdbcEnvironmentUsingJdbcMetadata(JdbcEnvironmentInitiator.java:366) ~[hibernate-core-7.2.4.Final.jar:7.2.4.Final]
	at org.hibernate.engine.jdbc.env.internal.JdbcEnvironmentInitiator.getJdbcEnvironment(JdbcEnvironmentInitiator.java:143) ~[hibernate-core-7.2.4.Final.jar:7.2.4.Final]
	at org.hibernate.engine.jdbc.env.internal.JdbcEnvironmentInitiator.initiateService(JdbcEnvironmentInitiator.java:120) ~[hibernate-core-7.2.4.Final.jar:7.2.4.Final]
	at org.hibernate.engine.jdbc.env.internal.JdbcEnvironmentInitiator.initiateService(JdbcEnvironmentInitiator.java:80) ~[hibernate-core-7.2.4.Final.jar:7.2.4.Final]
	at org.hibernate.boot.registry.internal.StandardServiceRegistryImpl.initiateService(StandardServiceRegistryImpl.java:133) ~[hibernate-core-7.2.4.Final.jar:7.2.4.Final]
	at org.hibernate.service.internal.AbstractServiceRegistryImpl.createService(AbstractServiceRegistryImpl.java:260) ~[hibernate-core-7.2.4.Final.jar:7.2.4.Final]
	at org.hibernate.service.internal.AbstractServiceRegistryImpl.initializeService(AbstractServiceRegistryImpl.java:235) ~[hibernate-core-7.2.4.Final.jar:7.2.4.Final]
	at org.hibernate.service.internal.AbstractServiceRegistryImpl.getService(AbstractServiceRegistryImpl.java:212) ~[hibernate-core-7.2.4.Final.jar:7.2.4.Final]
	at org.hibernate.boot.model.relational.Database.<init>(Database.java:44) ~[hibernate-core-7.2.4.Final.jar:7.2.4.Final]
	at org.hibernate.boot.internal.InFlightMetadataCollectorImpl.getDatabase(InFlightMetadataCollectorImpl.java:251) ~[hibernate-core-7.2.4.Final.jar:7.2.4.Final]
	at org.hibernate.boot.internal.InFlightMetadataCollectorImpl.<init>(InFlightMetadataCollectorImpl.java:203) ~[hibernate-core-7.2.4.Final.jar:7.2.4.Final]
	at org.hibernate.boot.model.process.spi.MetadataBuildingProcess.complete(MetadataBuildingProcess.java:170) ~[hibernate-core-7.2.4.Final.jar:7.2.4.Final]
	at org.hibernate.jpa.boot.internal.EntityManagerFactoryBuilderImpl.metadata(EntityManagerFactoryBuilderImpl.java:1392) ~[hibernate-core-7.2.4.Final.jar:7.2.4.Final]
	at org.hibernate.jpa.boot.internal.EntityManagerFactoryBuilderImpl.populateSessionFactoryBuilder(EntityManagerFactoryBuilderImpl.java:1472) ~[hibernate-core-7.2.4.Final.jar:7.2.4.Final]
	at org.hibernate.jpa.boot.internal.EntityManagerFactoryBuilderImpl.build(EntityManagerFactoryBuilderImpl.java:1454) ~[hibernate-core-7.2.4.Final.jar:7.2.4.Final]
	at org.springframework.orm.jpa.vendor.SpringHibernateJpaPersistenceProvider.createContainerEntityManagerFactory(SpringHibernateJpaPersistenceProvider.java:93) ~[spring-orm-7.0.5.jar:7.0.5]
	at org.springframework.orm.jpa.LocalContainerEntityManagerFactoryBean.createNativeEntityManagerFactory(LocalContainerEntityManagerFactoryBean.java:443) ~[spring-orm-7.0.5.jar:7.0.5]
	at org.springframework.orm.jpa.AbstractEntityManagerFactoryBean.buildNativeEntityManagerFactory(AbstractEntityManagerFactoryBean.java:436) ~[spring-orm-7.0.5.jar:7.0.5]
	at org.springframework.orm.jpa.AbstractEntityManagerFactoryBean.afterPropertiesSet(AbstractEntityManagerFactoryBean.java:411) ~[spring-orm-7.0.5.jar:7.0.5]
	at org.springframework.orm.jpa.LocalContainerEntityManagerFactoryBean.afterPropertiesSet(LocalContainerEntityManagerFactoryBean.java:419) ~[spring-orm-7.0.5.jar:7.0.5]
	at org.springframework.beans.factory.support.AbstractAutowireCapableBeanFactory.invokeInitMethods(AbstractAutowireCapableBeanFactory.java:1864) ~[spring-beans-7.0.5.jar:7.0.5]
	at org.springframework.beans.factory.support.AbstractAutowireCapableBeanFactory.initializeBean(AbstractAutowireCapableBeanFactory.java:1813) ~[spring-beans-7.0.5.jar:7.0.5]
	at org.springframework.beans.factory.support.AbstractAutowireCapableBeanFactory.doCreateBean(AbstractAutowireCapableBeanFactory.java:603) ~[spring-beans-7.0.5.jar:7.0.5]
	at org.springframework.beans.factory.support.AbstractAutowireCapableBeanFactory.createBean(AbstractAutowireCapableBeanFactory.java:525) ~[spring-beans-7.0.5.jar:7.0.5]
	at org.springframework.beans.factory.support.AbstractBeanFactory.lambda$doGetBean$0(AbstractBeanFactory.java:333) ~[spring-beans-7.0.5.jar:7.0.5]
	at org.springframework.beans.factory.support.DefaultSingletonBeanRegistry.getSingleton(DefaultSingletonBeanRegistry.java:371) ~[spring-beans-7.0.5.jar:7.0.5]
	at org.springframework.beans.factory.support.AbstractBeanFactory.doGetBean(AbstractBeanFactory.java:331) ~[spring-beans-7.0.5.jar:7.0.5]
	at org.springframework.beans.factory.support.AbstractBeanFactory.getBean(AbstractBeanFactory.java:196) ~[spring-beans-7.0.5.jar:7.0.5]
	at org.springframework.beans.factory.support.BeanDefinitionValueResolver.resolveReference(BeanDefinitionValueResolver.java:365) ~[spring-beans-7.0.5.jar:7.0.5]
	at org.springframework.beans.factory.support.BeanDefinitionValueResolver.resolveValueIfNecessary(BeanDefinitionValueResolver.java:135) ~[spring-beans-7.0.5.jar:7.0.5]
	at org.springframework.beans.factory.support.ConstructorResolver.resolveConstructorArguments(ConstructorResolver.java:691) ~[spring-beans-7.0.5.jar:7.0.5]
	at org.springframework.beans.factory.support.ConstructorResolver.instantiateUsingFactoryMethod(ConstructorResolver.java:513) ~[spring-beans-7.0.5.jar:7.0.5]
	at org.springframework.beans.factory.support.AbstractAutowireCapableBeanFactory.instantiateUsingFactoryMethod(AbstractAutowireCapableBeanFactory.java:1362) ~[spring-beans-7.0.5.jar:7.0.5]
	at org.springframework.beans.factory.support.AbstractAutowireCapableBeanFactory.createBeanInstance(AbstractAutowireCapableBeanFactory.java:1194) ~[spring-beans-7.0.5.jar:7.0.5]
	at org.springframework.beans.factory.support.AbstractAutowireCapableBeanFactory.doCreateBean(AbstractAutowireCapableBeanFactory.java:565) ~[spring-beans-7.0.5.jar:7.0.5]
	at org.springframework.beans.factory.support.AbstractAutowireCapableBeanFactory.createBean(AbstractAutowireCapableBeanFactory.java:525) ~[spring-beans-7.0.5.jar:7.0.5]
	at org.springframework.beans.factory.support.AbstractBeanFactory.lambda$doGetBean$0(AbstractBeanFactory.java:333) ~[spring-beans-7.0.5.jar:7.0.5]
	at org.springframework.beans.factory.support.DefaultSingletonBeanRegistry.getSingleton(DefaultSingletonBeanRegistry.java:371) ~[spring-beans-7.0.5.jar:7.0.5]
	at org.springframework.beans.factory.support.AbstractBeanFactory.doGetBean(AbstractBeanFactory.java:331) ~[spring-beans-7.0.5.jar:7.0.5]
	at org.springframework.beans.factory.support.AbstractBeanFactory.getBean(AbstractBeanFactory.java:201) ~[spring-beans-7.0.5.jar:7.0.5]
	at org.springframework.beans.factory.support.BeanDefinitionValueResolver.resolveReference(BeanDefinitionValueResolver.java:356) ~[spring-beans-7.0.5.jar:7.0.5]
	at org.springframework.beans.factory.support.BeanDefinitionValueResolver.resolveValueIfNecessary(BeanDefinitionValueResolver.java:135) ~[spring-beans-7.0.5.jar:7.0.5]
	at org.springframework.beans.factory.support.AbstractAutowireCapableBeanFactory.applyPropertyValues(AbstractAutowireCapableBeanFactory.java:1712) ~[spring-beans-7.0.5.jar:7.0.5]
	at org.springframework.beans.factory.support.AbstractAutowireCapableBeanFactory.populateBean(AbstractAutowireCapableBeanFactory.java:1461) ~[spring-beans-7.0.5.jar:7.0.5]
	at org.springframework.beans.factory.support.AbstractAutowireCapableBeanFactory.doCreateBean(AbstractAutowireCapableBeanFactory.java:602) ~[spring-beans-7.0.5.jar:7.0.5]
	at org.springframework.beans.factory.support.AbstractAutowireCapableBeanFactory.createBean(AbstractAutowireCapableBeanFactory.java:525) ~[spring-beans-7.0.5.jar:7.0.5]
	at org.springframework.beans.factory.support.AbstractBeanFactory.lambda$doGetBean$0(AbstractBeanFactory.java:333) ~[spring-beans-7.0.5.jar:7.0.5]
	at org.springframework.beans.factory.support.DefaultSingletonBeanRegistry.getSingleton(DefaultSingletonBeanRegistry.java:371) ~[spring-beans-7.0.5.jar:7.0.5]
	at org.springframework.beans.factory.support.AbstractBeanFactory.doGetBean(AbstractBeanFactory.java:331) ~[spring-beans-7.0.5.jar:7.0.5]
	at org.springframework.beans.factory.support.AbstractBeanFactory.getBean(AbstractBeanFactory.java:201) ~[spring-beans-7.0.5.jar:7.0.5]
	at org.springframework.beans.factory.support.DefaultListableBeanFactory.resolveBean(DefaultListableBeanFactory.java:1225) ~[spring-beans-7.0.5.jar:7.0.5]
	at org.springframework.beans.factory.support.DefaultListableBeanFactory.doResolveDependency(DefaultListableBeanFactory.java:1704) ~[spring-beans-7.0.5.jar:7.0.5]
	at org.springframework.beans.factory.support.DefaultListableBeanFactory.resolveDependency(DefaultListableBeanFactory.java:1651) ~[spring-beans-7.0.5.jar:7.0.5]
	at org.springframework.beans.factory.support.ConstructorResolver.resolveAutowiredArgument(ConstructorResolver.java:912) ~[spring-beans-7.0.5.jar:7.0.5]
	at org.springframework.beans.factory.support.ConstructorResolver.createArgumentArray(ConstructorResolver.java:791) ~[spring-beans-7.0.5.jar:7.0.5]
	at org.springframework.beans.factory.support.ConstructorResolver.autowireConstructor(ConstructorResolver.java:240) ~[spring-beans-7.0.5.jar:7.0.5]
	at org.springframework.beans.factory.support.AbstractAutowireCapableBeanFactory.autowireConstructor(AbstractAutowireCapableBeanFactory.java:1382) ~[spring-beans-7.0.5.jar:7.0.5]
	at org.springframework.beans.factory.support.AbstractAutowireCapableBeanFactory.createBeanInstance(AbstractAutowireCapableBeanFactory.java:1221) ~[spring-beans-7.0.5.jar:7.0.5]
	at org.springframework.beans.factory.support.AbstractAutowireCapableBeanFactory.doCreateBean(AbstractAutowireCapableBeanFactory.java:565) ~[spring-beans-7.0.5.jar:7.0.5]
	at org.springframework.beans.factory.support.AbstractAutowireCapableBeanFactory.createBean(AbstractAutowireCapableBeanFactory.java:525) ~[spring-beans-7.0.5.jar:7.0.5]
	at org.springframework.beans.factory.support.AbstractBeanFactory.lambda$doGetBean$0(AbstractBeanFactory.java:333) ~[spring-beans-7.0.5.jar:7.0.5]
	at org.springframework.beans.factory.support.DefaultSingletonBeanRegistry.getSingleton(DefaultSingletonBeanRegistry.java:371) ~[spring-beans-7.0.5.jar:7.0.5]
	at org.springframework.beans.factory.support.AbstractBeanFactory.doGetBean(AbstractBeanFactory.java:331) ~[spring-beans-7.0.5.jar:7.0.5]
	at org.springframework.beans.factory.support.AbstractBeanFactory.getBean(AbstractBeanFactory.java:201) ~[spring-beans-7.0.5.jar:7.0.5]
	at org.springframework.beans.factory.support.DefaultListableBeanFactory.resolveBean(DefaultListableBeanFactory.java:1225) ~[spring-beans-7.0.5.jar:7.0.5]
	at org.springframework.beans.factory.support.DefaultListableBeanFactory.doResolveDependency(DefaultListableBeanFactory.java:1704) ~[spring-beans-7.0.5.jar:7.0.5]
	at org.springframework.beans.factory.support.DefaultListableBeanFactory.resolveDependency(DefaultListableBeanFactory.java:1651) ~[spring-beans-7.0.5.jar:7.0.5]
	at org.springframework.beans.factory.annotation.AutowiredAnnotationBeanPostProcessor$AutowiredFieldElement.resolveFieldValue(AutowiredAnnotationBeanPostProcessor.java:764) ~[spring-beans-7.0.5.jar:7.0.5]
	at org.springframework.beans.factory.annotation.AutowiredAnnotationBeanPostProcessor$AutowiredFieldElement.inject(AutowiredAnnotationBeanPostProcessor.java:748) ~[spring-beans-7.0.5.jar:7.0.5]
	at org.springframework.beans.factory.annotation.InjectionMetadata.inject(InjectionMetadata.java:146) ~[spring-beans-7.0.5.jar:7.0.5]
	at org.springframework.beans.factory.annotation.AutowiredAnnotationBeanPostProcessor.postProcessProperties(AutowiredAnnotationBeanPostProcessor.java:493) ~[spring-beans-7.0.5.jar:7.0.5]
	at org.springframework.beans.factory.support.AbstractAutowireCapableBeanFactory.populateBean(AbstractAutowireCapableBeanFactory.java:1446) ~[spring-beans-7.0.5.jar:7.0.5]
	at org.springframework.beans.factory.support.AbstractAutowireCapableBeanFactory.doCreateBean(AbstractAutowireCapableBeanFactory.java:602) ~[spring-beans-7.0.5.jar:7.0.5]
	at org.springframework.beans.factory.support.AbstractAutowireCapableBeanFactory.createBean(AbstractAutowireCapableBeanFactory.java:525) ~[spring-beans-7.0.5.jar:7.0.5]
	at org.springframework.beans.factory.support.AbstractBeanFactory.lambda$doGetBean$0(AbstractBeanFactory.java:333) ~[spring-beans-7.0.5.jar:7.0.5]
	at org.springframework.beans.factory.support.DefaultSingletonBeanRegistry.getSingleton(DefaultSingletonBeanRegistry.java:371) ~[spring-beans-7.0.5.jar:7.0.5]
	at org.springframework.beans.factory.support.AbstractBeanFactory.doGetBean(AbstractBeanFactory.java:331) ~[spring-beans-7.0.5.jar:7.0.5]
	at org.springframework.beans.factory.support.AbstractBeanFactory.getBean(AbstractBeanFactory.java:201) ~[spring-beans-7.0.5.jar:7.0.5]
	at org.springframework.boot.web.servlet.ServletContextInitializerBeans.getOrderedBeansOfType(ServletContextInitializerBeans.java:231) ~[spring-boot-4.0.3.jar:4.0.3]
	at org.springframework.boot.web.servlet.ServletContextInitializerBeans.addAsRegistrationBean(ServletContextInitializerBeans.java:185) ~[spring-boot-4.0.3.jar:4.0.3]
	at org.springframework.boot.web.servlet.ServletContextInitializerBeans.addAsRegistrationBean(ServletContextInitializerBeans.java:180) ~[spring-boot-4.0.3.jar:4.0.3]
	at org.springframework.boot.web.servlet.ServletContextInitializerBeans.addAdaptableBeans(ServletContextInitializerBeans.java:165) ~[spring-boot-4.0.3.jar:4.0.3]
	at org.springframework.boot.web.servlet.ServletContextInitializerBeans.<init>(ServletContextInitializerBeans.java:97) ~[spring-boot-4.0.3.jar:4.0.3]
	at org.springframework.boot.web.context.servlet.WebApplicationContextInitializer.initialize(WebApplicationContextInitializer.java:53) ~[spring-boot-4.0.3.jar:4.0.3]
	at org.springframework.boot.tomcat.servlet.DeferredServletContainerInitializers.onStartup(DeferredServletContainerInitializers.java:55) ~[spring-boot-tomcat-4.0.3.jar:4.0.3]
	at org.apache.catalina.core.StandardContext.startInternal(StandardContext.java:4416) ~[tomcat-embed-core-11.0.18.jar:11.0.18]
	at org.apache.catalina.util.LifecycleBase.start(LifecycleBase.java:164) ~[tomcat-embed-core-11.0.18.jar:11.0.18]
	at org.apache.catalina.core.ContainerBase$StartChild.call(ContainerBase.java:1162) ~[tomcat-embed-core-11.0.18.jar:11.0.18]
	at org.apache.catalina.core.ContainerBase$StartChild.call(ContainerBase.java:1158) ~[tomcat-embed-core-11.0.18.jar:11.0.18]
	at java.base/java.util.concurrent.FutureTask.run(FutureTask.java:317) ~[na:na]
	at org.apache.tomcat.util.threads.InlineExecutorService.execute(InlineExecutorService.java:81) ~[tomcat-embed-core-11.0.18.jar:11.0.18]
	at java.base/java.util.concurrent.AbstractExecutorService.submit(AbstractExecutorService.java:145) ~[na:na]
	at org.apache.catalina.core.ContainerBase.startInternal(ContainerBase.java:714) ~[tomcat-embed-core-11.0.18.jar:11.0.18]
	at org.apache.catalina.core.StandardHost.startInternal(StandardHost.java:780) ~[tomcat-embed-core-11.0.18.jar:11.0.18]
	at org.apache.catalina.util.LifecycleBase.start(LifecycleBase.java:164) ~[tomcat-embed-core-11.0.18.jar:11.0.18]
	at org.apache.catalina.core.ContainerBase$StartChild.call(ContainerBase.java:1162) ~[tomcat-embed-core-11.0.18.jar:11.0.18]
	at org.apache.catalina.core.ContainerBase$StartChild.call(ContainerBase.java:1158) ~[tomcat-embed-core-11.0.18.jar:11.0.18]
	at java.base/java.util.concurrent.FutureTask.run(FutureTask.java:317) ~[na:na]
	at org.apache.tomcat.util.threads.InlineExecutorService.execute(InlineExecutorService.java:81) ~[tomcat-embed-core-11.0.18.jar:11.0.18]
	at java.base/java.util.concurrent.AbstractExecutorService.submit(AbstractExecutorService.java:145) ~[na:na]
	at org.apache.catalina.core.ContainerBase.startInternal(ContainerBase.java:714) ~[tomcat-embed-core-11.0.18.jar:11.0.18]
	at org.apache.catalina.core.StandardEngine.startInternal(StandardEngine.java:201) ~[tomcat-embed-core-11.0.18.jar:11.0.18]
	at org.apache.catalina.util.LifecycleBase.start(LifecycleBase.java:164) ~[tomcat-embed-core-11.0.18.jar:11.0.18]
	at org.apache.catalina.core.StandardService.startInternal(StandardService.java:410) ~[tomcat-embed-core-11.0.18.jar:11.0.18]
	at org.apache.catalina.util.LifecycleBase.start(LifecycleBase.java:164) ~[tomcat-embed-core-11.0.18.jar:11.0.18]
	at org.apache.catalina.core.StandardServer.startInternal(StandardServer.java:864) ~[tomcat-embed-core-11.0.18.jar:11.0.18]
	at org.apache.catalina.util.LifecycleBase.start(LifecycleBase.java:164) ~[tomcat-embed-core-11.0.18.jar:11.0.18]
	at org.apache.catalina.startup.Tomcat.start(Tomcat.java:435) ~[tomcat-embed-core-11.0.18.jar:11.0.18]
	at org.springframework.boot.tomcat.TomcatWebServer.initialize(TomcatWebServer.java:131) ~[spring-boot-tomcat-4.0.3.jar:4.0.3]
	at org.springframework.boot.tomcat.TomcatWebServer.<init>(TomcatWebServer.java:110) ~[spring-boot-tomcat-4.0.3.jar:4.0.3]
	at org.springframework.boot.tomcat.servlet.TomcatServletWebServerFactory.getTomcatWebServer(TomcatServletWebServerFactory.java:408) ~[spring-boot-tomcat-4.0.3.jar:4.0.3]
	at org.springframework.boot.tomcat.servlet.TomcatServletWebServerFactory.getWebServer(TomcatServletWebServerFactory.java:166) ~[spring-boot-tomcat-4.0.3.jar:4.0.3]
	at org.springframework.boot.web.server.servlet.context.ServletWebServerApplicationContext.createWebServer(ServletWebServerApplicationContext.java:190) ~[spring-boot-web-server-4.0.3.jar:4.0.3]
	at org.springframework.boot.web.server.servlet.context.ServletWebServerApplicationContext.onRefresh(ServletWebServerApplicationContext.java:164) ~[spring-boot-web-server-4.0.3.jar:4.0.3]
	at org.springframework.context.support.AbstractApplicationContext.refresh(AbstractApplicationContext.java:615) ~[spring-context-7.0.5.jar:7.0.5]
	at org.springframework.boot.web.server.servlet.context.ServletWebServerApplicationContext.refresh(ServletWebServerApplicationContext.java:143) ~[spring-boot-web-server-4.0.3.jar:4.0.3]
	at org.springframework.boot.SpringApplication.refresh(SpringApplication.java:756) ~[spring-boot-4.0.3.jar:4.0.3]
	at org.springframework.boot.SpringApplication.refreshContext(SpringApplication.java:445) ~[spring-boot-4.0.3.jar:4.0.3]
	at org.springframework.boot.SpringApplication.run(SpringApplication.java:321) ~[spring-boot-4.0.3.jar:4.0.3]
	at org.springframework.boot.SpringApplication.run(SpringApplication.java:1365) ~[spring-boot-4.0.3.jar:4.0.3]
	at org.springframework.boot.SpringApplication.run(SpringApplication.java:1354) ~[spring-boot-4.0.3.jar:4.0.3]
	at com.incture.E_Commerce_Backend_System.ECommerceBackendSystemApplication.main(ECommerceBackendSystemApplication.java:12) ~[classes/:na]
Caused by: com.mysql.cj.jdbc.exceptions.CommunicationsException: Communications link failure

The last packet sent successfully to the server was 0 milliseconds ago. The driver has not received any packets from the server.
	at com.mysql.cj.jdbc.exceptions.SQLError.createCommunicationsException(SQLError.java:165) ~[mysql-connector-j-9.6.0.jar:9.6.0]
	at com.mysql.cj.jdbc.exceptions.SQLExceptionsMapping.translateException(SQLExceptionsMapping.java:55) ~[mysql-connector-j-9.6.0.jar:9.6.0]
	at com.mysql.cj.jdbc.ConnectionImpl.createNewIO(ConnectionImpl.java:840) ~[mysql-connector-j-9.6.0.jar:9.6.0]
	at com.mysql.cj.jdbc.ConnectionImpl.<init>(ConnectionImpl.java:416) ~[mysql-connector-j-9.6.0.jar:9.6.0]
	at com.mysql.cj.jdbc.ConnectionImpl.getInstance(ConnectionImpl.java:237) ~[mysql-connector-j-9.6.0.jar:9.6.0]
	at com.mysql.cj.jdbc.NonRegisteringDriver.connect(NonRegisteringDriver.java:180) ~[mysql-connector-j-9.6.0.jar:9.6.0]
	at com.zaxxer.hikari.util.DriverDataSource.getConnection(DriverDataSource.java:144) ~[HikariCP-7.0.2.jar:na]
	at com.zaxxer.hikari.pool.PoolBase.newConnection(PoolBase.java:373) ~[HikariCP-7.0.2.jar:na]
	at com.zaxxer.hikari.pool.PoolBase.newPoolEntry(PoolBase.java:210) ~[HikariCP-7.0.2.jar:na]
	at com.zaxxer.hikari.pool.HikariPool.createPoolEntry(HikariPool.java:488) ~[HikariCP-7.0.2.jar:na]
	at com.zaxxer.hikari.pool.HikariPool.checkFailFast(HikariPool.java:576) ~[HikariCP-7.0.2.jar:na]
	at com.zaxxer.hikari.pool.HikariPool.<init>(HikariPool.java:97) ~[HikariCP-7.0.2.jar:na]
	at com.zaxxer.hikari.HikariDataSource.getConnection(HikariDataSource.java:111) ~[HikariCP-7.0.2.jar:na]
	at org.hibernate.engine.jdbc.connections.internal.DataSourceConnectionProvider.getConnection(DataSourceConnectionProvider.java:137) ~[hibernate-core-7.2.4.Final.jar:7.2.4.Final]
	at org.hibernate.engine.jdbc.env.internal.JdbcEnvironmentInitiator$ConnectionProviderJdbcConnectionAccess.obtainConnection(JdbcEnvironmentInitiator.java:508) ~[hibernate-core-7.2.4.Final.jar:7.2.4.Final]
	at org.hibernate.resource.transaction.backend.jdbc.internal.JdbcIsolationDelegate.delegateWork(JdbcIsolationDelegate.java:48) ~[hibernate-core-7.2.4.Final.jar:7.2.4.Final]
	... 122 common frames omitted
Caused by: com.mysql.cj.exceptions.CJCommunicationsException: Communications link failure

The last packet sent successfully to the server was 0 milliseconds ago. The driver has not received any packets from the server.
	at java.base/jdk.internal.reflect.DirectConstructorHandleAccessor.newInstance(DirectConstructorHandleAccessor.java:62) ~[na:na]
	at java.base/java.lang.reflect.Constructor.newInstanceWithCaller(Constructor.java:502) ~[na:na]
	at java.base/java.lang.reflect.Constructor.newInstance(Constructor.java:486) ~[na:na]
	at com.mysql.cj.exceptions.ExceptionFactory.createException(ExceptionFactory.java:52) ~[mysql-connector-j-9.6.0.jar:9.6.0]
	at com.mysql.cj.exceptions.ExceptionFactory.createException(ExceptionFactory.java:95) ~[mysql-connector-j-9.6.0.jar:9.6.0]
	at com.mysql.cj.exceptions.ExceptionFactory.createException(ExceptionFactory.java:140) ~[mysql-connector-j-9.6.0.jar:9.6.0]
	at com.mysql.cj.exceptions.ExceptionFactory.createCommunicationsException(ExceptionFactory.java:156) ~[mysql-connector-j-9.6.0.jar:9.6.0]
	at com.mysql.cj.protocol.a.NativeSocketConnection.connect(NativeSocketConnection.java:79) ~[mysql-connector-j-9.6.0.jar:9.6.0]
	at com.mysql.cj.NativeSession.connect(NativeSession.java:142) ~[mysql-connector-j-9.6.0.jar:9.6.0]
	at com.mysql.cj.jdbc.ConnectionImpl.connectOneTryOnly(ConnectionImpl.java:964) ~[mysql-connector-j-9.6.0.jar:9.6.0]
	at com.mysql.cj.jdbc.ConnectionImpl.createNewIO(ConnectionImpl.java:828) ~[mysql-connector-j-9.6.0.jar:9.6.0]
	... 135 common frames omitted
Caused by: java.net.ConnectException: Connection refused: getsockopt
	at java.base/sun.nio.ch.Net.pollConnect(Native Method) ~[na:na]
	at java.base/sun.nio.ch.Net.pollConnectNow(Net.java:682) ~[na:na]
	at java.base/sun.nio.ch.NioSocketImpl.timedFinishConnect(NioSocketImpl.java:542) ~[na:na]
	at java.base/sun.nio.ch.NioSocketImpl.connect(NioSocketImpl.java:592) ~[na:na]
	at java.base/java.net.SocksSocketImpl.connect(SocksSocketImpl.java:327) ~[na:na]
	at java.base/java.net.Socket.connect(Socket.java:751) ~[na:na]
	at com.mysql.cj.protocol.StandardSocketFactory.connect(StandardSocketFactory.java:144) ~[mysql-connector-j-9.6.0.jar:9.6.0]
	at com.mysql.cj.protocol.a.NativeSocketConnection.connect(NativeSocketConnection.java:53) ~[mysql-connector-j-9.6.0.jar:9.6.0]
	... 138 common frames omitted

2026-03-16T23:23:11.153+05:30  WARN 2440 --- [E_Commerce_Backend_System] [main] org.hibernate.orm.deprecation            : HHH90000025: MySQLDialect does not need to be specified explicitly using 'hibernate.dialect' (remove the property setting and it will be selected by default)
2026-03-16T23:23:11.171+05:30  INFO 2440 --- [E_Commerce_Backend_System] [main] org.hibernate.orm.connections.pooling    : HHH10001005: Database info:
	Database JDBC URL [undefined/unknown]
	Database driver: undefined/unknown
	Database dialect: MySQLDialect
	Database version: 8.0
	Default catalog/schema: unknown/unknown
	Autocommit mode: undefined/unknown
	Isolation level: NONE [default NONE]
	JDBC fetch size: undefined/unknown
	Pool: DataSourceConnectionProvider
	Minimum pool size: undefined/unknown
	Maximum pool size: undefined/unknown
2026-03-16T23:23:12.333+05:30  INFO 2440 --- [E_Commerce_Backend_System] [main] org.hibernate.orm.core                   : HHH000489: No JTA platform available (set 'hibernate.transaction.jta.platform' to enable JTA platform integration)
2026-03-16T23:23:12.370+05:30  INFO 2440 --- [E_Commerce_Backend_System] [main] com.zaxxer.hikari.HikariDataSource       : ECommerceBackendSystemApplication - Starting...
2026-03-16T23:23:13.396+05:30  WARN 2440 --- [E_Commerce_Backend_System] [main] org.hibernate.orm.jdbc.error             : HHH000247: ErrorCode: 0, SQLState: 08S01
2026-03-16T23:23:13.396+05:30  WARN 2440 --- [E_Commerce_Backend_System] [main] org.hibernate.orm.jdbc.error             : Communications link failure

The last packet sent successfully to the server was 0 milliseconds ago. The driver has not received any packets from the server.
2026-03-16T23:23:13.400+05:30 ERROR 2440 --- [E_Commerce_Backend_System] [main] j.LocalContainerEntityManagerFactoryBean : Failed to initialize JPA EntityManagerFactory: Unable to build Hibernate SessionFactory  [persistence unit: default] ; nested exception is org.hibernate.exception.JDBCConnectionException: Unable to open JDBC Connection for DDL execution [Communications link failure

The last packet sent successfully to the server was 0 milliseconds ago. The driver has not received any packets from the server.] [n/a]
2026-03-16T23:23:13.402+05:30 ERROR 2440 --- [E_Commerce_Backend_System] [main] t.s.DeferredServletContainerInitializers : Error starting Tomcat context. Exception: org.springframework.beans.factory.UnsatisfiedDependencyException. Message: Error creating bean with name 'JWTFilter': Unsatisfied dependency expressed through field 'demoUserService': Error creating bean with name 'demoUserService' defined in file [D:\JAVA-PROGRAMMING\ProductionJava\E_Commerce_Backend_System\target\classes\com\incture\E_Commerce_Backend_System\service\DemoUserService.class]: Unsatisfied dependency expressed through constructor parameter 0: Error creating bean with name 'userRepository' defined in com.incture.E_Commerce_Backend_System.repository.UserRepository defined in @EnableJpaRepositories declared on DataJpaRepositoriesRegistrar.EnableJpaRepositoriesConfiguration: Cannot resolve reference to bean 'jpaSharedEM_entityManagerFactory' while setting bean property 'entityManager'
2026-03-16T23:23:13.436+05:30  INFO 2440 --- [E_Commerce_Backend_System] [main] o.apache.catalina.core.StandardService   : Stopping service [Tomcat]
2026-03-16T23:23:13.444+05:30  WARN 2440 --- [E_Commerce_Backend_System] [main] ConfigServletWebServerApplicationContext : Exception encountered during context initialization - cancelling refresh attempt: org.springframework.context.ApplicationContextException: Unable to start web server
2026-03-16T23:23:13.452+05:30  INFO 2440 --- [E_Commerce_Backend_System] [main] .s.b.a.l.ConditionEvaluationReportLogger : 

Error starting ApplicationContext. To display the condition evaluation report re-run your application with 'debug' enabled.
2026-03-16T23:23:13.467+05:30 ERROR 2440 --- [E_Commerce_Backend_System] [main] o.s.boot.SpringApplication               : Application run failed

org.springframework.context.ApplicationContextException: Unable to start web server
	at org.springframework.boot.web.server.servlet.context.ServletWebServerApplicationContext.onRefresh(ServletWebServerApplicationContext.java:167) ~[spring-boot-web-server-4.0.3.jar:4.0.3]
	at org.springframework.context.support.AbstractApplicationContext.refresh(AbstractApplicationContext.java:615) ~[spring-context-7.0.5.jar:7.0.5]
	at org.springframework.boot.web.server.servlet.context.ServletWebServerApplicationContext.refresh(ServletWebServerApplicationContext.java:143) ~[spring-boot-web-server-4.0.3.jar:4.0.3]
	at org.springframework.boot.SpringApplication.refresh(SpringApplication.java:756) ~[spring-boot-4.0.3.jar:4.0.3]
	at org.springframework.boot.SpringApplication.refreshContext(SpringApplication.java:445) ~[spring-boot-4.0.3.jar:4.0.3]
	at org.springframework.boot.SpringApplication.run(SpringApplication.java:321) ~[spring-boot-4.0.3.jar:4.0.3]
	at org.springframework.boot.SpringApplication.run(SpringApplication.java:1365) ~[spring-boot-4.0.3.jar:4.0.3]
	at org.springframework.boot.SpringApplication.run(SpringApplication.java:1354) ~[spring-boot-4.0.3.jar:4.0.3]
	at com.incture.E_Commerce_Backend_System.ECommerceBackendSystemApplication.main(ECommerceBackendSystemApplication.java:12) ~[classes/:na]
Caused by: org.springframework.boot.web.server.WebServerException: Unable to start embedded Tomcat
	at org.springframework.boot.tomcat.TomcatWebServer.initialize(TomcatWebServer.java:150) ~[spring-boot-tomcat-4.0.3.jar:4.0.3]
	at org.springframework.boot.tomcat.TomcatWebServer.<init>(TomcatWebServer.java:110) ~[spring-boot-tomcat-4.0.3.jar:4.0.3]
	at org.springframework.boot.tomcat.servlet.TomcatServletWebServerFactory.getTomcatWebServer(TomcatServletWebServerFactory.java:408) ~[spring-boot-tomcat-4.0.3.jar:4.0.3]
	at org.springframework.boot.tomcat.servlet.TomcatServletWebServerFactory.getWebServer(TomcatServletWebServerFactory.java:166) ~[spring-boot-tomcat-4.0.3.jar:4.0.3]
	at org.springframework.boot.web.server.servlet.context.ServletWebServerApplicationContext.createWebServer(ServletWebServerApplicationContext.java:190) ~[spring-boot-web-server-4.0.3.jar:4.0.3]
	at org.springframework.boot.web.server.servlet.context.ServletWebServerApplicationContext.onRefresh(ServletWebServerApplicationContext.java:164) ~[spring-boot-web-server-4.0.3.jar:4.0.3]
	... 8 common frames omitted
Caused by: org.springframework.beans.factory.UnsatisfiedDependencyException: Error creating bean with name 'JWTFilter': Unsatisfied dependency expressed through field 'demoUserService': Error creating bean with name 'demoUserService' defined in file [D:\JAVA-PROGRAMMING\ProductionJava\E_Commerce_Backend_System\target\classes\com\incture\E_Commerce_Backend_System\service\DemoUserService.class]: Unsatisfied dependency expressed through constructor parameter 0: Error creating bean with name 'userRepository' defined in com.incture.E_Commerce_Backend_System.repository.UserRepository defined in @EnableJpaRepositories declared on DataJpaRepositoriesRegistrar.EnableJpaRepositoriesConfiguration: Cannot resolve reference to bean 'jpaSharedEM_entityManagerFactory' while setting bean property 'entityManager'
	at org.springframework.beans.factory.annotation.AutowiredAnnotationBeanPostProcessor$AutowiredFieldElement.resolveFieldValue(AutowiredAnnotationBeanPostProcessor.java:767) ~[spring-beans-7.0.5.jar:7.0.5]
	at org.springframework.beans.factory.annotation.AutowiredAnnotationBeanPostProcessor$AutowiredFieldElement.inject(AutowiredAnnotationBeanPostProcessor.java:748) ~[spring-beans-7.0.5.jar:7.0.5]
	at org.springframework.beans.factory.annotation.InjectionMetadata.inject(InjectionMetadata.java:146) ~[spring-beans-7.0.5.jar:7.0.5]
	at org.springframework.beans.factory.annotation.AutowiredAnnotationBeanPostProcessor.postProcessProperties(AutowiredAnnotationBeanPostProcessor.java:493) ~[spring-beans-7.0.5.jar:7.0.5]
	at org.springframework.beans.factory.support.AbstractAutowireCapableBeanFactory.populateBean(AbstractAutowireCapableBeanFactory.java:1446) ~[spring-beans-7.0.5.jar:7.0.5]
	at org.springframework.beans.factory.support.AbstractAutowireCapableBeanFactory.doCreateBean(AbstractAutowireCapableBeanFactory.java:602) ~[spring-beans-7.0.5.jar:7.0.5]
	at org.springframework.beans.factory.support.AbstractAutowireCapableBeanFactory.createBean(AbstractAutowireCapableBeanFactory.java:525) ~[spring-beans-7.0.5.jar:7.0.5]
	at org.springframework.beans.factory.support.AbstractBeanFactory.lambda$doGetBean$0(AbstractBeanFactory.java:333) ~[spring-beans-7.0.5.jar:7.0.5]
	at org.springframework.beans.factory.support.DefaultSingletonBeanRegistry.getSingleton(DefaultSingletonBeanRegistry.java:371) ~[spring-beans-7.0.5.jar:7.0.5]
	at org.springframework.beans.factory.support.AbstractBeanFactory.doGetBean(AbstractBeanFactory.java:331) ~[spring-beans-7.0.5.jar:7.0.5]
	at org.springframework.beans.factory.support.AbstractBeanFactory.getBean(AbstractBeanFactory.java:201) ~[spring-beans-7.0.5.jar:7.0.5]
	at org.springframework.boot.web.servlet.ServletContextInitializerBeans.getOrderedBeansOfType(ServletContextInitializerBeans.java:231) ~[spring-boot-4.0.3.jar:4.0.3]
	at org.springframework.boot.web.servlet.ServletContextInitializerBeans.addAsRegistrationBean(ServletContextInitializerBeans.java:185) ~[spring-boot-4.0.3.jar:4.0.3]
	at org.springframework.boot.web.servlet.ServletContextInitializerBeans.addAsRegistrationBean(ServletContextInitializerBeans.java:180) ~[spring-boot-4.0.3.jar:4.0.3]
	at org.springframework.boot.web.servlet.ServletContextInitializerBeans.addAdaptableBeans(ServletContextInitializerBeans.java:165) ~[spring-boot-4.0.3.jar:4.0.3]
	at org.springframework.boot.web.servlet.ServletContextInitializerBeans.<init>(ServletContextInitializerBeans.java:97) ~[spring-boot-4.0.3.jar:4.0.3]
	at org.springframework.boot.web.context.servlet.WebApplicationContextInitializer.initialize(WebApplicationContextInitializer.java:53) ~[spring-boot-4.0.3.jar:4.0.3]
	at org.springframework.boot.tomcat.servlet.DeferredServletContainerInitializers.onStartup(DeferredServletContainerInitializers.java:55) ~[spring-boot-tomcat-4.0.3.jar:4.0.3]
	at org.apache.catalina.core.StandardContext.startInternal(StandardContext.java:4416) ~[tomcat-embed-core-11.0.18.jar:11.0.18]
	at org.apache.catalina.util.LifecycleBase.start(LifecycleBase.java:164) ~[tomcat-embed-core-11.0.18.jar:11.0.18]
	at org.apache.catalina.core.ContainerBase$StartChild.call(ContainerBase.java:1162) ~[tomcat-embed-core-11.0.18.jar:11.0.18]
	at org.apache.catalina.core.ContainerBase$StartChild.call(ContainerBase.java:1158) ~[tomcat-embed-core-11.0.18.jar:11.0.18]
	at java.base/java.util.concurrent.FutureTask.run(FutureTask.java:317) ~[na:na]
	at org.apache.tomcat.util.threads.InlineExecutorService.execute(InlineExecutorService.java:81) ~[tomcat-embed-core-11.0.18.jar:11.0.18]
	at java.base/java.util.concurrent.AbstractExecutorService.submit(AbstractExecutorService.java:145) ~[na:na]
	at org.apache.catalina.core.ContainerBase.startInternal(ContainerBase.java:714) ~[tomcat-embed-core-11.0.18.jar:11.0.18]
	at org.apache.catalina.core.StandardHost.startInternal(StandardHost.java:780) ~[tomcat-embed-core-11.0.18.jar:11.0.18]
	at org.apache.catalina.util.LifecycleBase.start(LifecycleBase.java:164) ~[tomcat-embed-core-11.0.18.jar:11.0.18]
	at org.apache.catalina.core.ContainerBase$StartChild.call(ContainerBase.java:1162) ~[tomcat-embed-core-11.0.18.jar:11.0.18]
	at org.apache.catalina.core.ContainerBase$StartChild.call(ContainerBase.java:1158) ~[tomcat-embed-core-11.0.18.jar:11.0.18]
	at java.base/java.util.concurrent.FutureTask.run(FutureTask.java:317) ~[na:na]
	at org.apache.tomcat.util.threads.InlineExecutorService.execute(InlineExecutorService.java:81) ~[tomcat-embed-core-11.0.18.jar:11.0.18]
	at java.base/java.util.concurrent.AbstractExecutorService.submit(AbstractExecutorService.java:145) ~[na:na]
	at org.apache.catalina.core.ContainerBase.startInternal(ContainerBase.java:714) ~[tomcat-embed-core-11.0.18.jar:11.0.18]
	at org.apache.catalina.core.StandardEngine.startInternal(StandardEngine.java:201) ~[tomcat-embed-core-11.0.18.jar:11.0.18]
	at org.apache.catalina.util.LifecycleBase.start(LifecycleBase.java:164) ~[tomcat-embed-core-11.0.18.jar:11.0.18]
	at org.apache.catalina.core.StandardService.startInternal(StandardService.java:410) ~[tomcat-embed-core-11.0.18.jar:11.0.18]
	at org.apache.catalina.util.LifecycleBase.start(LifecycleBase.java:164) ~[tomcat-embed-core-11.0.18.jar:11.0.18]
	at org.apache.catalina.core.StandardServer.startInternal(StandardServer.java:864) ~[tomcat-embed-core-11.0.18.jar:11.0.18]
	at org.apache.catalina.util.LifecycleBase.start(LifecycleBase.java:164) ~[tomcat-embed-core-11.0.18.jar:11.0.18]
	at org.apache.catalina.startup.Tomcat.start(Tomcat.java:435) ~[tomcat-embed-core-11.0.18.jar:11.0.18]
	at org.springframework.boot.tomcat.TomcatWebServer.initialize(TomcatWebServer.java:131) ~[spring-boot-tomcat-4.0.3.jar:4.0.3]
	... 13 common frames omitted
Caused by: org.springframework.beans.factory.UnsatisfiedDependencyException: Error creating bean with name 'demoUserService' defined in file [D:\JAVA-PROGRAMMING\ProductionJava\E_Commerce_Backend_System\target\classes\com\incture\E_Commerce_Backend_System\service\DemoUserService.class]: Unsatisfied dependency expressed through constructor parameter 0: Error creating bean with name 'userRepository' defined in com.incture.E_Commerce_Backend_System.repository.UserRepository defined in @EnableJpaRepositories declared on DataJpaRepositoriesRegistrar.EnableJpaRepositoriesConfiguration: Cannot resolve reference to bean 'jpaSharedEM_entityManagerFactory' while setting bean property 'entityManager'
	at org.springframework.beans.factory.support.ConstructorResolver.createArgumentArray(ConstructorResolver.java:804) ~[spring-beans-7.0.5.jar:7.0.5]
	at org.springframework.beans.factory.support.ConstructorResolver.autowireConstructor(ConstructorResolver.java:240) ~[spring-beans-7.0.5.jar:7.0.5]
	at org.springframework.beans.factory.support.AbstractAutowireCapableBeanFactory.autowireConstructor(AbstractAutowireCapableBeanFactory.java:1382) ~[spring-beans-7.0.5.jar:7.0.5]
	at org.springframework.beans.factory.support.AbstractAutowireCapableBeanFactory.createBeanInstance(AbstractAutowireCapableBeanFactory.java:1221) ~[spring-beans-7.0.5.jar:7.0.5]
	at org.springframework.beans.factory.support.AbstractAutowireCapableBeanFactory.doCreateBean(AbstractAutowireCapableBeanFactory.java:565) ~[spring-beans-7.0.5.jar:7.0.5]
	at org.springframework.beans.factory.support.AbstractAutowireCapableBeanFactory.createBean(AbstractAutowireCapableBeanFactory.java:525) ~[spring-beans-7.0.5.jar:7.0.5]
	at org.springframework.beans.factory.support.AbstractBeanFactory.lambda$doGetBean$0(AbstractBeanFactory.java:333) ~[spring-beans-7.0.5.jar:7.0.5]
	at org.springframework.beans.factory.support.DefaultSingletonBeanRegistry.getSingleton(DefaultSingletonBeanRegistry.java:371) ~[spring-beans-7.0.5.jar:7.0.5]
	at org.springframework.beans.factory.support.AbstractBeanFactory.doGetBean(AbstractBeanFactory.java:331) ~[spring-beans-7.0.5.jar:7.0.5]
	at org.springframework.beans.factory.support.AbstractBeanFactory.getBean(AbstractBeanFactory.java:201) ~[spring-beans-7.0.5.jar:7.0.5]
	at org.springframework.beans.factory.support.DefaultListableBeanFactory.resolveBean(DefaultListableBeanFactory.java:1225) ~[spring-beans-7.0.5.jar:7.0.5]
	at org.springframework.beans.factory.support.DefaultListableBeanFactory.doResolveDependency(DefaultListableBeanFactory.java:1704) ~[spring-beans-7.0.5.jar:7.0.5]
	at org.springframework.beans.factory.support.DefaultListableBeanFactory.resolveDependency(DefaultListableBeanFactory.java:1651) ~[spring-beans-7.0.5.jar:7.0.5]
	at org.springframework.beans.factory.annotation.AutowiredAnnotationBeanPostProcessor$AutowiredFieldElement.resolveFieldValue(AutowiredAnnotationBeanPostProcessor.java:764) ~[spring-beans-7.0.5.jar:7.0.5]
	... 54 common frames omitted
Caused by: org.springframework.beans.factory.BeanCreationException: Error creating bean with name 'userRepository' defined in com.incture.E_Commerce_Backend_System.repository.UserRepository defined in @EnableJpaRepositories declared on DataJpaRepositoriesRegistrar.EnableJpaRepositoriesConfiguration: Cannot resolve reference to bean 'jpaSharedEM_entityManagerFactory' while setting bean property 'entityManager'
	at org.springframework.beans.factory.support.BeanDefinitionValueResolver.resolveReference(BeanDefinitionValueResolver.java:377) ~[spring-beans-7.0.5.jar:7.0.5]
	at org.springframework.beans.factory.support.BeanDefinitionValueResolver.resolveValueIfNecessary(BeanDefinitionValueResolver.java:135) ~[spring-beans-7.0.5.jar:7.0.5]
	at org.springframework.beans.factory.support.AbstractAutowireCapableBeanFactory.applyPropertyValues(AbstractAutowireCapableBeanFactory.java:1712) ~[spring-beans-7.0.5.jar:7.0.5]
	at org.springframework.beans.factory.support.AbstractAutowireCapableBeanFactory.populateBean(AbstractAutowireCapableBeanFactory.java:1461) ~[spring-beans-7.0.5.jar:7.0.5]
	at org.springframework.beans.factory.support.AbstractAutowireCapableBeanFactory.doCreateBean(AbstractAutowireCapableBeanFactory.java:602) ~[spring-beans-7.0.5.jar:7.0.5]
	at org.springframework.beans.factory.support.AbstractAutowireCapableBeanFactory.createBean(AbstractAutowireCapableBeanFactory.java:525) ~[spring-beans-7.0.5.jar:7.0.5]
	at org.springframework.beans.factory.support.AbstractBeanFactory.lambda$doGetBean$0(AbstractBeanFactory.java:333) ~[spring-beans-7.0.5.jar:7.0.5]
	at org.springframework.beans.factory.support.DefaultSingletonBeanRegistry.getSingleton(DefaultSingletonBeanRegistry.java:371) ~[spring-beans-7.0.5.jar:7.0.5]
	at org.springframework.beans.factory.support.AbstractBeanFactory.doGetBean(AbstractBeanFactory.java:331) ~[spring-beans-7.0.5.jar:7.0.5]
	at org.springframework.beans.factory.support.AbstractBeanFactory.getBean(AbstractBeanFactory.java:201) ~[spring-beans-7.0.5.jar:7.0.5]
	at org.springframework.beans.factory.support.DefaultListableBeanFactory.resolveBean(DefaultListableBeanFactory.java:1225) ~[spring-beans-7.0.5.jar:7.0.5]
	at org.springframework.beans.factory.support.DefaultListableBeanFactory.doResolveDependency(DefaultListableBeanFactory.java:1704) ~[spring-beans-7.0.5.jar:7.0.5]
	at org.springframework.beans.factory.support.DefaultListableBeanFactory.resolveDependency(DefaultListableBeanFactory.java:1651) ~[spring-beans-7.0.5.jar:7.0.5]
	at org.springframework.beans.factory.support.ConstructorResolver.resolveAutowiredArgument(ConstructorResolver.java:912) ~[spring-beans-7.0.5.jar:7.0.5]
	at org.springframework.beans.factory.support.ConstructorResolver.createArgumentArray(ConstructorResolver.java:791) ~[spring-beans-7.0.5.jar:7.0.5]
	... 67 common frames omitted
Caused by: org.springframework.beans.factory.BeanCreationException: Error creating bean with name 'jpaSharedEM_entityManagerFactory': Cannot resolve reference to bean 'entityManagerFactory' while setting constructor argument
	at org.springframework.beans.factory.support.BeanDefinitionValueResolver.resolveReference(BeanDefinitionValueResolver.java:377) ~[spring-beans-7.0.5.jar:7.0.5]
	at org.springframework.beans.factory.support.BeanDefinitionValueResolver.resolveValueIfNecessary(BeanDefinitionValueResolver.java:135) ~[spring-beans-7.0.5.jar:7.0.5]
	at org.springframework.beans.factory.support.ConstructorResolver.resolveConstructorArguments(ConstructorResolver.java:691) ~[spring-beans-7.0.5.jar:7.0.5]
	at org.springframework.beans.factory.support.ConstructorResolver.instantiateUsingFactoryMethod(ConstructorResolver.java:513) ~[spring-beans-7.0.5.jar:7.0.5]
	at org.springframework.beans.factory.support.AbstractAutowireCapableBeanFactory.instantiateUsingFactoryMethod(AbstractAutowireCapableBeanFactory.java:1362) ~[spring-beans-7.0.5.jar:7.0.5]
	at org.springframework.beans.factory.support.AbstractAutowireCapableBeanFactory.createBeanInstance(AbstractAutowireCapableBeanFactory.java:1194) ~[spring-beans-7.0.5.jar:7.0.5]
	at org.springframework.beans.factory.support.AbstractAutowireCapableBeanFactory.doCreateBean(AbstractAutowireCapableBeanFactory.java:565) ~[spring-beans-7.0.5.jar:7.0.5]
	at org.springframework.beans.factory.support.AbstractAutowireCapableBeanFactory.createBean(AbstractAutowireCapableBeanFactory.java:525) ~[spring-beans-7.0.5.jar:7.0.5]
	at org.springframework.beans.factory.support.AbstractBeanFactory.lambda$doGetBean$0(AbstractBeanFactory.java:333) ~[spring-beans-7.0.5.jar:7.0.5]
	at org.springframework.beans.factory.support.DefaultSingletonBeanRegistry.getSingleton(DefaultSingletonBeanRegistry.java:371) ~[spring-beans-7.0.5.jar:7.0.5]
	at org.springframework.beans.factory.support.AbstractBeanFactory.doGetBean(AbstractBeanFactory.java:331) ~[spring-beans-7.0.5.jar:7.0.5]
	at org.springframework.beans.factory.support.AbstractBeanFactory.getBean(AbstractBeanFactory.java:201) ~[spring-beans-7.0.5.jar:7.0.5]
	at org.springframework.beans.factory.support.BeanDefinitionValueResolver.resolveReference(BeanDefinitionValueResolver.java:356) ~[spring-beans-7.0.5.jar:7.0.5]
	... 81 common frames omitted
Caused by: org.springframework.beans.factory.BeanCreationException: Error creating bean with name 'entityManagerFactory' defined in class path resource [org/springframework/boot/hibernate/autoconfigure/HibernateJpaConfiguration.class]: Unable to build Hibernate SessionFactory  [persistence unit: default] ; nested exception is org.hibernate.exception.JDBCConnectionException: Unable to open JDBC Connection for DDL execution [Communications link failure

The last packet sent successfully to the server was 0 milliseconds ago. The driver has not received any packets from the server.] [n/a]
	at org.springframework.beans.factory.support.AbstractAutowireCapableBeanFactory.initializeBean(AbstractAutowireCapableBeanFactory.java:1817) ~[spring-beans-7.0.5.jar:7.0.5]
	at org.springframework.beans.factory.support.AbstractAutowireCapableBeanFactory.doCreateBean(AbstractAutowireCapableBeanFactory.java:603) ~[spring-beans-7.0.5.jar:7.0.5]
	at org.springframework.beans.factory.support.AbstractAutowireCapableBeanFactory.createBean(AbstractAutowireCapableBeanFactory.java:525) ~[spring-beans-7.0.5.jar:7.0.5]
	at org.springframework.beans.factory.support.AbstractBeanFactory.lambda$doGetBean$0(AbstractBeanFactory.java:333) ~[spring-beans-7.0.5.jar:7.0.5]
	at org.springframework.beans.factory.support.DefaultSingletonBeanRegistry.getSingleton(DefaultSingletonBeanRegistry.java:371) ~[spring-beans-7.0.5.jar:7.0.5]
	at org.springframework.beans.factory.support.AbstractBeanFactory.doGetBean(AbstractBeanFactory.java:331) ~[spring-beans-7.0.5.jar:7.0.5]
	at org.springframework.beans.factory.support.AbstractBeanFactory.getBean(AbstractBeanFactory.java:196) ~[spring-beans-7.0.5.jar:7.0.5]
	at org.springframework.beans.factory.support.BeanDefinitionValueResolver.resolveReference(BeanDefinitionValueResolver.java:365) ~[spring-beans-7.0.5.jar:7.0.5]
	... 93 common frames omitted
Caused by: jakarta.persistence.PersistenceException: Unable to build Hibernate SessionFactory  [persistence unit: default] ; nested exception is org.hibernate.exception.JDBCConnectionException: Unable to open JDBC Connection for DDL execution [Communications link failure

The last packet sent successfully to the server was 0 milliseconds ago. The driver has not received any packets from the server.] [n/a]
	at org.springframework.orm.jpa.AbstractEntityManagerFactoryBean.buildNativeEntityManagerFactory(AbstractEntityManagerFactoryBean.java:448) ~[spring-orm-7.0.5.jar:7.0.5]
	at org.springframework.orm.jpa.AbstractEntityManagerFactoryBean.afterPropertiesSet(AbstractEntityManagerFactoryBean.java:411) ~[spring-orm-7.0.5.jar:7.0.5]
	at org.springframework.orm.jpa.LocalContainerEntityManagerFactoryBean.afterPropertiesSet(LocalContainerEntityManagerFactoryBean.java:419) ~[spring-orm-7.0.5.jar:7.0.5]
	at org.springframework.beans.factory.support.AbstractAutowireCapableBeanFactory.invokeInitMethods(AbstractAutowireCapableBeanFactory.java:1864) ~[spring-beans-7.0.5.jar:7.0.5]
	at org.springframework.beans.factory.support.AbstractAutowireCapableBeanFactory.initializeBean(AbstractAutowireCapableBeanFactory.java:1813) ~[spring-beans-7.0.5.jar:7.0.5]
	... 100 common frames omitted
Caused by: org.hibernate.exception.JDBCConnectionException: Unable to open JDBC Connection for DDL execution [Communications link failure

The last packet sent successfully to the server was 0 milliseconds ago. The driver has not received any packets from the server.] [n/a]
	at org.hibernate.exception.internal.SQLStateConversionDelegate.convert(SQLStateConversionDelegate.java:80) ~[hibernate-core-7.2.4.Final.jar:7.2.4.Final]
	at org.hibernate.exception.internal.StandardSQLExceptionConverter.convert(StandardSQLExceptionConverter.java:34) ~[hibernate-core-7.2.4.Final.jar:7.2.4.Final]
	at org.hibernate.engine.jdbc.spi.SqlExceptionHelper.convert(SqlExceptionHelper.java:115) ~[hibernate-core-7.2.4.Final.jar:7.2.4.Final]
	at org.hibernate.engine.jdbc.spi.SqlExceptionHelper.convert(SqlExceptionHelper.java:101) ~[hibernate-core-7.2.4.Final.jar:7.2.4.Final]
	at org.hibernate.resource.transaction.backend.jdbc.internal.DdlTransactionIsolatorNonJtaImpl.getIsolatedConnection(DdlTransactionIsolatorNonJtaImpl.java:71) ~[hibernate-core-7.2.4.Final.jar:7.2.4.Final]
	at org.hibernate.resource.transaction.backend.jdbc.internal.DdlTransactionIsolatorNonJtaImpl.getIsolatedConnection(DdlTransactionIsolatorNonJtaImpl.java:37) ~[hibernate-core-7.2.4.Final.jar:7.2.4.Final]
	at org.hibernate.tool.schema.internal.exec.ImprovedExtractionContextImpl.getJdbcConnection(ImprovedExtractionContextImpl.java:61) ~[hibernate-core-7.2.4.Final.jar:7.2.4.Final]
	at org.hibernate.tool.schema.internal.exec.ImprovedExtractionContextImpl.getJdbcDatabaseMetaData(ImprovedExtractionContextImpl.java:68) ~[hibernate-core-7.2.4.Final.jar:7.2.4.Final]
	at org.hibernate.tool.schema.extract.internal.InformationExtractorJdbcDatabaseMetaDataImpl.getJdbcDatabaseMetaData(InformationExtractorJdbcDatabaseMetaDataImpl.java:38) ~[hibernate-core-7.2.4.Final.jar:7.2.4.Final]
	at org.hibernate.tool.schema.extract.internal.InformationExtractorJdbcDatabaseMetaDataImpl.processTableResultSet(InformationExtractorJdbcDatabaseMetaDataImpl.java:76) ~[hibernate-core-7.2.4.Final.jar:7.2.4.Final]
	at org.hibernate.tool.schema.extract.internal.AbstractInformationExtractorImpl.getTables(AbstractInformationExtractorImpl.java:496) ~[hibernate-core-7.2.4.Final.jar:7.2.4.Final]
	at org.hibernate.tool.schema.extract.internal.DatabaseInformationImpl.getTablesInformation(DatabaseInformationImpl.java:124) ~[hibernate-core-7.2.4.Final.jar:7.2.4.Final]
	at org.hibernate.tool.schema.internal.GroupedSchemaMigratorImpl.performTablesMigration(GroupedSchemaMigratorImpl.java:72) ~[hibernate-core-7.2.4.Final.jar:7.2.4.Final]
	at org.hibernate.tool.schema.internal.AbstractSchemaMigrator.performMigration(AbstractSchemaMigrator.java:220) ~[hibernate-core-7.2.4.Final.jar:7.2.4.Final]
	at org.hibernate.tool.schema.internal.AbstractSchemaMigrator.doMigration(AbstractSchemaMigrator.java:96) ~[hibernate-core-7.2.4.Final.jar:7.2.4.Final]
	at org.hibernate.tool.schema.spi.SchemaManagementToolCoordinator.performDatabaseAction(SchemaManagementToolCoordinator.java:269) ~[hibernate-core-7.2.4.Final.jar:7.2.4.Final]
	at org.hibernate.tool.schema.spi.SchemaManagementToolCoordinator.lambda$process$1(SchemaManagementToolCoordinator.java:101) ~[hibernate-core-7.2.4.Final.jar:7.2.4.Final]
	at java.base/java.util.HashMap.forEach(HashMap.java:1429) ~[na:na]
	at org.hibernate.tool.schema.spi.SchemaManagementToolCoordinator.process(SchemaManagementToolCoordinator.java:100) ~[hibernate-core-7.2.4.Final.jar:7.2.4.Final]
	at org.hibernate.boot.internal.SessionFactoryObserverForSchemaExport.sessionFactoryCreated(SessionFactoryObserverForSchemaExport.java:35) ~[hibernate-core-7.2.4.Final.jar:7.2.4.Final]
	at org.hibernate.internal.SessionFactoryObserverChain.sessionFactoryCreated(SessionFactoryObserverChain.java:33) ~[hibernate-core-7.2.4.Final.jar:7.2.4.Final]
	at org.hibernate.internal.SessionFactoryImpl.<init>(SessionFactoryImpl.java:323) ~[hibernate-core-7.2.4.Final.jar:7.2.4.Final]
	at org.hibernate.internal.SessionFactoryRegistry.instantiateSessionFactory(SessionFactoryRegistry.java:64) ~[hibernate-core-7.2.4.Final.jar:7.2.4.Final]
	at org.hibernate.boot.internal.SessionFactoryBuilderImpl.build(SessionFactoryBuilderImpl.java:437) ~[hibernate-core-7.2.4.Final.jar:7.2.4.Final]
	at org.hibernate.jpa.boot.internal.EntityManagerFactoryBuilderImpl.build(EntityManagerFactoryBuilderImpl.java:1456) ~[hibernate-core-7.2.4.Final.jar:7.2.4.Final]
	at org.springframework.orm.jpa.vendor.SpringHibernateJpaPersistenceProvider.createContainerEntityManagerFactory(SpringHibernateJpaPersistenceProvider.java:93) ~[spring-orm-7.0.5.jar:7.0.5]
	at org.springframework.orm.jpa.LocalContainerEntityManagerFactoryBean.createNativeEntityManagerFactory(LocalContainerEntityManagerFactoryBean.java:443) ~[spring-orm-7.0.5.jar:7.0.5]
	at org.springframework.orm.jpa.AbstractEntityManagerFactoryBean.buildNativeEntityManagerFactory(AbstractEntityManagerFactoryBean.java:436) ~[spring-orm-7.0.5.jar:7.0.5]
	... 104 common frames omitted
Caused by: com.mysql.cj.jdbc.exceptions.CommunicationsException: Communications link failure

The last packet sent successfully to the server was 0 milliseconds ago. The driver has not received any packets from the server.
	at com.mysql.cj.jdbc.exceptions.SQLError.createCommunicationsException(SQLError.java:165) ~[mysql-connector-j-9.6.0.jar:9.6.0]
	at com.mysql.cj.jdbc.exceptions.SQLExceptionsMapping.translateException(SQLExceptionsMapping.java:55) ~[mysql-connector-j-9.6.0.jar:9.6.0]
	at com.mysql.cj.jdbc.ConnectionImpl.createNewIO(ConnectionImpl.java:840) ~[mysql-connector-j-9.6.0.jar:9.6.0]
	at com.mysql.cj.jdbc.ConnectionImpl.<init>(ConnectionImpl.java:416) ~[mysql-connector-j-9.6.0.jar:9.6.0]
	at com.mysql.cj.jdbc.ConnectionImpl.getInstance(ConnectionImpl.java:237) ~[mysql-connector-j-9.6.0.jar:9.6.0]
	at com.mysql.cj.jdbc.NonRegisteringDriver.connect(NonRegisteringDriver.java:180) ~[mysql-connector-j-9.6.0.jar:9.6.0]
	at com.zaxxer.hikari.util.DriverDataSource.getConnection(DriverDataSource.java:144) ~[HikariCP-7.0.2.jar:na]
	at com.zaxxer.hikari.pool.PoolBase.newConnection(PoolBase.java:373) ~[HikariCP-7.0.2.jar:na]
	at com.zaxxer.hikari.pool.PoolBase.newPoolEntry(PoolBase.java:210) ~[HikariCP-7.0.2.jar:na]
	at com.zaxxer.hikari.pool.HikariPool.createPoolEntry(HikariPool.java:488) ~[HikariCP-7.0.2.jar:na]
	at com.zaxxer.hikari.pool.HikariPool.checkFailFast(HikariPool.java:576) ~[HikariCP-7.0.2.jar:na]
	at com.zaxxer.hikari.pool.HikariPool.<init>(HikariPool.java:97) ~[HikariCP-7.0.2.jar:na]
	at com.zaxxer.hikari.HikariDataSource.getConnection(HikariDataSource.java:111) ~[HikariCP-7.0.2.jar:na]
	at org.hibernate.engine.jdbc.connections.internal.DataSourceConnectionProvider.getConnection(DataSourceConnectionProvider.java:137) ~[hibernate-core-7.2.4.Final.jar:7.2.4.Final]
	at org.hibernate.engine.jdbc.env.internal.JdbcEnvironmentInitiator$ConnectionProviderJdbcConnectionAccess.obtainConnection(JdbcEnvironmentInitiator.java:508) ~[hibernate-core-7.2.4.Final.jar:7.2.4.Final]
	at org.hibernate.resource.transaction.backend.jdbc.internal.DdlTransactionIsolatorNonJtaImpl.getIsolatedConnection(DdlTransactionIsolatorNonJtaImpl.java:44) ~[hibernate-core-7.2.4.Final.jar:7.2.4.Final]
	... 127 common frames omitted
Caused by: com.mysql.cj.exceptions.CJCommunicationsException: Communications link failure

The last packet sent successfully to the server was 0 milliseconds ago. The driver has not received any packets from the server.
	at java.base/jdk.internal.reflect.DirectConstructorHandleAccessor.newInstance(DirectConstructorHandleAccessor.java:62) ~[na:na]
	at java.base/java.lang.reflect.Constructor.newInstanceWithCaller(Constructor.java:502) ~[na:na]
	at java.base/java.lang.reflect.Constructor.newInstance(Constructor.java:486) ~[na:na]
	at com.mysql.cj.exceptions.ExceptionFactory.createException(ExceptionFactory.java:52) ~[mysql-connector-j-9.6.0.jar:9.6.0]
	at com.mysql.cj.exceptions.ExceptionFactory.createException(ExceptionFactory.java:95) ~[mysql-connector-j-9.6.0.jar:9.6.0]
	at com.mysql.cj.exceptions.ExceptionFactory.createException(ExceptionFactory.java:140) ~[mysql-connector-j-9.6.0.jar:9.6.0]
	at com.mysql.cj.exceptions.ExceptionFactory.createCommunicationsException(ExceptionFactory.java:156) ~[mysql-connector-j-9.6.0.jar:9.6.0]
	at com.mysql.cj.protocol.a.NativeSocketConnection.connect(NativeSocketConnection.java:79) ~[mysql-connector-j-9.6.0.jar:9.6.0]
	at com.mysql.cj.NativeSession.connect(NativeSession.java:142) ~[mysql-connector-j-9.6.0.jar:9.6.0]
	at com.mysql.cj.jdbc.ConnectionImpl.connectOneTryOnly(ConnectionImpl.java:964) ~[mysql-connector-j-9.6.0.jar:9.6.0]
	at com.mysql.cj.jdbc.ConnectionImpl.createNewIO(ConnectionImpl.java:828) ~[mysql-connector-j-9.6.0.jar:9.6.0]
	... 140 common frames omitted
Caused by: java.net.ConnectException: Connection refused: getsockopt
	at java.base/sun.nio.ch.Net.pollConnect(Native Method) ~[na:na]
	at java.base/sun.nio.ch.Net.pollConnectNow(Net.java:682) ~[na:na]
	at java.base/sun.nio.ch.NioSocketImpl.timedFinishConnect(NioSocketImpl.java:542) ~[na:na]
	at java.base/sun.nio.ch.NioSocketImpl.connect(NioSocketImpl.java:592) ~[na:na]
	at java.base/java.net.SocksSocketImpl.connect(SocksSocketImpl.java:327) ~[na:na]
	at java.base/java.net.Socket.connect(Socket.java:751) ~[na:na]
	at com.mysql.cj.protocol.StandardSocketFactory.connect(StandardSocketFactory.java:144) ~[mysql-connector-j-9.6.0.jar:9.6.0]
	at com.mysql.cj.protocol.a.NativeSocketConnection.connect(NativeSocketConnection.java:53) ~[mysql-connector-j-9.6.0.jar:9.6.0]
	... 143 common frames omitted

2026-03-16T23:23:37.413+05:30  INFO 6604 --- [E_Commerce_Backend_System] [main] c.i.E.ECommerceBackendSystemApplication  : Starting ECommerceBackendSystemApplication using Java 21.0.9 with PID 6604 (D:\JAVA-PROGRAMMING\ProductionJava\E_Commerce_Backend_System\target\classes started by rkjra in D:\JAVA-PROGRAMMING\ProductionJava\E_Commerce_Backend_System)
2026-03-16T23:23:37.419+05:30  INFO 6604 --- [E_Commerce_Backend_System] [main] c.i.E.ECommerceBackendSystemApplication  : No active profile set, falling back to 1 default profile: "default"
2026-03-16T23:23:49.062+05:30  INFO 19424 --- [E_Commerce_Backend_System] [main] c.i.E.ECommerceBackendSystemApplication  : Starting ECommerceBackendSystemApplication using Java 21.0.9 with PID 19424 (D:\JAVA-PROGRAMMING\ProductionJava\E_Commerce_Backend_System\target\classes started by rkjra in D:\JAVA-PROGRAMMING\ProductionJava\E_Commerce_Backend_System)
2026-03-16T23:23:49.065+05:30  INFO 19424 --- [E_Commerce_Backend_System] [main] c.i.E.ECommerceBackendSystemApplication  : No active profile set, falling back to 1 default profile: "default"
2026-03-16T23:23:49.796+05:30  INFO 19424 --- [E_Commerce_Backend_System] [main] .s.d.r.c.RepositoryConfigurationDelegate : Bootstrapping Spring Data JPA repositories in DEFAULT mode.
2026-03-16T23:23:49.856+05:30  INFO 19424 --- [E_Commerce_Backend_System] [main] .s.d.r.c.RepositoryConfigurationDelegate : Finished Spring Data repository scanning in 49 ms. Found 6 JPA repository interfaces.
2026-03-16T23:23:50.345+05:30  INFO 19424 --- [E_Commerce_Backend_System] [main] o.s.boot.tomcat.TomcatWebServer          : Tomcat initialized with port 8080 (http)
2026-03-16T23:23:50.357+05:30  INFO 19424 --- [E_Commerce_Backend_System] [main] o.apache.catalina.core.StandardService   : Starting service [Tomcat]
2026-03-16T23:23:50.357+05:30  INFO 19424 --- [E_Commerce_Backend_System] [main] o.apache.catalina.core.StandardEngine    : Starting Servlet engine: [Apache Tomcat/11.0.18]
2026-03-16T23:23:50.405+05:30  INFO 19424 --- [E_Commerce_Backend_System] [main] b.w.c.s.WebApplicationContextInitializer : Root WebApplicationContext: initialization completed in 1289 ms
2026-03-16T23:23:50.537+05:30  INFO 19424 --- [E_Commerce_Backend_System] [main] org.hibernate.orm.jpa                    : HHH008540: Processing PersistenceUnitInfo [name: default]
2026-03-16T23:23:50.577+05:30  INFO 19424 --- [E_Commerce_Backend_System] [main] org.hibernate.orm.core                   : HHH000001: Hibernate ORM core version 7.2.4.Final
2026-03-16T23:23:50.928+05:30  INFO 19424 --- [E_Commerce_Backend_System] [main] o.s.o.j.p.SpringPersistenceUnitInfo      : No LoadTimeWeaver setup: ignoring JPA class transformer
2026-03-16T23:23:50.954+05:30  INFO 19424 --- [E_Commerce_Backend_System] [main] com.zaxxer.hikari.HikariDataSource       : ECommerceBackendSystemApplication - Starting...
2026-03-16T23:23:51.473+05:30  INFO 19424 --- [E_Commerce_Backend_System] [main] com.zaxxer.hikari.pool.HikariPool        : ECommerceBackendSystemApplication - Added connection com.mysql.cj.jdbc.ConnectionImpl@5d20195b
2026-03-16T23:23:51.475+05:30  INFO 19424 --- [E_Commerce_Backend_System] [main] com.zaxxer.hikari.HikariDataSource       : ECommerceBackendSystemApplication - Start completed.
2026-03-16T23:23:51.594+05:30  WARN 19424 --- [E_Commerce_Backend_System] [main] org.hibernate.orm.deprecation            : HHH90000025: MySQLDialect does not need to be specified explicitly using 'hibernate.dialect' (remove the property setting and it will be selected by default)
2026-03-16T23:23:51.618+05:30  INFO 19424 --- [E_Commerce_Backend_System] [main] org.hibernate.orm.connections.pooling    : HHH10001005: Database info:
	Database JDBC URL [jdbc:mysql://localhost:3306/inctureECommerceDatabase]
	Database driver: MySQL Connector/J
	Database dialect: MySQLDialect
	Database version: 8.0.34
	Default catalog/schema: inctureECommerceDatabase/undefined
	Autocommit mode: undefined/unknown
	Isolation level: REPEATABLE_READ [default REPEATABLE_READ]
	JDBC fetch size: none
	Pool: DataSourceConnectionProvider
	Minimum pool size: undefined/unknown
	Maximum pool size: undefined/unknown
2026-03-16T23:23:52.562+05:30  INFO 19424 --- [E_Commerce_Backend_System] [main] org.hibernate.orm.core                   : HHH000489: No JTA platform available (set 'hibernate.transaction.jta.platform' to enable JTA platform integration)
2026-03-16T23:23:52.686+05:30  INFO 19424 --- [E_Commerce_Backend_System] [main] j.LocalContainerEntityManagerFactoryBean : Initialized JPA EntityManagerFactory for persistence unit 'default'
2026-03-16T23:23:52.786+05:30  INFO 19424 --- [E_Commerce_Backend_System] [main] o.s.d.j.r.query.QueryEnhancerFactories   : Hibernate is in classpath; If applicable, HQL parser will be used.
2026-03-16T23:23:53.865+05:30  INFO 19424 --- [E_Commerce_Backend_System] [main] eAuthenticationProviderManagerConfigurer : Global AuthenticationManager configured with AuthenticationProvider bean with name authenticationProvider
2026-03-16T23:23:53.865+05:30  WARN 19424 --- [E_Commerce_Backend_System] [main] r$InitializeUserDetailsManagerConfigurer : Global AuthenticationManager configured with an AuthenticationProvider bean. UserDetailsService beans will not be used by Spring Security for automatically configuring username/password login. Consider removing the AuthenticationProvider bean. Alternatively, consider using the UserDetailsService in a manually instantiated DaoAuthenticationProvider. If the current configuration is intentional, to turn off this warning, increase the logging level of 'org.springframework.security.config.annotation.authentication.configuration.InitializeUserDetailsBeanManagerConfigurer' to ERROR
2026-03-16T23:23:53.988+05:30  WARN 19424 --- [E_Commerce_Backend_System] [main] JpaBaseConfiguration$JpaWebConfiguration : spring.jpa.open-in-view is enabled by default. Therefore, database queries may be performed during view rendering. Explicitly configure spring.jpa.open-in-view to disable this warning
2026-03-16T23:23:54.291+05:30  INFO 19424 --- [E_Commerce_Backend_System] [main] o.s.v.b.OptionalValidatorFactoryBean     : Failed to set up a Bean Validation provider: jakarta.validation.NoProviderFoundException: Unable to create a Configuration, because no Jakarta Validation provider could be found. Add a provider like Hibernate Validator (RI) to your classpath.
2026-03-16T23:23:54.823+05:30  INFO 19424 --- [E_Commerce_Backend_System] [main] o.s.boot.tomcat.TomcatWebServer          : Tomcat started on port 8080 (http) with context path '/'
2026-03-16T23:23:54.830+05:30  INFO 19424 --- [E_Commerce_Backend_System] [main] c.i.E.ECommerceBackendSystemApplication  : Started ECommerceBackendSystemApplication in 6.149 seconds (process running for 6.789)
2026-03-16T23:25:08.614+05:30  INFO 19424 --- [E_Commerce_Backend_System] [http-nio-8080-exec-3] o.a.c.c.C.[Tomcat].[localhost].[/]       : Initializing Spring DispatcherServlet 'dispatcherServlet'
2026-03-16T23:25:08.615+05:30  INFO 19424 --- [E_Commerce_Backend_System] [http-nio-8080-exec-3] o.s.web.servlet.DispatcherServlet        : Initializing Servlet 'dispatcherServlet'
2026-03-16T23:25:08.620+05:30  INFO 19424 --- [E_Commerce_Backend_System] [http-nio-8080-exec-3] o.s.web.servlet.DispatcherServlet        : Completed initialization in 4 ms
2026-03-16T23:25:08.867+05:30  INFO 19424 --- [E_Commerce_Backend_System] [http-nio-8080-exec-3] c.i.E.controller.UserController          : Received request to register a new user.
2026-03-16T23:25:09.413+05:30 DEBUG 19424 --- [E_Commerce_Backend_System] [http-nio-8080-exec-3] c.i.E.service.UserService                : Attempting to save new user 'Rahul' to the database.
2026-03-16T23:25:09.884+05:30 DEBUG 19424 --- [E_Commerce_Backend_System] [http-nio-8080-exec-3] c.i.E.service.UserService                : Successfully saved user 'Rahul' with new ID: 502
2026-03-16T23:25:09.896+05:30  INFO 19424 --- [E_Commerce_Backend_System] [http-nio-8080-exec-3] c.i.E.controller.UserController          : User 'Rahul' registered successfully with ID: 502
2026-03-16T23:33:22.244+05:30  INFO 19424 --- [E_Commerce_Backend_System] [http-nio-8080-exec-5] c.i.E.controller.UserController          : Received login request for user: Rajesh
2026-03-16T23:33:22.318+05:30 DEBUG 19424 --- [E_Commerce_Backend_System] [http-nio-8080-exec-5] c.i.E.service.UserService                : Attempting to authenticate credentials for user: 'Rajesh'
2026-03-16T23:33:24.048+05:30 DEBUG 19424 --- [E_Commerce_Backend_System] [http-nio-8080-exec-5] c.i.E.service.DemoUserService            : Attempting to load user details for username: 'Rajesh'
2026-03-16T23:33:24.434+05:30 DEBUG 19424 --- [E_Commerce_Backend_System] [http-nio-8080-exec-5] c.i.E.service.DemoUserService            : Successfully loaded user details for username: 'Rajesh'
2026-03-16T23:33:26.417+05:30 DEBUG 19424 --- [E_Commerce_Backend_System] [http-nio-8080-exec-5] c.i.E.service.UserService                : Authentication successful for user: 'Rajesh'. Generating JWT...
2026-03-16T23:33:26.804+05:30  INFO 19424 --- [E_Commerce_Backend_System] [http-nio-8080-exec-5] c.i.E.controller.UserController          : User 'Rajesh' logged in successfully.
2026-03-16T23:41:01.105+05:30  INFO 19424 --- [E_Commerce_Backend_System] [http-nio-8080-exec-8] c.i.E.controller.UserController          : Received login request for user: Rajesh
2026-03-16T23:41:01.109+05:30 DEBUG 19424 --- [E_Commerce_Backend_System] [http-nio-8080-exec-8] c.i.E.service.UserService                : Attempting to authenticate credentials for user: 'Rajesh'
2026-03-16T23:41:01.113+05:30 DEBUG 19424 --- [E_Commerce_Backend_System] [http-nio-8080-exec-8] c.i.E.service.DemoUserService            : Attempting to load user details for username: 'Rajesh'
2026-03-16T23:41:01.130+05:30 DEBUG 19424 --- [E_Commerce_Backend_System] [http-nio-8080-exec-8] c.i.E.service.DemoUserService            : Successfully loaded user details for username: 'Rajesh'
2026-03-16T23:41:02.657+05:30 DEBUG 19424 --- [E_Commerce_Backend_System] [http-nio-8080-exec-8] c.i.E.service.UserService                : Authentication successful for user: 'Rajesh'. Generating JWT...
2026-03-16T23:41:02.657+05:30  INFO 19424 --- [E_Commerce_Backend_System] [http-nio-8080-exec-8] c.i.E.controller.UserController          : User 'Rajesh' logged in successfully.
2026-03-16T23:41:27.399+05:30 DEBUG 19424 --- [E_Commerce_Backend_System] [http-nio-8080-exec-10] c.i.E.service.DemoUserService            : Attempting to load user details for username: 'Rajesh'
2026-03-16T23:41:27.407+05:30 DEBUG 19424 --- [E_Commerce_Backend_System] [http-nio-8080-exec-10] c.i.E.service.DemoUserService            : Successfully loaded user details for username: 'Rajesh'
2026-03-16T23:41:27.443+05:30  INFO 19424 --- [E_Commerce_Backend_System] [http-nio-8080-exec-10] c.i.E.controller.UserController          : Received request to fetch all users.
2026-03-16T23:41:27.445+05:30 DEBUG 19424 --- [E_Commerce_Backend_System] [http-nio-8080-exec-10] c.i.E.service.UserService                : Attempting to fetch all users from the database.
2026-03-16T23:41:27.670+05:30 DEBUG 19424 --- [E_Commerce_Backend_System] [http-nio-8080-exec-10] c.i.E.service.UserService                : Successfully fetched and mapped 8 users.
2026-03-16T23:41:27.671+05:30  INFO 19424 --- [E_Commerce_Backend_System] [http-nio-8080-exec-10] c.i.E.controller.UserController          : Successfully fetched 8 users.
2026-03-16T23:45:40.719+05:30 DEBUG 19424 --- [E_Commerce_Backend_System] [http-nio-8080-exec-3] c.i.E.service.DemoUserService            : Attempting to load user details for username: 'Rajesh'
2026-03-16T23:45:40.771+05:30 DEBUG 19424 --- [E_Commerce_Backend_System] [http-nio-8080-exec-3] c.i.E.service.DemoUserService            : Successfully loaded user details for username: 'Rajesh'
2026-03-16T23:45:40.841+05:30  INFO 19424 --- [E_Commerce_Backend_System] [http-nio-8080-exec-3] c.i.E.controller.UserController          : Received request to fetch details for user ID: 502
2026-03-16T23:45:40.843+05:30 DEBUG 19424 --- [E_Commerce_Backend_System] [http-nio-8080-exec-3] c.i.E.service.UserService                : Attempting to fetch details for user ID: 502
2026-03-16T23:45:40.943+05:30 DEBUG 19424 --- [E_Commerce_Backend_System] [http-nio-8080-exec-3] c.i.E.service.UserService                : Sanitizing response: Masking cart data from non-owner view.
2026-03-16T23:45:40.943+05:30 DEBUG 19424 --- [E_Commerce_Backend_System] [http-nio-8080-exec-3] c.i.E.service.UserService                : Successfully fetched details for user ID: 502
2026-03-16T23:45:40.943+05:30  INFO 19424 --- [E_Commerce_Backend_System] [http-nio-8080-exec-3] c.i.E.controller.UserController          : Successfully fetched details for user ID: 502
